rid,binaryID
1,11101111111111111011010001001010001000000100000000000000000001001000000000000000000000000000
2,1110111111111111101101000100101000100000010000000000000000000100100000000000000000000000000
3,111011111111111110110100010010100010000001000000000000000000010010000000000000000000000000
4,11101111111111111011010001001010001000000100000000000000000001001000000000000000000000000
5,1110111111111111101101000100101000100000010000000000000000000100100000000000000000000000
6,111011111111111110110100010010100010000001000000000000000000010010000000000000000000000
7,11101111111111111011010001001010001000000100000000000000000001001000000000000000000000
8,1110111111111111101101000100101000100000010000000000000000000100100000000000000000000
9,111011111111111110110100010010100010000001000000000000000000010010000000000000000000
10,11101111111111111011010001001010001000000100000000000000000001001000000000000000000
11,1110111111111111101101000100101000100000010000000000000000000100100000000000000000
12,111011111111111110110100010010100010000001000000000000000000010010000000000000000
13,11101111111111111011010001001010001000000100000000000000000001001000000000000000
14,1110111111111111101101000100101000100000010000000000000000000100100000000000000
15,111011111111111110110100010010100010000001000000000000000000010010000000000000
16,11101111111111111011010001001010001000000100000000000000000001001000000000000
17,1110111111111111101101000100101000100000010000000000000000000100100000000000
18,111011111111111110110100010010100010000001000000000000000000010010000000000
19,11101111111111111011010001001010001000000100000000000000000001001000000000
20,1110111111111111101101000100101000100000010000000000000000000100100000000
21,111011111111111110110100010010100010000001000000000000000000010010000000
22,11101111111111111011010001001010001000000100000000000000000001001000000
23,1110111111111111101101000100101000100000010000000000000000000100100000
24,111011111111111110110100010010100010000001000000000000000000010010000
25,11101111111111111011010001001010001000000100000000000000000001001000
26,1110111111111111101101000100101000100000010000000000000000000100100
27,111011111111111110110100010010100010000001000000000000000000010010
28,11101111111111111011010001001010001000000100000000000000000001001
29,1110111111111111101101000100101000100000010000000000000000000100
30,1110111111111111101101000100101000100000010000000000000000000
31,111011111111111110110100010010100010000001000000000000000000
32,11101111111111111011010001001010001000000100000000000000000
33,1110111111111111101101000100101000100000010000000000000000
34,111011111111111110110100010010100010000001000000000000000
35,11101111111111111011010001001010001000000100000000000000
36,1110111111111111101101000100101000100000010000000000000
37,111011111111111110110100010010100010000001000000000000
38,11101111111111111011010001001010001000000100000000000
39,1110111111111111101101000100101000100000010000000000
40,111011111111111110110100010010100010000001000000000
41,11101111111111111011010001001010001000000100000000
42,1110111111111111101101000100101000100000010000000
43,111011111111111110110100010010100010000001000000
44,11101111111111111011010001001010001000000100000
45,1110111111111111101101000100101000100000010000
46,111011111111111110110100010010100010000001000
47,11101111111111111011010001001010001000000100
48,1110111111111111101101000100101000100000010
49,111011111111111110110100010010100010000001
50,11101111111111111011010001001010001000000
51,1110111111111111101101000100101000100000
52,111011111111111110110100010010100010000
53,11101111111111111011010001001010001000
54,1110111111111111101101000100101000100
55,111011111111111110110100010010100010
56,1110111111111111101101000100101000
57,111011111111111110110100010010100
58,11101111111111111011010001001010
59,1110111111111111101101000100101
60,111011111111111110110100010010
61,1110111111111111101101000100
62,111011111111111110110100010
63,11101111111111111011010001
64,1110111111111111101101000
65,111011111111111110110100
66,11101111111111111011010
67,111011111111111110110
69,111011111111111110110100010010100010000001000000000000000000010010000000000000000000000100
70,11101111111111111011010001001010001000000100000000000000000001001000000000000000000000010
71,1110111111111111101101000100101000100000010000000000000000000100100000000000000000000001
72,1110111111111111101101000100101000100000010000000000000000000100100001000000000
73,111011111111111110110100010010100010000001000000000000000000010010000100000000
74,11101111111111111011010001001010001000000100000000000000000001001000010000000
75,1110111111111111101101000100101000100000010000000000000000000100100001000000
76,111011111111111110110100010010100010000001000000000000000000010010000100000
77,11101111111111111011010001001010001000000100000000000000000001001000010000
78,1110111111111111101101000100101000100000010000000000000000000100100001000
79,111011111111111110110100010010100010000001000000000000000000010010000100
80,11101111111111111011010001001010001000000100000000000000000001001000010
81,1110111111111111101101000100101000100000010000000000000000000100100001
82,1110111111111111101101000100101000100000010000000000000000000101000000000000000000
83,111011111111111110110100010010100010000001000000000000000000010100000000000000000
84,11101111111111111011010001001010001000000100000000000000000001010000000000000000
85,1110111111111111101101000100101000100000010000000000000000000101000000000000000
86,111011111111111110110100010010100010000001000000000000000000010100000000000000
87,11101111111111111011010001001010001000000100000000000000000001010000000000000
88,1110111111111111101101000100101000100000010000000000000000000101000000000000
89,111011111111111110110100010010100010000001000000000000000000010100000000000
90,11101111111111111011010001001010001000000100000000000000000001010000000000
91,1110111111111111101101000100101000100000010000000000000000000101000000000
92,111011111111111110110100010010100010000001000000000000000000010100000000
93,11101111111111111011010001001010001000000100000000000000000001010000000
94,1110111111111111101101000100101000100000010000000000000000000101000000
95,111011111111111110110100010010100010000001000000000000000000010100000
96,11101111111111111011010001001010001000000100000000000000000001010000
97,1110111111111111101101000100101000100000010000000000000000000101000
98,111011111111111110110100010010100010000001000000000000000000010100
99,11101111111111111011010001001010001000000100000000000000000001010
100,111011111111111110110100010010100010000001000000000000000000010
101,11101111111111111011010001001010001000000100000000000000000001
102,111011111111111110110100010010100010000001000000000000000000010100000000000000001000
103,11101111111111111011010001001010001000000100000000000000000001010000000000000000100
104,1110111111111111101101000100101000100000010000000000000000000101000000000000000010
105,111011111111111110110100010010100010000001000000000000000000010100000000000000001
106,111011111111111110110100010010100010000001000000000000000000010010000000000000000000000101
107,11101111111111111011010001001010001000000100000000000000000001001000000000000000000000000001
108,1110111111111111101101000100101000100000010000000000000000000100100001000000001
109,111011111111111110110100010010100010000001000000000000000000010100000000000000001001
110,1110111111111111101101000100101000100000010000000000000000000100100000000000000000000000001
111,1110111111111111101101000100101000100000010000000000000000000100100001000001
112,111011111111111110110100010010100010000001000000000000000000010010000000000000000000000001
113,11101111111111111011010001001010001000000100000000000000000001001000000000000000000000011
114,11101111111111111011010001001010001000000100000000000000000001001000010000001
115,11101111111111111011010001001010001000000100000000000000000001010000000000000000101
116,1110111111111111101010000000000000000000000000000000000000000000000000000000000000000000000000
117,111011111111111110101000000000000000000000000000000000000000000000000000000000000000000000000
118,11101111111111111010100000000000000000000000000000000000000000000000000000000000000000000000
119,1110111111111111101010000000000000000000000000000000000000000000000000000000000000000000000
120,111011111111111110101000000000000000000000000000000000000000000000000000000000000000000000
121,11101111111111111010100000000000000000000000000000000000000000000000000000000000000000000
122,1110111111111111101010000000000000000000000000000000000000000000000000000000000000000000
123,111011111111111110101000000000000000000000000000000000000000000000000000000000000000000
124,11101111111111111010100000000000000000000000000000000000000000000000000000000000000000
125,1110111111111111101010000000000000000000000000000000000000000000000000000000000000000
126,111011111111111110101000000000000000000000000000000000000000000000000000000000000000
127,11101111111111111010100000000000000000000000000000000000000000000000000000000000000
128,1110111111111111101010000000000000000000000000000000000000000000000000000000000000
129,111011111111111110101000000000000000000000000000000000000000000000000000000000000
130,11101111111111111010100000000000000000000000000000000000000000000000000000000000
131,1110111111111111101010000000000000000000000000000000000000000000000000000000000
132,111011111111111110101000000000000000000000000000000000000000000000000000000000
133,11101111111111111010100000000000000000000000000000000000000000000000000000000
134,1110111111111111101010000000000000000000000000000000000000000000000000000000
135,111011111111111110101000000000000000000000000000000000000000000000000000000
136,11101111111111111010100000000000000000000000000000000000000000000000000000
137,1110111111111111101010000000000000000000000000000000000000000000000000000
138,111011111111111110101000000000000000000000000000000000000000000000000000
139,11101111111111111010100000000000000000000000000000000000000000000000000
140,1110111111111111101010000000000000000000000000000000000000000000000000
141,111011111111111110101000000000000000000000000000000000000000000000000
142,11101111111111111010100000000000000000000000000000000000000000000000
143,1110111111111111101010000000000000000000000000000000000000000000000
144,111011111111111110101000000000000000000000000000000000000000000000
145,11101111111111111010100000000000000000000000000000000000000000000
146,1110111111111111101010000000000000000000000000000000000000000000
147,111011111111111110101000000000000000000000000000000000000000000
148,11101111111111111010100000000000000000000000000000000000000000
149,1110111111111111101010000000000000000000000000000000000000000
150,111011111111111110101000000000000000000000000000000000000000
151,11101111111111111010100000000000000000000000000000000000000
152,1110111111111111101010000000000000000000000000000000000000
153,111011111111111110101000000000000000000000000000000000000
154,11101111111111111010100000000000000000000000000000000000
155,1110111111111111101010000000000000000000000000000000000
156,111011111111111110101000000000000000000000000000000000
157,11101111111111111010100000000000000000000000000000000
158,1110111111111111101010000000000000000000000000000000
159,111011111111111110101000000000000000000000000000000
160,11101111111111111010100000000000000000000000000000
161,1110111111111111101010000000000000000000000000000
162,111011111111111110101000000000000000000000000000
163,11101111111111111010100000000000000000000000000
164,1110111111111111101010000000000000000000000000
165,111011111111111110101000000000000000000000000
166,11101111111111111010100000000000000000000000
167,1110111111111111101010000000000000000000000
168,111011111111111110101000000000000000000000
169,11101111111111111010100000000000000000000
170,1110111111111111101010000000000000000000
171,111011111111111110101000000000000000000
172,11101111111111111010100000000000000000
173,1110111111111111101010000000000000000
174,111011111111111110101000000000000000
175,11101111111111111010100000000000000
176,1110111111111111101010000000000000
177,111011111111111110101000000000000
178,11101111111111111010100000000000
179,1110111111111111101010000000000
180,111011111111111110101000000000
181,11101111111111111010100000000
182,1110111111111111101010000000
183,111011111111111110101000000
184,11101111111111111010100000
185,1110111111111111101010000
186,111011111111111110101000
187,11101111111111111010100
188,1110111111111111101010
189,1110
190,11101111111111111011010001001010001000000100000000000000000001001000000000000000000000001
191,1110111111111111101101000100101000100000010000000000000000000101000000000000000011
192,111011111111111110110100010010100010000001000000000000000000010010000000000000000000001
193,1110111111111111101010000000000000000000000000000000000000000000000000000000000000000000000100
194,111011111111111110101000000000000000000000000000000000000000000000000000000000000000000000010
195,11101111111111111010100000000000000000000000000000000000000000000000000000000000000000000001
196,11101111111111111011010001001010001000000100000000000000000001001000000000000000000001
197,11101111111111111011010001001010001000000100000000000000000001010000000000000000010
198,1110111111111111101101000100101000100000010000000000000000000101000000000000000001
199,1110111111111111101010000000000000000000000000000000000000000000000000000000000000000000000001
200,11101111111111111011010001001010001000000100000000000000000001001000010001
201,11101111111111111011010001001010001000000100000000000000000001001000000000000000001
202,11101111111111111010100000000000000000000000000000000000000000000000000000000000000000000001010
203,1110111111111111101010000000000000000000000000000000000000000000000000000000000000000000000101
204,1110111111111111101101000100101000100000010000000000000000000100100000000001000
205,111011111111111110110100010010100010000001000000000000000000010010000000000100
206,11101111111111111011010001001010001000000100000000000000000001001000000000010
207,1110111111111111101101000100101000100000010000000000000000000100100000000001
208,111011111111111110110100010010100010000001000000000000000000010010000100000001
209,111011111111111110110100010010100010000001000000000000000000010010000000000000000000100
210,11101111111111111011010001001010001000000100000000000000000001001000000000000000000010
211,1110111111111111101101000100101000100000010000000000000000000100100000000000000000001
212,11101111111111111011010001001010001000000100000000000000000001010000000000000001
213,111011111111111110110100010010100010000001000000000000000000010100000000000001
214,111011111111111110110100010010100010000001000000000000000000010010000000000000000000101
215,111011111111111110110100010010100010000001000000000000000000010010000100001
216,111011111111111110110100010010100010000001000000000000000000010010000000000000000001
217,1110111111111111101101000100101000100000010000000000000000000100100000000001001
218,11101111111111111011010001001010001000000100000000000000000001010000000000001
219,1110111111111111101101000100101000100000010000000000000000000101000000000000000001100
220,111011111111111110110100010010100010000001000000000000000000010100000000000000000110
221,11101111111111111011010001001010001000000100000000000000000001010000000000000000011
222,111011111111111110101000000000000000000000000000000000000000000000000000000000000000000000001
223,111011111111111110110100010010100010000001000000000000000000010010000000000000000000110
224,11101111111111111011010001001010001000000100000000000000000001001000000000000000000011
225,1110111111111111101101000100101000100000010000000000000000000101000000000001
226,1110111111111111101101000100101000100000010000000000000000000101000000000000001
227,111011111111111110110100010010100010000001000000000000000000010010000000000000000000111
228,1110111111111111101101000100101000100000010000000000000000000101000000100
229,111011111111111110110100010010100010000001000000000000000000010100000010
230,11101111111111111011010001001010001000000100000000000000000001010000001
231,11101111111111111011010001001010001000000100000000000000000001001000000000011
232,11101111111111111010100000000000000000000000000000000000000000000000000000000000000000000001011
233,1110111111111111101101000100101000100000010000000000000000000101000000101
234,111011111111111110110100010010100010000001000000000000000000010100000011
235,111011111111111110110100010010100010000001000000000000000000010100000000000000000111
236,1110111111111111101010000000000000000000000000000000000000000000000000000000000000000000001
237,11101111111111111011010001001010001000000100000000000000000001001000000000000001
238,1110111111111111101101000100101000100000010000000000000000000100100000000000000001
239,11101111111111111011010001001010001000000100000000000000000001010000000000000000011010
240,1110111111111111101101000100101000100000010000000000000000000101000000000000000001101
241,111011111111111110110100010010100010000001000000000000000000010100000000001
242,111011111111111110101000000000000000000000000000000000000000000000000000000000000000000000011
243,1110111111111111101101000100101000100000010000000000000000000100100001001
244,111011111111111110110100010010100010000001000000000000000000010010000101
245,11101111111111111011010001001010001000000100000000000000000001001000000000000000100
246,1110111111111111101101000100101000100000010000000000000000000100100000000000000010
247,111011111111111110110100010010100010000001000000000000000000010010000000000000001
248,111011111111111110110100010010100010000001000000000000000000010010000000000101
249,111011111111111110110100010010100010000001000000000000000000010100000000000000000110110
250,11101111111111111011010001001010001000000100000000000000000001010000000000000000011011
251,11101111111111111011010001001010001000000100000000000000000001010000010000
252,1110111111111111101101000100101000100000010000000000000000000101000001000
253,111011111111111110110100010010100010000001000000000000000000010100000100
254,11101111111111111011010001001010001000000100000000000000000001010000010
255,1110111111111111101101000100101000100000010000000000000000000101000001
256,1110111111111111101101000100101000100000010000000000000000000101000000001
257,1110111111111111101010000000000000000000000000000000000000000000000000000000000000000001
258,111011111111111110110100010010100010000001000000000000000000010100000000000000000110111
259,1110111111111111101010000000000000000000000000000000000000000000000000000000000000000000010
260,111011111111111110101000000000000000000000000000000000000000000000000000000000000000000001
261,11101111111111111011010001001010001000000100000000000000000001010000000001
262,111011111111111110110100010010100010000001000000000000000000010100000101
263,1110111111111111101101000100101000100000010000000000000000000100100000000000001
264,11101111111111111011010001001010001000000100000000000000000001001000000000001
265,1110111111111111101010000000000000000000000000000000000000000000000000000000000000000000011
266,11101111111111111011010001001010001000000100000000000000000001010000010001
267,111011111111111110101000000000000000000000000000000000000000000000000000000000000000001
268,111011111111111110110100010010100010000001000000000000000000010010000000000001
269,1110111111111111101101000100101000100000010000000000000000000100100000000000000011
270,11101111111111111011010001001010001000000100000000000000000001001000011
271,1110111111111111101101000100101000100000010000000000000000000101000010
272,111011111111111110110100010010100010000001000000000000000000010100001
273,11101111111111111010100000000000000000000000000000000000000000000000000000000000000000001
274,11101111111111111011010001001010001000000100000000000000000001010000010010000
275,1110111111111111101101000100101000100000010000000000000000000101000001001000
276,111011111111111110110100010010100010000001000000000000000000010100000100100
277,11101111111111111011010001001010001000000100000000000000000001010000010010
278,1110111111111111101101000100101000100000010000000000000000000101000001001
279,11101111111111111011010001001010001000000100000000000000000001001000000001
280,111011111111111110110100010010100010000001000000000000000000010100000001
281,11101111111111111011010001001010001000000100000000000000000001001000000000000000101
282,11101111111111111010100000000000000000000000000000000000000000000000000000000000000010
283,1110111111111111101010000000000000000000000000000000000000000000000000000000000000001
284,11101111111111111011010001001010001000000100000000000000000001010000010011
285,11101111111111111010100000000000000000000000000000000000000000000000000000000000000001
286,1110111111111111101101000100101000100000010000000000000000000100100000000010000
287,111011111111111110110100010010100010000001000000000000000000010010000000001000
288,11101111111111111011010001001010001000000100000000000000000001001000000000100
289,1110111111111111101101000100101000100000010000000000000000000100100000000010
290,111011111111111110110100010010100010000001000000000000000000010010000000001
291,1110111111111111101101000100101000100000010000000000000000000101000011
292,11101111111111111011010001001010001000000100000000000000000001010000010010001
293,1110111111111111101101000100101000100000010000000000000000000100100000000011
294,111011111111111110110100010010100010000001000000000000000000010010000000001001
295,111011111111111110110100010010100010000001000000000000000000010100010
296,11101111111111111011010001001010001000000100000000000000000001010001
297,11101111111111111010100000000000000000000000000000000000000000000000000000000000000011
298,1110111111111111101101000100101000100000010000000000000000000100100000001
299,11101111111111111011010001001010001000000100000000000000000001010000011
300,1110111111111111101101000100101000100000010000000000000000000100100000000010001
301,1110111111111111101101000100101000100000010000000000000000000101000001001001
302,111011111111111110110100010010100010000001000000000000000000010010000000001010
303,11101111111111111011010001001010001000000100000000000000000001001000000000101
304,111011111111111110110100010010100010000001000000000000000000010010000001
305,111011111111111110101000000000000000000000000000000000000000000000000000000000000001
306,11101111111111111010100000000000000000000000000000000000000000000000000000000000010
307,1110111111111111101010000000000000000000000000000000000000000000000000000000000001
308,11101111111111111011010001001010001000000100000000000000000001010000010010100
309,1110111111111111101101000100101000100000010000000000000000000101000001001010
310,111011111111111110110100010010100010000001000000000000000000010100000100101
311,111011111111111110110100010010100010000001000000000000000000010100011
312,11101111111111111011010001001010001000000100000000000000000001010000010010101
313,11101111111111111011010001001010001000000100000000000000000001001000000000101100
314,1110111111111111101101000100101000100000010000000000000000000100100000000010110
315,111011111111111110110100010010100010000001000000000000000000010010000000001011
316,111011111111111110101000000000000000000000000000000000000000000000000000000000001000
317,11101111111111111010100000000000000000000000000000000000000000000000000000000000100
318,1110111111111111101010000000000000000000000000000000000000000000000000000000000010
319,111011111111111110101000000000000000000000000000000000000000000000000000000000001
320,11101111111111111010100000000000000000000000000000000000000000000000000000000000001
321,1110111111111111101101000100101000100000010000000000000000000101000001001011
322,11101111111111111010100000000000000000000000000000000000000000000000000000000000011
323,1110111111111111101010000000000000000000000000000000000000000000000000000000000011
324,111011111111111110110100010010100010000001000000000000000000010100100
325,11101111111111111011010001001010001000000100000000000000000001010010
326,111011111111111110110100010010100010000001000000000000000000010101
327,111011111111111110110100010010100010000001000000000000000000010100101
328,11101111111111111011010001001010001000000100000000000000000001001000000000101101
329,11101111111111111011010001001010001000000100000000000000000001001000001
330,11101111111111111010100000000000000000000000000000000000000000000000000000000001
331,111011111111111110110100010010100010000001000000000000000000010100110
332,11101111111111111011010001001010001000000100000000000000000001010011
333,111011111111111110110100010010100010000001000000000000000000010100111000
334,11101111111111111011010001001010001000000100000000000000000001010011100
335,1110111111111111101101000100101000100000010000000000000000000101001110
336,111011111111111110110100010010100010000001000000000000000000010100111
337,111011111111111110110100010010100010000001000000000000000000010100111001
338,1110111111111111101101000100101000100000010000000000000000000100100000000010111
339,111011111111111110101000000000000000000000000000000000000000000000000000000000001001
340,11101111111111111010100000000000000000000000000000000000000000000000000000000000101
341,11101111111111111011010001001010001000000100000000000000010000000
342,1110111111111111101101000100101000100000010000000000000001000000
343,111011111111111110110100010010100010000001000000000000000100000
344,11101111111111111011010001001010001000000100000000000000010000
345,1110111111111111101101000100101000100000010000000000000001000
346,111011111111111110110100010010100010000001000000000000000100
347,11101111111111111011010001001010001000000100000000000000010
348,1110111111111111101101000100101000100000010000000000000001
349,1110111111111111101101000100101000100000010000000000000001000001000
350,111011111111111110110100010010100010000001000000000000000100000100
351,11101111111111111011010001001010001000000100000000000000010000010
352,1110111111111111101101000100101000100000010000000000000001000001
353,111011111111111110110100010010100010000001000000000000000000010010001
354,1110111111111111101010000000000000000000000000000000000000000000000000000000001
355,1110111111111111101101000100101000100000010000000000000001000001001
356,1110111111111111101101000100101000100000010000000000000000000101001111
357,11101111111111111011010001001010001000000100000000000000000001001001
358,111011111111111110110100010010100010000001000000000000000000010110
359,111011111111111110110100010010100010000001000000000000000000010100111010
360,11101111111111111011010001001010001000000100000000000000000001010011101
361,11101111111111111011010001001010001000000100000000000000010000001
362,1110111111111111101101000100101000100000010000000000000000000100101
363,111011111111111110110100010010100010000001000000000000000100000101
364,1110111111111111101010000000000000000000000000000000000000000000000000000000010
365,111011111111111110101000000000000000000000000000000000000000000000000000000001
366,111011111111111110110100010010100010000001000000000000000000010011
367,111011111111111110110100010010100010000001000000000000000100000110
368,11101111111111111011010001001010001000000100000000000000010000011
369,1110111111111111101101000100101000100000010000000000000000000101001110110
370,111011111111111110110100010010100010000001000000000000000000010100111011
371,11101111111111111011010001001010001000000100000000000000000001011100000
372,1110111111111111101101000100101000100000010000000000000000000101110000
373,111011111111111110110100010010100010000001000000000000000000010111000
374,11101111111111111011010001001010001000000100000000000000000001011100
375,1110111111111111101101000100101000100000010000000000000000000101110
376,111011111111111110110100010010100010000001000000000000000000010111
377,11101111111111111011010001001010001000000100000000000000000100
378,1110111111111111101101000100101000100000010000000000000000010
379,111011111111111110110100010010100010000001000000000000000001
380,1110111111111111101101000100101000100000010000000000000000000101111
381,11101111111111111010100000000000000000000000000000000000000000000000000000001
382,111011111111111110110100010010100010000001000000000000000100000111
383,1110111111111111101101000100101000100000010000000000000000001
384,1110111111111111101101000100101000100000010000000000000000000101001110111
385,11101111111111111010100000000000000000000000000000000000000000000000000000000110
386,1110111111111111101010000000000000000000000000000000000000000000000000000000011
387,11101111111111111010100000000000000000000000000000000000000000000000000000000111
388,111011111111111110110100010010100010000001000000000000000100010
389,11101111111111111011010001001010001000000100000000000000010001
390,111011111111111110110100010010100010000001000000000000000100001
391,1110111111111111101101000100101000100000010000000000000000000101110001
392,11101111111111111011010001001010001000000100000000000000000001011101
393,111011111111111110110100010010100010000001000000000000000100011
394,1110111111111111101010000000000000000000000000000000000000000000000000001
395,111011111111111110110100010010100010000001000000000000000001001
396,1110111111111111101010000000000000000000000000000000000000000000000000000001
397,1110111111111111101101000100101000100000010000000000000001001
398,11101111111111111011010001001010001000000100000000000000001000
399,1110111111111111101101000100101000100000010000000000000000100
400,111011111111111110110100010010100010000001000000000000000010
401,11101111111111111011010001001010001000000100000000000000001
402,111011111111111110110100010010100010000001000000000000000000011
403,111011111111111110101000000000000000000000000000000000000000000000000000001
404,11101111111111111011010001001010001000000100000000000000001001
405,11101111111111111011010001001010001000000100000000000000010100
406,1110111111111111101101000100101000100000010000000000000001010
407,111011111111111110110100010010100010000001000000000000000101
408,111011111111111110110100010010100010000001000000000000000001011
409,11101111111111111011010001001010001000000100000000000000000101
410,11101111111111111011010001001010001000000100000000000000001010
411,1110111111111111101101000100101000100000010000000000000000101
412,111011111111111110110100010010100010000001000000000000000000010111000010
413,11101111111111111011010001001010001000000100000000000000000001011100001
414,11101111111111111010100000000000000000000000000000000000000000000000100
415,1110111111111111101010000000000000000000000000000000000000000000000010
416,111011111111111110101000000000000000000000000000000000000000000000001
417,11101111111111111010100000000000000000000000000000000000000000000000000001
418,11101111111111111011010001001010001000000100000000000000010101
419,111011111111111110101000000000000000000000000000000000000000000000000001
420,1110111111111111101101000100101000100000010000000000000000000101110010
421,111011111111111110110100010010100010000001000000000000000000010111001
422,11101111111111111011010001001010001000000100000000000000001011
423,1110111111111111101101000100101000100000010000000000000001011
424,111011111111111110110100010010100010000001000000000000000000010111000011
425,1110111111111111101010000000000000000000000000000000000000000000000001
426,11101111111111111010100000000000000000000000000000000000000000000000101
427,111011111111111110110100010010100010000001000000000000000110
428,11101111111111111011010001001010001000000100000000000000011
429,1110111111111111101101000100101000100000010000000000000001110
430,111011111111111110110100010010100010000001000000000000000111
431,1110111111111111101010000000000000000000000000000000000000000000000011
432,111011111111111110110100010010100010000001000000000000000011
433,11101111111111111010100000000000000000000000000000000000000000000000001
434,11101111111111111011010001001010001000000100000000000000011110
435,1110111111111111101101000100101000100000010000000000000001111
436,1110111111111111101101000100101000100000010000000000000000011
437,1110111111111111101101000100101000100000010000000001000000
438,111011111111111110110100010010100010000001000000000100000
439,11101111111111111011010001001010001000000100000000010000
440,1110111111111111101101000100101000100000010000000001000
441,111011111111111110110100010010100010000001000000000100
442,11101111111111111011010001001010001000000100000000010
443,1110111111111111101101000100101000100000010000000001
444,11101111111111111010100000000000000000000000000000000000000000001
445,111011111111111110110100010010100010000001000000000000100
446,11101111111111111011010001001010001000000100000000000010
447,1110111111111111101101000100101000100000010000000000001
448,11101111111111111011010001001010001000000100000000000000101
449,1110111111111111101101000100101000100000010000000000000010
450,111011111111111110110100010010100010000001000000000000001
451,111011111111111110101000000000000000000000000000000000000000000000010
452,11101111111111111010100000000000000000000000000000000000000000000001
453,1110111111111111101101000100101000100000010000000000000000000101110011
454,111011111111111110101000000000000000000000000000000000000000000001
455,11101111111111111010100000000000000000000000000000000000000100
456,1110111111111111101010000000000000000000000000000000000000010
457,111011111111111110101000000000000000000000000000000000000001
458,1110111111111111101101000100101000100000010000000000001010
459,111011111111111110110100010010100010000001000000000000101
460,11101111111111111010100000000000000000000000000000000000001000000
461,1110111111111111101010000000000000000000000000000000000000100000
462,111011111111111110101000000000000000000000000000000000000010000
463,11101111111111111010100000000000000000000000000000000000001000
464,1110111111111111101010000000000000000000000000000000000000100
465,111011111111111110101000000000000000000000000000000000000010
466,11101111111111111010100000000000000000000000000000000000001
467,111011111111111110101000000000000000000000000000000000000000000000011
468,11101111111111111010100000000000000000000000000000000000001000001
469,111011111111111110101000000000000000000000000000000000000010001
470,11101111111111111011010001001010001000000100000000000001
471,11101111111111111011010001001010001000000100000000000000011111000000
472,1110111111111111101101000100101000100000010000000000000001111100000
473,111011111111111110110100010010100010000001000000000000000111110000
474,11101111111111111011010001001010001000000100000000000000011111000
475,1110111111111111101101000100101000100000010000000000000001111100
476,111011111111111110110100010010100010000001000000000000000111110
477,11101111111111111011010001001010001000000100000000000000011111
478,1110111111111111101010000000000000000000000000000000000000100001
479,111011111111111110110100010010100010000001000000000000000111111
480,1110111111111111101010000000000000000000000000000000000000000000001
481,11101111111111111011010001001010001000000100000000000000011111001
482,111011111111111110110100010010100010000001000000000001
483,111011111111111110110100010010100010000001000000000101000
484,11101111111111111011010001001010001000000100000000010100
485,1110111111111111101101000100101000100000010000000001010
486,111011111111111110110100010010100010000001000000000101
487,111011111111111110110100010010100010000001000000000101001
488,11101111111111111011010001001010001000000100000000000000110
489,1110111111111111101101000100101000100000010000000000000011
490,11101111111111111010100000000000000000000000000000000000000001
491,11101111111111111011010001001010001000000100000000010101
492,11101111111111111011010001001010001000000100000000000010110
493,1110111111111111101101000100101000100000010000000000001011
494,1110111111111111101101000100101000100000010000000001000001
495,11101111111111111011010001001010001000000100000000000000111
496,1110111111111111101010000000000000000000000000000000000000000001
497,111011111111111110110100010010100010000001000000000100001
498,111011111111111110110100010010100010000001000000000000110
499,11101111111111111011010001001010001000000100000000000011
500,111011111111111110101000000000000000000000000000000000000001010
501,11101111111111111010100000000000000000000000000000000000000101
502,1110111111111111101101000100101000100000010000000000000001111101
503,111011111111111110110100010010100010000001000000000000000111110000010
504,11101111111111111011010001001010001000000100000000000000011111000001
505,1110111111111111101010000000000000000000000000000000000000011
506,111011111111111110101000000000000000000000000000000000000000001
507,1110111111111111101101000100101000100000010000000001011
508,11101111111111111010100000000000000000000000000000000000001001
509,111011111111111110110100010010100010000001000000000000101110
510,11101111111111111011010001001010001000000100000000000010111
511,11101111111111111011010001001010001000000100000000010001
512,1110111111111111101101000100101000100000010000000000001110
513,111011111111111110110100010010100010000001000000000000111
514,1110111111111111101010000000000000000000000000000000000000010110
515,111011111111111110101000000000000000000000000000000000000001011
516,1110111111111111101010000000000000000000000000000000000000010111
517,111011111111111110101000000000000000000000000000000000000100
518,11101111111111111010100000000000000000000000000000000000010
519,1110111111111111101010000000000000000000000000000000000001
520,111011111111111110110100010010100010000001000000000000101111
521,1110111111111111101010000000000000000000000000000000000000001
522,111011111111111110110100010010100010000001000000000110
523,11101111111111111011010001001010001000000100000000011
524,1110111111111111101101000100101000100000010000000000001111
525,11101111111111111011010001001010001000000100000000001
526,111011111111111110110100010010100010000001000000000000000111110000100
527,11101111111111111011010001001010001000000100000000000000011111000010
528,1110111111111111101101000100101000100000010000000000000001111100001
529,111011111111111110101000000000000000000000000000000000000101
530,111011111111111110110100010010100010000001000000000000000111110000011
531,1110111111111111101101000100101000100000010000000000000001111100010
532,111011111111111110110100010010100010000001000000000000000111110001
533,111011111111111110101000000000000000000000000000000000000010100
534,11101111111111111010100000000000000000000000000000000000001010
535,1110111111111111101010000000000000000000000000000000000000101
536,1110111111111111101101000100101000100000010000000001001
537,111011111111111110101000000000000000000000000000000000000010101
538,1110111111111111101101000100101000100000010000000000000001111100011
539,111011111111111110110100010010100010000001000000000000000111110000110
540,11101111111111111011010001001010001000000100000000000000011111000011
541,1110111111111111101101000100101000100000010000000100111
542,111011111111111110110100010010100010000001000000010011
543,11101111111111111011010001001010001000000100000001001
544,1110111111111111101101000100101000100000010000000100
545,111011111111111110110100010010100010000001000000010
546,11101111111111111011010001001010001000000100000001
547,111011111111111110101000000000000000000000000000000000000011
548,111011111111111110101000000000000000000000000000000000000110
549,11101111111111111010100000000000000000000000000000000000011
550,1110111111111111101101000100101000100000010000000101000000
551,111011111111111110110100010010100010000001000000010100000
552,11101111111111111011010001001010001000000100000001010000
553,1110111111111111101101000100101000100000010000000101000
554,111011111111111110110100010010100010000001000000010100
555,11101111111111111011010001001010001000000100000001010
556,1110111111111111101101000100101000100000010000000101
557,11101111111111111011010001001010001000000100000000000000011111000010100
558,1110111111111111101101000100101000100000010000000000000001111100001010
559,111011111111111110110100010010100010000001000000000000000111110000101
560,1110111111111111101010000000000000000000000000000000000001110
561,111011111111111110101000000000000000000000000000000000000111
562,111011111111111110110100010010100010000001000000000000000111110000111
563,11101111111111111011010001001010001000000100001000
564,1110111111111111101101000100101000100000010000100
565,111011111111111110110100010010100010000001000010
566,11101111111111111011010001001010001000000100001
567,111011111111111110110100010010100010000001000000000111
568,1110111111111111101101000100101000100000010000000000000001111100001010100
569,111011111111111110110100010010100010000001000000000000000111110000101010
570,11101111111111111011010001001010001000000100000000000000011111000010101
571,111011111111111110110100010010100010000001000000011
572,111011111111111110110100010010100010000001000000001
573,1110111111111111101010000000000000000000000000000000000010
574,111011111111111110101000000000000000000000000000000000001
575,1110111111111111101101000100101000100000010000001
576,111011111111111110101000000000000000000000000000000000000010110
577,11101111111111111010100000000000000000000000000000000000001011
578,1110111111111111101010000000000000000000000000000000000001111
579,11101111111111111011010001001010001000000100001001
580,1110111111111111101010000000000000000000000000000000000000101110
581,111011111111111110101000000000000000000000000000000000000010111
582,1110111111111111101010000000000000000000000000000000010
583,111011111111111110101000000000000000000000000000000001
584,1110111111111111101101000100101000100000010000101
585,11101111111111111011010001001010001000000100000001011
586,111011111111111110110100010010100010000001000001
587,1110111111111111101010000000000000000000000000000000000011
588,11101111111111111011010001001010001000000100000000000000011111000010110
589,1110111111111111101101000100101000100000010000000000000001111100001011
590,1110111111111111101101000100101000100000010000000000000001111100001010101
591,1110111111111111101010000000000000000000000000000000000000101111
592,11101111111111111011010001001010001010000000000000000
593,1110111111111111101101000100101000101000000000000000
594,111011111111111110110100010010100010100000000000000
595,11101111111111111011010001001010001010000000000000
596,1110111111111111101101000100101000101000000000000
597,111011111111111110110100010010100010100000000000
598,11101111111111111011010001001010001010000000000
599,1110111111111111101101000100101000101000000000
600,111011111111111110110100010010100010100000000
601,11101111111111111011010001001010001010000000
602,1110111111111111101101000100101000101000000
603,111011111111111110110100010010100010100000
604,11101111111111111011010001001010001010000
605,1110111111111111101101000100101000101000
606,111011111111111110110100010010100010100
607,11101111111111111011010001001010001010
608,1110111111111111101101000100101000101
609,111011111111111110110100010010100010000001000011
610,1110111111111111101010000000000000000000000000000000001
611,111011111111111110110100010010100010000001000000000000000111110000101011
612,1110111111111111101101000100101000100000010000000101000001
613,1110111111111111101101000100101000100000010010000
614,111011111111111110110100010010100010000001001000
615,11101111111111111011010001001010001000000100100
616,1110111111111111101101000100101000100000010010
617,111011111111111110110100010010100010000001001
618,111011111111111110110100010010100010000001000000010101
619,11101111111111111010100000000000000000000000000000000110
620,1110111111111111101010000000000000000000000000000000011
621,111011111111111110110100010010100010000001001011
622,11101111111111111011010001001010001000000100101
623,11101111111111111010100000000000000000000000000000000001
624,111011111111111110110100010010100010000001000000010100001
625,1110111111111111101101000100101000100000010010001
626,11101111111111111010100000000000000000000000000000000111
627,111011111111111110110100010010100010000001001001
628,1110111111111111101101000100101000100000010001
629,11101111111111111011010001001010001000000100000000000000011111000010111
630,11101111111111111010100000000000000000000000000000001
631,11101111111111111011010001001010001000000100000001010001
632,11101111111111111011010001001010001000001000
633,1110111111111111101101000100101000100000100
634,111011111111111110110100010010100010000010
635,11101111111111111011010001001010001000001
636,111011111111111110110100010010100010100000000000000010
637,11101111111111111011010001001010001010000000000000001
638,111011111111111110101000000000000000000000000001
639,1110111111111111101010000000000000000000000000000010000
640,111011111111111110101000000000000000000000000000001000
641,11101111111111111010100000000000000000000000000000100
642,1110111111111111101010000000000000000000000000000010
643,111011111111111110101000000000000000000000000000001
644,1110111111111111101101000100101000100000101
645,1110111111111111101010000000000000000000000000000001
646,11101111111111111010100000000000000000000000000000101
647,111011111111111110110100010010100010100000000000000011
648,1110111111111111101101000100101000100000010011
649,111011111111111110110100010010100010100000000000001
650,1110111111111111101101000100101000100000010000000101001
651,1110111111111111101010000000000000000000000000000010001
652,11101111111111111011010001001010001000001001
653,111011111111111110101000000000000000000000000000001001
654,111011111111111110101000000000000000000000000010
655,11101111111111111010100000000000000000000000001
656,111011111111111110110100010010100010000001010
657,11101111111111111011010001001010001000000101
658,111011111111111110110100010010100010000011
659,111011111111111110110100010010100010000001011
660,1110111111111111101101000100101000101000000000000001
661,1110111111111111101010000000000000000000000000001
662,111011111111111110101000000000000000000000100
663,11101111111111111010100000000000000000000010
664,1110111111111111101010000000000000000000001
665,1110111111111111101101000100101000100000011
666,11101111111111111011010001001010001010000000000100
667,1110111111111111101101000100101000101000000000010
668,111011111111111110110100010010100010100000000001
669,111011111111111110101000000000000000000000000011
670,1110111111111111101010000000000000000000000000000011
671,1110111111111111101101000100101000101000000000001
672,1110111111111111101101000100101000101000010
673,111011111111111110110100010010100010100001
674,11101111111111111011010001001010001010000000000101000
675,1110111111111111101101000100101000101000000000010100
676,111011111111111110110100010010100010100000000001010
677,11101111111111111011010001001010001010000000000101
678,11101111111111111011010001001010001010101
679,1110111111111111101101000100101000101010
680,111011111111111110110100010010100010101
681,11101111111111111011010001001010001010000000000001
682,11101111111111111011010001001010001000011
683,1110111111111111101101000100101000100001
684,111011111111111110110100010010100010100000000001010010
685,11101111111111111011010001001010001010000000000101001
686,11101111111111111010100000000000000000000000000001000
687,1110111111111111101010000000000000000000000000000100
688,111011111111111110101000000000000000000000000000010
689,11101111111111111010100000000000000000000000000001
690,1110111111111111101101000100101000101000011
691,111011111111111110101000000000000000000000000000011
692,111011111111111110110100010010100010000111
693,111011111111111110110100010010100010100000000001011
694,1110111111111111101101000100101000101000000000010101
695,111011111111111110101100000000000000000000000100000000000000000000000100000000000000000
696,11101111111111111010110000000000000000000000010000000000000000000000010000000000000000
697,1110111111111111101011000000000000000000000001000000000000000000000001000000000000000
698,111011111111111110101100000000000000000000000100000000000000000000000100000000000000
699,11101111111111111010110000000000000000000000010000000000000000000000010000000000000
700,1110111111111111101011000000000000000000000001000000000000000000000001000000000000
701,111011111111111110101100000000000000000000000100000000000000000000000100000000000
702,11101111111111111010110000000000000000000000010000000000000000000000010000000000
703,1110111111111111101011000000000000000000000001000000000000000000000001000000000
704,111011111111111110101100000000000000000000000100000000000000000000000100000000
705,11101111111111111010110000000000000000000000010000000000000000000000010000000
706,1110111111111111101011000000000000000000000001000000000000000000000001000000
707,111011111111111110101100000000000000000000000100000000000000000000000100000
708,11101111111111111010110000000000000000000000010000000000000000000000010000
709,1110111111111111101011000000000000000000000001000000000000000000000001000
710,111011111111111110101100000000000000000000000100000000000000000000000100
711,11101111111111111010110000000000000000000000010000000000000000000000010
712,1110111111111111101011000000000000000000000001000000000000000000000001
713,111011111111111110101100000000000000000000000100000000000000000000000
714,11101111111111111010110000000000000000000000010000000000000000000000
715,1110111111111111101011000000000000000000000001000000000000000000000
716,111011111111111110101100000000000000000000000100000000000000000000
717,11101111111111111010110000000000000000000000010000000000000000000
718,1110111111111111101011000000000000000000000001000000000000000000
719,111011111111111110101100000000000000000000000100000000000000000
720,11101111111111111010110000000000000000000000010000000000000000
721,1110111111111111101011000000000000000000000001000000000000000
722,111011111111111110101100000000000000000000000100000000000000
723,11101111111111111010110000000000000000000000010000000000000
724,1110111111111111101011000000000000000000000001000000000000
725,111011111111111110101100000000000000000000000100000000000
726,11101111111111111010110000000000000000000000010000000000
727,1110111111111111101011000000000000000000000001000000000
728,111011111111111110101100000000000000000000000100000000
729,11101111111111111010110000000000000000000000010000000
730,1110111111111111101011000000000000000000000001000000
731,111011111111111110101100000000000000000000000100000
732,11101111111111111010110000000000000000000000010000
733,1110111111111111101011000000000000000000000001000
734,111011111111111110101100000000000000000000000100
735,11101111111111111010110000000000000000000000010
736,1110111111111111101011000000000000000000000001
737,111011111111111110101100000000000000000000000
738,11101111111111111010110000000000000000000000
739,1110111111111111101011000000000000000000000
740,111011111111111110101100000000000000000000
741,11101111111111111010110000000000000000000
742,1110111111111111101011000000000000000000
743,111011111111111110101100000000000000000
744,11101111111111111010110000000000000000
745,1110111111111111101011000000000000000
746,111011111111111110101100000000000000
747,11101111111111111010110000000000000
748,1110111111111111101011000000000000
749,111011111111111110101100000000000
750,11101111111111111010110000000000
751,1110111111111111101011000000000
752,111011111111111110101100000000
753,11101111111111111010110000000
754,1110111111111111101011000000
755,111011111111111110101100000
756,11101111111111111010110000
757,1110111111111111101011000
758,111011111111111110101100
759,11101111111111111010110
760,1110111111111111101011
761,111011111111111110110100010010100010001
762,1110111111111111101010000000000000000000000001
763,11101111111111111010100000000000000000000000000001001
764,1110111111111111101101000100101000101000000001
765,11101111111111111010100000000000000000000001
766,111011111111111110101100000000000000000000000100000000000000000000000100000000000000001
767,11101111111111111010110000000000000000000000010000000000000000000000010000000000000001
768,11101111111111111010100000000000000000000011
769,1110111111111111101101000100101000101000000000011
770,1110111111111111101101000100101000101011
771,1110111111111111101010000000000000000000001010
772,111011111111111110101000000000000000000000101
773,11101111111111111011010001001010001010000000001
774,111011111111111110101000000000000000000000000000010100
775,11101111111111111010100000000000000000000000000001010
776,1110111111111111101010000000000000000000000000000101
777,1110111111111111101010000000000000000100000
778,111011111111111110101000000000000000010000
779,11101111111111111010100000000000000001000
780,1110111111111111101010000000000000000100
781,111011111111111110101000000000000000010
782,11101111111111111010100000000000000001
783,1110111111111111101010000000000000000000001011
784,111011111111111110101000000000000000000000000000010101
785,11101111111111111011010001001010001010000000000101001100
786,1110111111111111101101000100101000101000000000010100110
787,111011111111111110110100010010100010100000000001010011
788,111011111111111110101000000000000000000000001
789,11101111111111111011010001001010001010001
790,11101111111111111010110000000000000000000000010000000000000000000000010000000000000010000000
791,1110111111111111101011000000000000000000000001000000000000000000000001000000000000001000000
792,111011111111111110101100000000000000000000000100000000000000000000000100000000000000100000
793,11101111111111111010110000000000000000000000010000000000000000000000010000000000000010000
794,1110111111111111101011000000000000000000000001000000000000000000000001000000000000001000
795,111011111111111110101100000000000000000000000100000000000000000000000100000000000000100
796,11101111111111111010110000000000000000000000010000000000000000000000010000000000000010
797,1110111111111111101011000000000000000000000001000000000000000000000001000000000000001
798,11101111111111111011010001001010001010000001
799,111011111111111110110100010010100010011
800,11101111111111111011010001001010001001
801,111011111111111110110100010010100010100000001
802,11101111111111111011010001001010001010000000000101001101
803,111011111111111110101100000000000000000000000100000000000000000000000100000000000000110
804,11101111111111111010110000000000000000000000010000000000000000000000010000000000000011
805,1110111111111111101101000100101000101001
806,11101111111111111010100000000000000000000000000001011
807,111011111111111110101100000000000000000000000100000000000000000000000100000000000000100001
808,111011111111111110110100010010100010100000000001010011100
809,11101111111111111011010001001010001010000000000101001110
810,1110111111111111101101000100101000101000000000010100111
811,11101111111111111010110000000000000000000000010000000000000000000000010000000000000010000001
812,11101111111111111011010001001010001010000000000101001111
813,1110111111111111101010000000000000000000010
814,111011111111111110101000000000000000000001
815,1110111111111111101101000100101000000000000
816,111011111111111110110100010010100000000000
817,11101111111111111011010001001010000000000
818,1110111111111111101101000100101000000000
819,111011111111111110110100010010100000000
820,11101111111111111011010001001010000000
821,1110111111111111101101000100101000000
822,111011111111111110110100010010100000
823,11101111111111111011010001001010000
824,111011111111111110110100010010110
825,11101111111111111011010001001011
826,1110111111111111101011000000000000000000000001000000000000000000000001000000000000001000001
827,111011111111111110101100000000000000000000000100000000000000000000000100000000000000111
828,111011111111111110110100010010100010110
829,11101111111111111011010001001010001011
830,1110111111111111101101000100101000101000001
831,11101111111111111010100000000100000000000000000
832,1110111111111111101010000000010000000000000000
833,111011111111111110101000000001000000000000000
834,11101111111111111010100000000100000000000000
835,1110111111111111101010000000010000000000000
836,111011111111111110101000000001000000000000
837,11101111111111111010100000000100000000000
838,1110111111111111101010000000010000000000
839,111011111111111110101000000001000000000
840,11101111111111111010100000000100000000
841,1110111111111111101010000000010000000
842,111011111111111110101000000001000000
843,11101111111111111010100000000100000
844,1110111111111111101010000000010000
845,111011111111111110101000000001000
846,11101111111111111010100000000100
847,1110111111111111101010000000010
848,111011111111111110101000000001
849,11101111111111111010100000000000000000001
850,111011111111111110101100000000000000000000000100000000000000000000000100000000000000101
851,11101111111111111011010001001010000000000010
852,1110111111111111101101000100101000000000001
853,111011111111111110101000000001000000000000010000
854,11101111111111111010100000000100000000000001000
855,1110111111111111101010000000010000000000000100
856,111011111111111110101000000001000000000000010
857,11101111111111111010100000000100000000000001
858,111011111111111110110100010010100011
859,11101111111111111010110000000000000000000000010000000000000000000000010000000000000010001
860,1110111111111111101010000000010000000000000001
861,1110111111111111101010000000010000000000000101
862,111011111111111110110100010010100010111
863,111011111111111110110100010010100001
864,1110111111111111101010000000010000000000000010
865,111011111111111110101000000001000000000000001
866,111011111111111110101000000000000000010001
867,111011111111111110110100010010100000000001
868,11101111111111111010100000000100000000000000001
869,1110111111111111101010000000000000000100001
870,11101111111111111011010001001010000001
871,1110111111111111101010000000000000000000011
872,11101111111111111011010001001010001010000000000101001110100
873,1110111111111111101101000100101000101000000000010100111010
874,111011111111111110110100010010100010100000000001010011101
875,1110111111111111101101000100101000111
876,1110111111111111101101000100101000101000000000010100111011
877,111011111111111110101000000001000000000000010001
878,111011111111111110101000000000000000010010
879,11101111111111111010100000000000000001001
880,111011111111111110110100010010100111
881,11101111111111111011010001001010011
882,1110111111111111101101000100101001
883,1110111111111111101010000000000000000001
884,111011111111111110101000000000000000010011
885,1110111111111111101101000100101000000001
886,11101111111111111010100000000100000000000001001000
887,1110111111111111101010000000010000000000000100100
888,111011111111111110101000000001000000000000010010
889,11101111111111111010100000000100000000000001001
890,111011111111111110101000000000000000011
891,1110111111111111101101000100101101
892,111011111111111110101000000000000000001
893,1110111111111111101010000000010000000000000100101
894,1110111111111111101101000100101000000010
895,111011111111111110110100010010100000001
896,1110111111111111101011000000000000000000000001000000000000000000000001000000000001
897,1110111111111111101011000000000000000000000001000000000000000000000001000000000000010
898,111011111111111110101100000000000000000000000100000000000000000000000100000000000001
899,1110111111111111101010000000010000000000000011
900,111011111111111110110100010010101
901,1110111111111111101010000000000000001
902,1110111111111111101011000000000000000000000001000000000000000000000001000000000000011
903,11101111111111111011010001001010000000000011
904,11101111111111111011010001001010000000110
905,1110111111111111101101000100101000000011
906,11101111111111111011010001001010001010000000000101001110101
907,11101111111111111010110000000000000000000000010000000000000000000000010000100000000
908,1110111111111111101011000000000000000000000001000000000000000000000001000010000000
909,111011111111111110101100000000000000000000000100000000000000000000000100001000000
910,11101111111111111010110000000000000000000000010000000000000000000000010000100000
911,1110111111111111101011000000000000000000000001000000000000000000000001000010000
912,111011111111111110101100000000000000000000000100000000000000000000000100001000
913,11101111111111111010110000000000000000000000010000000000000000000000010000100
914,1110111111111111101011000000000000000000000001000000000000000000000001000010
915,111011111111111110101100000000000000000000000100000000000000000000000100001
916,111011111111111110110100010010100000000010
917,11101111111111111011010001001010000000001
918,111011111111111110101100000000000000000000000100000000000000000000000100000000001
919,11101111111111111010100000000000000001010
920,1110111111111111101010000000000000000101
921,1110111111111111101011000000000000000000000001000000000000000000000001000000000000001001
922,11101111111111111010110000000000000000000000010000000000000000000000010000100000001
923,11101111111111111011010001001010000010
924,1110111111111111101101000100101000001
925,111011111111111110101000000001000000000000010011
926,1110111111111111101011000000000000000000000001000000000000000000000001000010000010
927,111011111111111110101100000000000000000000000100000000000000000000000100001000001
928,11101111111111111010110000000000000000000000010000000000000000000000010000000000001
929,1110111111111111101101000100101000000000110
930,111011111111111110110100010010100000000011
931,111011111111111110110100010010100000001110
932,11101111111111111011010001001010000000111
933,111011111111111110110100010010111
934,1110111111111111101101000100101000000000111
935,1110111111111111101101000100000
936,111011111111111110110100010000
937,11101111111111111011010001000
938,1110111111111111101011000000000000000000000001000000000000000000000001000010000100
939,111011111111111110101100000000000000000000000100000000000000000000000100001000010
940,11101111111111111010110000000000000000000000010000000000000000000000010000100001
941,111011111111111110101000000000000001
942,11101111111111111010100000000100000000000010
943,1110111111111111101010000000010000000000001
944,1110111111111111101011000000000000000000000001000000000000000000000001000010000001
945,111011111111111110101100000000000000000000000100000000000000000000000100000000100
946,11101111111111111010110000000000000000000000010000000000000000000000010000000010
947,1110111111111111101011000000000000000000000001000000000000000000000001000000001
948,11101111111111111010100000000000000001011
949,111011111111111110101000000001000000000000011000
950,11101111111111111010100000000100000000000001100
951,1110111111111111101010000000010000000000000110
952,111011111111111110101000000001000000000000011
953,11101111111111111010100000000000001
954,1110111111111111101010000000000001
955,111011111111111110101000000001000000000000011001
956,11101111111111111010100000000100000000000001001001
957,1110111111111111101101000100001
958,11101111111111110000000000000000
959,1110111111111111000000000000000
960,111011111111111100000000000000
961,11101111111111110000000000000
962,1110111111111111000000000000
963,111011111111111100000000000
964,11101111111111110000000000
965,1110111111111111000000000
966,111011111111111100000000
967,11101111111111110000000
968,1110111111111111000000
969,111011111111111100000
970,11101111111111110000
971,1110111111111111000
972,111011111111111100
973,11101111111111110
974,1110111111111111101011000000000000000000000001000000000000000000000001000000010
975,111011111111111110101100000000000000000000000100000000000000000000000100000001
976,1110111111111111101101000100101000000011110
977,111011111111111110110100010010100000001111
978,11101111111111111011010001001010000011
979,1110111111111111101011000000000000000000000001000000000000000000000001000010000011
980,11101111111111111010110000000000000000000000010000000000000000000000010000000001
981,11101111111111111010100000000100000000000011
982,111011111111111110101100000000000000000000000100000000000000000000000100001000011
983,1110111111111111101011000000000000000000000001000000000000000000000001000010000101
984,11101111111111111010110000000000000000000000010000010000000000000000
985,1110111111111111101011000000000000000000000001000001000000000000000
986,111011111111111110101100000000000000000000000100000100000000000000
987,11101111111111111010110000000000000000000000010000010000000000000
988,1110111111111111101011000000000000000000000001000001000000000000
989,111011111111111110101100000000000000000000000100000100000000000
990,11101111111111111010110000000000000000000000010000010000000000
991,1110111111111111101011000000000000000000000001000001000000000
992,111011111111111110101100000000000000000000000100000100000000
993,11101111111111111010110000000000000000000000010000010000000
994,1110111111111111101011000000000000000000000001000001000000
995,111011111111111110101100000000000000000000000100000100000
996,11101111111111111010110000000000000000000000010000010000
997,1110111111111111101011000000000000000000000001000001000
998,111011111111111110101100000000000000000000000100000100
999,11101111111111111010110000000000000000000000010000010
1000,1110111111111111101011000000000000000000000001000001
1001,111011111111111110110100010011
1002,11101111111111110000000000000001
1003,1110111111111111000000000000010
1004,111011111111111100000000000001
1005,111011111111111110101100000000000000000000000100000000000000000000000100000000101
1006,1110111111111111101011000000000000000000000001000000000000000000000001000000011
1007,1110111111111111101010000010
1008,111011111111111110101000001
1009,1110111111111111101101000100101000000011111
1010,111011111111111110101100000000000000000000000100000000000000000100000000000
1011,11101111111111111010110000000000000000000000010000000000000000010000000000
1012,1110111111111111101011000000000000000000000001000000000000000001000000000
1013,111011111111111110101100000000000000000000000100000000000000000100000000
1014,11101111111111111010110000000000000000000000010000000000000000010000000
1015,1110111111111111101011000000000000000000000001000000000000000001000000
1016,111011111111111110101100000000000000000000000100000000000000000100000
1017,11101111111111111010110000000000000000000000010000000000000000010000
1018,1110111111111111101011000000000000000000000001000000000000000001000
1019,111011111111111110101100000000000000000000000100000000000000000100
1020,11101111111111111010110000000000000000000000010000000000000000010
1021,1110111111111111101011000000000000000000000001000000000000000001
1022,111011111111111110101100000000000000000000000100000000000000000100000000010
1023,11101111111111111010110000000000000000000000010000000000000000010000000001
1024,11101111111111111011010001010
1025,1110111111111111101101000101
1026,11101111111111111010100000000100000000000001101
1027,1110111111111111101011000000000000000000000001000000000000000001000000000010
1028,111011111111111110101100000000000000000000000100000000000000000100000000001
1029,1110111111111111000000000000011
1030,111011111111111110101000000000001
1031,111011111111111100000010000
1032,11101111111111110000001000
1033,1110111111111111000000100
1034,111011111111111100000010
1035,11101111111111110000001
1036,11101111111111111010110000000000000000000000010000000000000000000000010000000011
1037,111011111111111110101000000001000000000001
1038,11101111111111110000000000001
1039,111011111111111110101100000000000000000000000100000000000000000000000100001100
1040,11101111111111111010110000000000000000000000010000000000000000000000010000110
1041,1110111111111111101011000000000000000000000001000000000000000000000001000011
1042,111011111111111100000010001
1043,1110111111111111000000000000001
1044,111011111111111110110100011
1045,1110111111111111101010000011
1046,111011111111111110110100010001
1047,11101111111111111011010001011
1048,11101111111111111010110000000000000000000000010000010000000000000001
1049,111011111111111100000000000100000000
1050,11101111111111110000000000010000000
1051,1110111111111111000000000001000000
1052,111011111111111100000000000100000
1053,11101111111111110000000000010000
1054,1110111111111111000000000001000
1055,111011111111111100000000000100
1056,11101111111111110000000000010
1057,1110111111111111000000000001
1058,1110111111111111101100
1059,1110111111111111101011000000000000000000000001000000000000000000000001000010001
1060,1110111111111111101011000000000000000000000001000000000000000001000000000011
1061,11101111111111111010100000000001
1062,111011111111111110101100000000000000000000000100000000000000000000000100001101
1063,11101111111111111010110000000000000000000000010000000000000000000000010000001
1064,1110111111111111101010000000001
1065,111011111111111110101100000000000000000000000100000000000000000100000000011
1066,11101111111111110000000000010100
1067,1110111111111111000000000001010
1068,111011111111111100000000000101
1069,11101111111111111010100000000100000000000001110
1070,1110111111111111101010000000010000000000000111
1071,111011111111111100000000000100000001
1072,111011111111111110101100000000000000000000000100000000000000000000000100001110000000
1073,11101111111111111010110000000000000000000000010000000000000000000000010000111000000
1074,1110111111111111101011000000000000000000000001000000000000000000000001000011100000
1075,111011111111111110101100000000000000000000000100000000000000000000000100001110000
1076,11101111111111111010110000000000000000000000010000000000000000000000010000111000
1077,1110111111111111101011000000000000000000000001000000000000000000000001000011100
1078,111011111111111110101100000000000000000000000100000000000000000000000100001110
1079,11101111111111111010110000000000000000000000010000000000000000000000010000111
1080,1110111111111111101101001
1081,11101111111111110000001001
1082,11101111111111111010100000000100000000001
1083,11101111111111111010100000000100000000010
1084,1110111111111111101010000000010000000001
1085,1110111111111111101010000000010001
1086,11101111111111111010100000001
1087,1110111111111111101110
1088,111011111111111110111
1089,11101111111111111010100000000100000000011
1090,111011111111111110101100000000000000000000000100000000000000000000000100001110000001
1091,111011111111111110101100000000000000000000000100000000000000000000000100001001
1092,1110111111111111101011000000000000000000000001000001000000000000001
1093,11101111111111111010110000000000000000000000010000000000000000000000010000101
1094,11101111111111111010110000000000000000000000010000000000000000000000010000010
1095,1110111111111111101011000000000000000000000001000000000000000000000001000001
1096,111011111111111110101000000001000000000000011110
1097,11101111111111111010100000000100000000000001111
1098,11101111111111111010110000000000000000000000010000000000000000000000010000111000001
1099,111011111111111100000000001
1100,111011111111111110110101
1101,1110111111111111000000101
1102,111011111111111110101100000000000000000000000100000000000000000000000100001110010
1103,11101111111111111010110000000000000000000000010000000000000000000000010000111001
1104,111011111111111110101100000000000000000000000100000100000000000001
1105,11101111111111111011011
1106,1110111111111111101011000000000000000000000001000001000000000010
1107,111011111111111110101100000000000000000000000100000100000000001
1108,11101111111111111010100000000100000001
1109,1110111111111111101011000000000000000000000001000000000000000001000000010
1110,111011111111111110101100000000000000000000000100000000000000000100000001
1111,11101111111111110000000000010101
1112,1110111111111111101011000000000000000000000001000000000000000000000001000011100001000
1113,111011111111111110101100000000000000000000000100000000000000000000000100001110000100
1114,11101111111111111010110000000000000000000000010000000000000000000000010000111000010
1115,1110111111111111101011000000000000000000000001000000000000000000000001000011100001
1116,1110111111111111101111
1117,1110111111111111000000000001011
1118,111011111111111110101001
1119,111011111111111110101100000000000000000000000100000000000000000000000100001110011
1120,1110111111111111101011000000000000000000000001000000000000000001000000001
1121,1110111111111111101010001
1122,111011111111111110101000000001000000000000011111
1123,111011111111111110101000000001000000001
1124,111011111111111100000011
1125,11101111111111110000000000010001
1126,1110111111111111000000001
1127,111011111111111110101100000000000000000000000100000000000000000000000100000110
1128,11101111111111111010110000000000000000000000010000000000000000000000010000011
1129,1110111111111111101011000000000000000000000001000000000000000001000000011
1130,1110111111111111101011000000000000000000000001000001000000000011
1131,11101111111111111010110000000000000000000000010000010000000000001
1132,111011111111111100000000000100000010
1133,11101111111111110000000000010000001
1134,11101111111111110000000001
1135,111011111111111110101100000000000000000000000100000000000000000000000100000111
1136,111011111111111110101100000000000000000000000100000000000000000000000100001111
1137,111011111111111110101000000001001
1138,11101111111111111010100001
1139,111011111111111101
1140,1110111111111111100
1141,11101111111111111010100000000100001
1142,1110111111111111101010000001
1143,11101111111111111010101
1144,11101111111111111010100000000100000010
1145,1110111111111111101010000000010000001
1146,1110111111111111000001
1147,111011111111111100000000000100000011
1148,11101111111111111010110000000000000100000
1149,1110111111111111101011000000000000010000
1150,111011111111111110101100000000000001000
1151,11101111111111111010110000000000000100
1152,1110111111111111101011000000000000010
1153,111011111111111110101100000000000001
1154,11101111111111111010100000000100000011
1155,1110111111111111101011000000000000000000000001000001000000000001
1156,11101111111111111010110000000000000110
1157,1110111111111111101011000000000000011
1158,111011111111111110101100000000000000000000000100000000000000000100000100
1159,11101111111111111010110000000000000000000000010000000000000000010000010
1160,1110111111111111101011000000000000000000000001000000000000000001000001
1161,1110111111111111101011000000000000000000000001000000000000000000000001001000
1162,111011111111111110101100000000000000000000000100000000000000000000000100100
1163,11101111111111111010110000000000000000000000010000000000000000000000010010
1164,1110111111111111101011000000000000000000000001000000000000000000000001001
1165,111011111111111110101100000000000000000000000100000000000000000000000100001110000101
1166,111011111111111110101100000000000000000000000100000000000000000100000101
1167,111011111111111110101100000000000000000000000100000000000000000100000010
1168,11101111111111111010110000000000000000000000010000000000000000010000001
1169,11101111111111111010110000000000000000000000010000000000000000000000010010010
1170,1110111111111111101011000000000000000000000001000000000000000000000001001001
1171,11101111111111111010100000000101
1172,1110111111111111101010000000011
1173,111011111111111110101100000000000000000000000100000000000000000000000100010
1174,11101111111111111010110000000000000000000000010000000000000000000000010001
1175,111011111111111100001
1176,111011111111111100000000000100001
1177,1110111111111111101011000000000000000000000001000000000000000000000001000011100010
1178,111011111111111110101100000000000000000000000100000000000000000000000100001110001
1179,111011111111111110101000000001000001
1180,111011111111111100000000000100000100
1181,11101111111111110000000000010000010
1182,1110111111111111000000000001000001
1183,11101111111111111010110000000000000000000000010000000000000000000000010010011
1184,111011111111111110101100000000000000000000000100000000000000000100000011
1185,11101111111111111010110000000000000100001
1186,111011111111111110101100000000000000000000000100000000000000000000000100011
1187,111011111111111110101100000000000000000000000100000100000010
1188,11101111111111111010110000000000000000000000010000010000001
1189,11101111111111110000000000011
1190,11101111111111111010110000000000000000000000010000000000000000010000011
1191,11101111111111111010110000000000000000000000010000010000000001
1192,1110111111111111101011001
1193,1110111111111111000000000001000001010
1194,111011111111111100000000000100000101
1195,1110111111111111101011000000000000010001
1196,111011111111111110101100000000000000000000000100000000000000000000000100101
1197,111011111111111110101100000000000000000000000100000000000000000000000100110
1198,11101111111111111010110000000000000000000000010000000000000000000000010011
1199,11101111111111111010110000000000000000000000010000000000000000000000010000111000011
1200,11101111111111111010110000000010
1201,1110111111111111101011000000001
1202,1110111111111111101011000000000000000000000001000000000000000000000001000011100001001
1203,1110111111111111000000010
1204,111011111111111100000001
1205,1110111111111111101011000000000000000000000001000000000000000000000001000011100011
1206,11101111111111111010110000001
1207,11101111111111111100
1208,11101111111111111010110001
1209,1110111111111111000000000001000001011000
1210,111011111111111100000000000100000101100
1211,11101111111111110000000000010000010110
1212,1110111111111111000000000001000001011
1213,11101111111111111010110000000011
1214,11101111111111110000000000010000010111
1215,111011111111111110101100000000000100
1216,11101111111111111010110000000000010
1217,1110111111111111101011000000000001
1218,111011111111111110101100000000000000000000000100000000000000000000000100111
1219,1110111111111111101011000000000000000000000001000001000000001
1220,111011111111111110101100000000000101
1221,1110111111111111110
1222,111011111111111100010
1223,11101111111111110001
1224,1110111111111111101011000000000000000000000001000001000000110
1225,111011111111111110101100000000000000000000000100000100000011
1226,111011111111111100000000000100100
1227,11101111111111110000000000010010
1228,1110111111111111000000000001001
1229,111011111111111110101100000000000000000000000100000000000000000100001
1230,1110111111111111101011000000000000000000000001000000000000000001000100
1231,111011111111111110101100000000000000000000000100000000000000000100010
1232,11101111111111111010110000000000000000000000010000000000000000010001
1233,1110111111111111101011000000000000000000000001000000000000000001001
1234,11101111111111111010110000000000000111
1235,1110111111111111000000011
1236,11101111111111111010110000000000000000000000010000000000000000000001000000
1237,1110111111111111101011000000000000000000000001000000000000000000000100000
1238,111011111111111110101100000000000000000000000100000000000000000000010000
1239,11101111111111111010110000000000000000000000010000000000000000000001000
1240,1110111111111111101011000000000000000000000001000000000000000000000100
1241,111011111111111110101100000000000001001
1242,1110111111111111101011000000000000000000000001000001000000111
1243,11101111111111111010110000000000011
1244,1110111111111111000000000001000001011001
1245,11101111111111110000000000010000011
1246,111011111111111110101100000000000000000000000100000000000000000000000101
1247,11101111111111111010111
1248,11101111111111111110
1249,1110111111111111111
1250,1110111111111111001
1251,1110111111111111101011000000000000000000000001000000000000000001000101
1252,111011111111111100000000000100101
1253,1110111111111111000110
1254,111011111111111100011
1255,11101111111111111010110000000000000101
1256,11101111111111111010110000000000000000000000010000000000000000000000011
1257,111011111111111100000000000100000101101
1258,111011111111111110101100000000000000000000000100000100000001
1259,11101111111111111010110000000000000000000000010000000000000000000001000001
1260,1110111111111111101011000001
1261,1110111111111110
1262,111011111111111110101100000000000000000000000100000000000000000000000100001110100
1263,11101111111111111010110000000000000000000000010000000000000000000000010000111010
1264,1110111111111111101011000000000000000000000001000000000000000000000001000011101
1265,111011111111111110101100000000000000000000000100000000000000000000000100001110101
1266,111011111111111110101100000000000000000000000100000000000000000100011
1267,11101111111111110000000000010011
1268,11101111111111111111
1269,1110111111111111101011000000000000000000000001000001000010
1270,111011111111111110101100000000000000000000000100000100001
1271,1110111111111111000111
1272,111011111111111110101101
1273,11101111111111111010110000000001
1274,11101111111111111010110000000000000000000000010000000000000000000001001
1275,111011111111111110101100000000001
1276,111100000
1277,11110000
1278,1111000
1279,111100
1280,11110
1281,1111
1282,111011111111111110101100000000000000000000000100000000000000000000010001
1283,111011111111111110101100000000000000000000000100000100000100
1284,11101111111111111010110000000000000000000000010000010000010
1285,1110111111111111101011000000000000000000000001000001000001
1286,111100001
1287,11111000000000000
1288,1111100000000000
1289,111110000000000
1290,11111000000000
1291,1111100000000
1292,111110000000
1293,11111000000
1294,1111100000
1295,111110000
1296,11111000
1297,1111100
1298,111110
1299,11111
1300,1110111111111111101011000000000000000000000001000001000011
1301,111011111111111110101100000000000000000000000100000000000000000000001
1302,1110111111111111101011000000000000001
1303,111011111111111110101100001
1304,111011111111111110101100000000000000000000000100000000000000000000010000100
1305,11101111111111111010110000000000000000000000010000000000000000000001000010
1306,1110111111111111101011000000000000000000000001000000000000000000000100001
1307,11101111111111111010110000000000001
1308,11101111111111111010110000000000000000000000010000000000000000000000010000111011
1309,111110000000100
1310,11111000000010
1311,1111100000001
1312,11101111111110
1313,111011111111111110101100000000000000000000000100000100000101
1314,1110111111111111101011000000000000000000000001000000000000000000001
1315,11101111111111111010110000000000000001
1316,111011111111111110101100000000000000000000000100000000000000000000010
1317,11101111111111111010110000000000000000000000010000000000000000000001
1318,111110000000101
1319,111011111111110000
1320,11101111111111000
1321,1110111111111100
1322,111011111111110
1323,1110111111111111101011000000000000000000000001000000000000000000000101000
1324,111011111111111110101100000000000000000000000100000000000000000000010100
1325,11101111111111111010110000000000000000000000010000000000000000000001010
1326,1110111111111111101011000000000000000000000001000000000000000000000101
1327,111011111111111110101100000000000000000000000100000000000000000000010000101
1328,111100010
1329,11110001
1330,111011111111111110101100000000000000001
1331,1110111111111100010
1332,111011111111110001
1333,111011111111111110101100000000000000000000000100000100010
1334,11101111111111111010110000000000000000000000010000010001
1335,111011111111111110101100000000000000000000000100000000000000000001
1336,11101111111111111010110000000000000000000000010000000000000000000001000011000000
1337,1110111111111111101011000000000000000000000001000000000000000000000100001100000
1338,111011111111111110101100000000000000000000000100000000000000000000010000110000
1339,11101111111111111010110000000000000000000000010000000000000000000001000011000
1340,1110111111111111101011000000000000000000000001000000000000000000000100001100
1341,111011111111111110101100000000000000000000000100000000000000000000010000110
1342,11101111111111111010110000000000000000000000010000000000000000000001000011
1343,111011111111111110101100000000000000000000000100000000000000000000010000111
1344,11101111111111111010110000000000000000000000010000000000000000010100
1345,1110111111111111101011000000000000000000000001000000000000000001010
1346,111011111111111110101100000000000000000000000100000000000000000101
1347,11101111111111111010110000000000000000000000010000010000011
1348,11101111111111111010110000000000000000000000010000000000000000010101
1349,11101111111111111010110000000000000000001
1350,1110111111110
1351,111100011
1352,111110000000001
1353,11111000000011
1354,1110111111111111101011000000010
1355,111011111111111110101100000001
1356,1110111111111111101011000000000000000000000001000000000000000001011
1357,111110000000000010
1358,11111000000000001
1359,111011111111111110101100000000000000000000000100000100011
1360,1110111111111111101011000000000000000000000001000000000000000000000101001
1361,1111001
1362,11101111111111111010110000000000000000000000010000000000000000000001011
1363,11101111111111111010110000000000000000010
1364,1110111111111111101011000000000000000001
1365,111011111111111110101100000000000000000000000100000000000000000000010101000000
1366,11101111111111111010110000000000000000000000010000000000000000000001010100000
1367,1110111111111111101011000000000000000000000001000000000000000000000101010000
1368,111011111111111110101100000000000000000000000100000000000000000000010101000
1369,11101111111111111010110000000000000000000000010000000000000000000001010100
1370,1110111111111111101011000000000000000000000001000000000000000000000101010
1371,111011111111111110101100000000000000000000000100000000000000000000010101
1372,11101111111111111010110000000000000000000000010000000010
1373,1110111111111111101011000000000000000000000001000000001
1374,11101111111111111010110000000000000000000000010000000000000000011
1375,1110111111111111101011000000000000000000001
1376,111011111111110001100
1377,11101111111111000110
1378,1110111111111100011
1379,11101111111111000111
1380,11101111111111111010110000000000000000000000010000000000000000000001000011000001
1381,111011111111111110101100000000000000000001
1382,1110111111111111101011000000000000000000000001000000000000000000000101010000010
1383,111011111111111110101100000000000000000000000100000000000000000000010101000001
1384,1111101
1385,11101111111111111010110000000000000000000000010000000011
1386,111011111111111110101100000000000000000000000100000000000000000010
1387,11101111111111111010110000000000000000000000010000000000000000001
1388,11111000000001
1389,1110111111111111101011000000000000000000000001000001001
1390,111011111111111110101100000000000000000000000100000000000000000011
1391,1110111111111111101011000000000000000000000001000000000000000000000100001101
1392,111011111111111110101100000000000000000000000100000000000000000000011
1393,111011111111111110101100000000000000000000000100000101
1394,1111100000000000110
1395,111110000000000011
1396,11101111111111111010110000000110
1397,1110111111111111101011000000011
1398,11111001
1399,1110111111111111101011000000000000000000000001000000000000000000000100001100001
1400,11101111110
1401,11101111111111111010110000000000000000000000010000000000000000000001000011001
1402,1110111111111111101011000000000000000000000001000000000000000000000100001100010
1403,111011111111111110101100000000000000000000000100000000000000000000010000110001
1404,1110111111111111101011000000000000000000000001000000000000000000000101011
1405,1110111111111111101011000000000000000000000001000000100
1406,111011111111111110101100000000000000000000000100000010
1407,11101111111111111010110000000000000000000000010000001
1408,11101111111111111010110000000111
1409,111011110
1410,11101111111111111010110000000000000000000000010000000000000000000001010100000110
1411,1110111111111111101011000000000000000000000001000000000000000000000101010000011
1412,111011111111111110101100000000000000000000000100000000001
1413,111101
1414,1110111111111111101011000000000000000000000001000000000000000000000100001100011
1415,111011111111111110101100000000000000000000000100000011
1416,111011111110
1417,111011111111110010
1418,11101111111111001
1419,1110111111111111101011000000000000000000000001000000101
1420,11101111111111111010110000000000000000011
1421,111011111111110001101
1422,11111000001
1423,1110111111111111101011000000000000000000000001000000000000001
1424,1110111111111111101011000000000000000000000001000000000000000010
1425,111011111111111110101100000000000000000000000100000000000000001
1426,11101111111111001100
1427,1110111111111100110
1428,111011111111110011
1429,1111100000000000111
1430,11101111111111111010110000000000000000000000010000000000000000000001010101
1431,111011111111110011010
1432,11101111111111001101
1433,1111100000000001
1434,11101111111111111010110000000000000000000000010000000000000000000001010100000111
1435,111111
1436,111011111111111110101100000000000000000000000100000000000000001100
1437,11101111111111111010110000000000000000000000010000000000000000110
1438,1110111111111111101011000000000000000000000001000000000000000011
1439,1110111111111111101011000000000000000000000100
1440,111011111111111110101100000000000000000000010
1441,1110111111111100111
1442,1110111111111111101011000000000000000000000001000000000000000000000101010001
1443,11101111111111111010110000000000000000000001010
1444,1110111111111111101011000000000000000000000101
1445,11101111111111111010110000000000000000000000010000000001
1446,11101111111111111010110000000000000000000000010000011
1447,1110111111111101
1448,11101111111111111010110000000000000000000000010000000000000000111
1449,111011111111111110101100000000000000000000001
1450,1110111111111100110110
1451,111011111111110011011
1452,1110110
1453,111011111111111110101100000000000000000000000100000000000000000000010101001
1454,11101111111111111010110000000000000000000000010000000000000000110100
1455,1110111111111111101011000000000000000000000001000000000000000011010
1456,111011111111111110101100000000000000000000000100000000000000001101
1457,11101111111111111010110000000000000000000000010000000000000000000001010100001000
1458,1110111111111111101011000000000000000000000001000000000000000000000101010000100
1459,111011111111111110101100000000000000000000000100000000000000000000010101000010
1460,11101111111111111010110000000000000000000000010000000000000000000001010100001
1461,11101111111111111010110000000000000000000000011
1462,11101111111111111010110000000000000000000000010000000000000000000001010100001001
1463,11101110
1464,111011111111111110101100000000000000000000000100100
1465,11101111111111111010110000000000000000000000010010
1466,1110111111111111101011000000000000000000000001001
1467,11101111111111111010110000000000000000000000010000000000001
1468,111110001
1469,1110111111111111101011000000000000000000000001001010
1470,111011111111111110101100000000000000000000000100101
1471,111011111111111110101100000000000000000000000101
1472,1110111111111111101011000000000000000000000110
1473,111011111111111110101100000000000000000000011
1474,111110000001
1475,11111000010
1476,1111100001
1477,111011111111111110101100000000000000000000010110
1478,11101111111111111010110000000000000000000001011
1479,1110111111111111101011000000000000000000000111
1480,11101111111111111010110000000000000000000000010000000000000000110110
1481,1110111111111111101011000000000000000000000001000000000000000011011
1482,1110111110
1483,111011111111111110101100000000000000000000010111
1484,1110111111111100110111
1485,1110111111111111101011000000000000000000000001001011
1486,111110000110
1487,11111000011
1488,1110111111111111101011000000000000000000000001000000000001
1489,111011111111111110101100000000000000000000000100000001
1490,1111100001110
1491,111110000111
1492,111011111111111110101100000000000000000000000100110000
1493,11101111111111111010110000000000000000000000010011000
1494,1110111111111111101011000000000000000000000001001100
1495,111011111111111110101100000000000000000000000100110
1496,11101111111111111010110000000000000000000000010011
1497,111011111111111110101100000000000000000000000100001
1498,11111000011110
1499,1111100001111
1500,11101000
1501,1110100
1502,111010
1503,11101111111111111010110000000000000000000000010000000000000000000001010100001010
1504,1110111111111111101011000000000000000000000001000000000000000000000101010000101
1505,1110100100000000000
1506,111010010000000000
1507,11101001000000000
1508,1110100100000000
1509,111010010000000
1510,11101001000000
1511,1110100100000
1512,111010010000
1513,11101001000
1514,1110100100
1515,111010010
1516,11101001
1517,111110000111110
1518,11111000011111
1519,1110100101000
1520,111010010100
1521,11101001010
1522,1110100101
1523,11101111111111111010110000000000000000000000010000000000000001000
1524,1110111111111111101011000000000000000000000001000000000000000100
1525,111011111111111110101100000000000000000000000100000000000000010
1526,11101111111111111010110000000000000000000000010000000000000001
1527,11101111111111111010110000000000000000000000010000000000000100
1528,1110111111111111101011000000000000000000000001000000000000010
1529,111011111111111110101100000000000000000000000100000000000001
1530,1110111111111111101011000000000000000000000001000000000000011
1531,111010010101
1532,111110000111111
1533,111011111111111110101100000000000000000000000100010000
1534,11101111111111111010110000000000000000000000010001000
1535,1110111111111111101011000000000000000000000001000100
1536,111011111111111110101100000000000000000000000100010
1537,11101111111111111010110000000000000000000000010001
1538,1110111111111111101011000000000000000000000001000000000000000110
1539,111011111111111110101100000000000000000000000100000000000000011
1540,11101111111111111010110000000000000000000000010000000000000101
1541,1110100101001
1542,1110101
1543,11101111111111111010110000000000000000000000010000000000000000000001010100001011
1544,11
1545,111011111111111110101100000000000000000000000100000000000000001101110
1546,11101111111111111010110000000000000000000000010000000000000000110111
1547,11101001011
1548,111011111111111110101100000000000000000000000100000000000000001101111
1549,111010011
1550,11101111111111111010110000000000000000000000010001001
1551,111011111111111110101100000000000000000000000100000000000000010010
1552,11101111111111111010110000000000000000000000010000000000000001001
1553,1110100100000000001
1554,1110111111111111101011000000000000000000000001000100010
1555,111011111111111110101100000000000000000000000100010001
1556,11101111111111111010110000000000000000000000010000000000000001010
1557,1110111111111111101011000000000000000000000001000000000000000101
1558,111000
1559,11100
1560,11101111111111111010110000000000000000000000010000000000000001110
1561,1110111111111111101011000000000000000000000001000000000000000111
1562,11101111111111111010110000000000000000000000010001000110
1563,1110111111111111101011000000000000000000000001000100011
1564,1110111111111111101011000000000000000000000001000110000000001100010100011001100001011100000000000000000000000000000000000000000
1565,111011111111111110101100000000000000000000000100011000000000110001010001100110000101110000000000000000000000000000000000000000
1566,11101111111111111010110000000000000000000000010001100000000011000101000110011000010111000000000000000000000000000000000000000
1567,1110111111111111101011000000000000000000000001000110000000001100010100011001100001011100000000000000000000000000000000000000
1568,111011111111111110101100000000000000000000000100011000000000110001010001100110000101110000000000000000000000000000000000000
1569,11101111111111111010110000000000000000000000010001100000000011000101000110011000010111000000000000000000000000000000000000
1570,1110111111111111101011000000000000000000000001000110000000001100010100011001100001011100000000000000000000000000000000000
1571,111011111111111110101100000000000000000000000100011000000000110001010001100110000101110000000000000000000000000000000000
1572,11101111111111111010110000000000000000000000010001100000000011000101000110011000010111000000000000000000000000000000000
1573,1110111111111111101011000000000000000000000001000110000000001100010100011001100001011100000000000000000000000000000000
1574,111011111111111110101100000000000000000000000100011000000000110001010001100110000101110000000000000000000000000000000
1575,11101111111111111010110000000000000000000000010001100000000011000101000110011000010111000000000000000000000000000000
1576,1110111111111111101011000000000000000000000001000110000000001100010100011001100001011100000000000000000000000000000
1577,111011111111111110101100000000000000000000000100011000000000110001010001100110000101110000000000000000000000000000
1578,11101111111111111010110000000000000000000000010001100000000011000101000110011000010111000000000000000000000000000
1579,1110111111111111101011000000000000000000000001000110000000001100010100011001100001011100000000000000000000000000
1580,111011111111111110101100000000000000000000000100011000000000110001010001100110000101110000000000000000000000000
1581,11101111111111111010110000000000000000000000010001100000000011000101000110011000010111000000000000000000000000
1582,1110111111111111101011000000000000000000000001000110000000001100010100011001100001011100000000000000000000000
1583,111011111111111110101100000000000000000000000100011000000000110001010001100110000101110000000000000000000000
1584,11101111111111111010110000000000000000000000010001100000000011000101000110011000010111000000000000000000000
1585,1110111111111111101011000000000000000000000001000110000000001100010100011001100001011100000000000000000000
1586,111011111111111110101100000000000000000000000100011000000000110001010001100110000101110000000000000000000
1587,11101111111111111010110000000000000000000000010001100000000011000101000110011000010111000000000000000000
1588,1110111111111111101011000000000000000000000001000110000000001100010100011001100001011100000000000000000
1589,111011111111111110101100000000000000000000000100011000000000110001010001100110000101110000000000000000
1590,11101111111111111010110000000000000000000000010001100000000011000101000110011000010111000000000000000
1591,1110111111111111101011000000000000000000000001000110000000001100010100011001100001011100000000000000
1592,111011111111111110101100000000000000000000000100011000000000110001010001100110000101110000000000000
1593,11101111111111111010110000000000000000000000010001100000000011000101000110011000010111000000000000
1594,1110111111111111101011000000000000000000000001000110000000001100010100011001100001011100000000000
1595,111011111111111110101100000000000000000000000100011000000000110001010001100110000101110000000000
1596,11101111111111111010110000000000000000000000010001100000000011000101000110011000010111000000000
1597,1110111111111111101011000000000000000000000001000110000000001100010100011001100001011100000000
1598,111011111111111110101100000000000000000000000100011000000000110001010001100110000101110000000
1599,11101111111111111010110000000000000000000000010001100000000011000101000110011000010111000000
1600,1110111111111111101011000000000000000000000001000110000000001100010100011001100001011100000
1601,111011111111111110101100000000000000000000000100011000000000110001010001100110000101110000
1602,11101111111111111010110000000000000000000000010001100000000011000101000110011000010111000
1603,1110111111111111101011000000000000000000000001000110000000001100010100011001100001011100
1604,111011111111111110101100000000000000000000000100011000000000110001010001100110000101110
1605,11101111111111111010110000000000000000000000010001100000000011000101000110011000010
1606,111011111111111110101100000000000000000000000100011000000000110001010001100110000
1607,11101111111111111010110000000000000000000000010001100000000011000101000110011000
1608,1110111111111111101011000000000000000000000001000110000000001100010100011001100
1609,11101111111111111010110000000000000000000000010001100000000011000101000110011
1610,1110111111111111101011000000000000000000000001000110000000001100010100011001
1611,1110111111111111101011000000000000000000000001000110000000001100010100011
1612,111011111111111110101100000000000000000000000100011000000000110001010001
1613,11101111111111111010110000000000000000000000010001100000000011000101000
1614,1110111111111111101011000000000000000000000001000110000000001100010100
1615,111011111111111110101100000000000000000000000100011000000000110001010
1616,11101111111111111010110000000000000000000000010001100000000011000101
1617,1110111111111111101011000000000000000000000001000110000000001100010
1618,111011111111111110101100000000000000000000000100011000000000110001
1619,11101111111111111010110000000000000000000000010001100000000011000
1620,111011111111111110101100000000000000000000000100011000000000110
1621,11101111111111111010110000000000000000000000010001100000000011
1622,1110111111111111101011000000000000000000000001000110000000001
1623,111011111111111110101100000000000000000000000100011000000000
1624,1110111111111111101011000000000000000000000001000110000000
1625,111011111111111110101100000000000000000000000100011000000
1626,11101111111111111010110000000000000000000000010001100000
1627,1110111111111111101011000000000000000000000001000110000
1628,111011111111111110101100000000000000000000000100011000
1629,11101111111111111010110000000000000000000000010001100
1630,1110111111111111101011000000000000000000000001000110
1631,111011111111111110101100000000000000000000000100011
1632,1110010
1633,111001
1634,11101111111111111010110000000000000000000000010001000111
1635,111010010001
1636,111010010000000001
1637,111011111111111110101100000000000000000000000100000000000000000000010101000011
1638,111011111111111110101100000000000000000000000100110001
1639,1110111111111111101011000000000000000000000001000110000000001100010100011001100001011100000000000000000000000000000000000000001
1640,11101111111111111010110000000000000000000000010001101
1641,1110111111111111101011000000000000000000000001000000000000000101100
1642,111011111111111110101100000000000000000000000100000000000000010110
1643,11101111111111111010110000000000000000000000010000000000000001011
1644,111011111111111110101100000000000000000000000100111
1645,1110111111111111101011000000000000000000000001000000000000000101101
1646,1110111111111111101011000000000000000000000001000000000000000111100
1647,111011111111111110101100000000000000000000000100000000000000011110
1648,11101111111111111010110000000000000000000000010000000000000001111
1649,11101111111111111010110000000000000000000000010001010000000
1650,1110111111111111101011000000000000000000000001000101000000
1651,111011111111111110101100000000000000000000000100010100000
1652,11101111111111111010110000000000000000000000010001010000
1653,1110111111111111101011000000000000000000000001000101000
1654,111011111111111110101100000000000000000000000100010100
1655,11101111111111111010110000000000000000000000010001010
1656,1110111111111111101011000000000000000000000001000101
1657,1110111111111111101011000000000000000000000001001101
1658,11101001000000001
1659,1110100100000001
1660,1110111111111111101011000000000000000000000001000000000000000111110
1661,111011111111111110101100000000000000000000000100000000000000011111
1662,111011111111111110101100000000000000000000000100011001
1663,111011111111111110101100000000000000000000000100000000000000010011
1664,1110111111111111101011000000000000000000000001001100100
1665,111011111111111110101100000000000000000000000100110010
1666,11101111111111111010110000000000000000000000010011001
1667,11101001001
1668,11101111111111111010110000000000000000000000010001011
1669,111011111111111110101100000000000000000000000100010100000010
1670,11101111111111111010110000000000000000000000010001010000001
1671,111011111111111110101100000000000000000000000100010100000011
1672,1110011
1673,111011111111111110101100000000000000000000000100011000000000110001010001100110000101110000000000000000000000000000000000000001
1674,1110111111111111101011000000000000000000000001000110000010
1675,111011111111111110101100000000000000000000000100011000001
1676,111011111111111110101100000000000000000000000100010101
1677,1110111111111111101011000000000000000000000001001100101
1678,1110111111111111101011000000000000000000000001000110000000010
1679,111011111111111110101100000000000000000000000100011000000001
1680,11101111111111111010110000000000000000000000010001100000000011000101000110011000010111000000000000000000000000000000000000001
1681,11101111111111111010110000000000000000000000010000000000000000110101
1682,111011111111111110101100000000000000000000000100011000000000110001010001100110000101110000000000000000000000000000000000000100
1683,11101111111111111010110000000000000000000000010001100000000011000101000110011000010111000000000000000000000000000000000000010
1684,1110111111111111101011000000000000000000000001000110000000001100010100011001100001011100000000000000000000000000000000000001
1685,1110111111111111101011000000000000000000000001000101000001
1686,111011111111111110101100000000000000000000000100000000000000010111
1687,111011111111111110101100000000000000000000000100011000000000110001010001100110000101110000000000000000000000000000000000000101
1688,11101111111111111010110000000000000000000000010000000000000001111110
1689,1110111111111111101011000000000000000000000001000000000000000111111
1690,1110100100001
1691,11101111111111111010110000000000000000000000010001100000000110000
1692,1110111111111111101011000000000000000000000001000110000000011000
1693,111011111111111110101100000000000000000000000100011000000001100
1694,11101111111111111010110000000000000000000000010001100000000110
1695,1110111111111111101011000000000000000000000001000110000000011
1696,11101111111111111010110000000000000000000000010001100000000110001
1697,111011111111111110101100000000000000000000000100110011
1698,11101111111111111010110000000000000000000000010001100000000011000101000110011000010111000000000000000000000000000000000000011
1699,111011111111111110101100000000000000000000000100011000000000110001010001100110000101110000000000000000000000000000000000001000000
1700,11101111111111111010110000000000000000000000010001100000000011000101000110011000010111000000000000000000000000000000000000100000
1701,1110111111111111101011000000000000000000000001000110000000001100010100011001100001011100000000000000000000000000000000000010000
1702,111011111111111110101100000000000000000000000100011000000000110001010001100110000101110000000000000000000000000000000000001000
1703,11101111111111111010110000000000000000000000010001100000000011000101000110011000010111000000000000000000000000000000000000100
1704,1110111111111111101011000000000000000000000001000110000000001100010100011001100001011100000000000000000000000000000000000010
1705,111011111111111110101100000000000000000000000100011000000000110001010001100110000101110000000000000000000000000000000000001
1706,1110111111111111101011000000000000000000000001000110001
1707,1110111111111111101011000000000000000000000001000000000000000111101
1708,11101111111111111010110000000000000000000000010001010010
1709,1110111111111111101011000000000000000000000001000101001
1710,111011111111111110101100000000000000000000000100011000000000110001010001100110000101110000000000000000000000000000000000100
1711,11101111111111111010110000000000000000000000010001100000000011000101000110011000010111000000000000000000000000000000000010
1712,1110111111111111101011000000000000000000000001000110000000001100010100011001100001011100000000000000000000000000000000001
1713,111011111111111110101100000000000000000000000100011000000001101
1714,1110111111111111101011000000000000000000000001000110000011
1715,111011111111111110101100000000000000000000000100010100001
1716,111011111111111110101100000000000000000000000100011000000000110001010001100110000101110000000000000000000000000000000000101
1717,1110111111111111101011000000000000000000000001000000000000000111111100
1718,111011111111111110101100000000000000000000000100000000000000011111110
1719,11101111111111111010110000000000000000000000010000000000000001111111
1720,1110100100000100
1721,111010010000010
1722,11101001000001
1723,111011111111111110101100000000000000000000000100010100010
1724,11101111111111111010110000000000000000000000010001010001
1725,111011111111111110101100000000000000000000000100010100011
1726,1110111111111111101011000000000000000000000001000000000000000111111110
1727,111011111111111110101100000000000000000000000100000000000000011111111
1728,1110100100000110
1729,111010010000011
1730,111011111111111110101100000000000000000000000100000000000000011111110100
1731,11101111111111111010110000000000000000000000010000000000000001111111010
1732,1110111111111111101011000000000000000000000001000000000000000111111101
1733,1110100100000010
1734,111010010000001
1735,1110111111111111101011000000000000000000000001000110000000011001
1736,111011111111111110101100000000000000000000000100000000000000011111110101
1737,1110111111111111101011000000000000000000000001000000000000000111111111
1738,1110100100000101
1739,11101111111111111010110000000000000000000000010001100000000011000101000110011000010111000000000000000000001000000000000000000000000000000
1740,1110111111111111101011000000000000000000000001000110000000001100010100011001100001011100000000000000000000100000000000000000000000000000
1741,111011111111111110101100000000000000000000000100011000000000110001010001100110000101110000000000000000000010000000000000000000000000000
1742,11101111111111111010110000000000000000000000010001100000000011000101000110011000010111000000000000000000001000000000000000000000000000
1743,1110111111111111101011000000000000000000000001000110000000001100010100011001100001011100000000000000000000100000000000000000000000000
1744,111011111111111110101100000000000000000000000100011000000000110001010001100110000101110000000000000000000010000000000000000000000000
1745,11101111111111111010110000000000000000000000010001100000000011000101000110011000010111000000000000000000001000000000000000000000000
1746,1110111111111111101011000000000000000000000001000110000000001100010100011001100001011100000000000000000000100000000000000000000000
1747,111011111111111110101100000000000000000000000100011000000000110001010001100110000101110000000000000000000010000000000000000000000
1748,11101111111111111010110000000000000000000000010001100000000011000101000110011000010111000000000000000000001000000000000000000000
1749,1110111111111111101011000000000000000000000001000110000000001100010100011001100001011100000000000000000000100000000000000000000
1750,111011111111111110101100000000000000000000000100011000000000110001010001100110000101110000000000000000000010000000000000000000
1751,11101111111111111010110000000000000000000000010001100000000011000101000110011000010111000000000000000000001000000000000000000
1752,1110111111111111101011000000000000000000000001000110000000001100010100011001100001011100000000000000000000100000000000000000
1753,111011111111111110101100000000000000000000000100011000000000110001010001100110000101110000000000000000000010000000000000000
1754,11101111111111111010110000000000000000000000010001100000000011000101000110011000010111000000000000000000001000000000000000
1755,1110111111111111101011000000000000000000000001000110000000001100010100011001100001011100000000000000000000100000000000000
1756,111011111111111110101100000000000000000000000100011000000000110001010001100110000101110000000000000000000010000000000000
1757,11101111111111111010110000000000000000000000010001100000000011000101000110011000010111000000000000000000001000000000000
1758,1110111111111111101011000000000000000000000001000110000000001100010100011001100001011100000000000000000000100000000000
1759,111011111111111110101100000000000000000000000100011000000000110001010001100110000101110000000000000000000010000000000
1760,11101111111111111010110000000000000000000000010001100000000011000101000110011000010111000000000000000000001000000000
1761,1110111111111111101011000000000000000000000001000110000000001100010100011001100001011100000000000000000000100000000
1762,111011111111111110101100000000000000000000000100011000000000110001010001100110000101110000000000000000000010000000
1763,11101111111111111010110000000000000000000000010001100000000011000101000110011000010111000000000000000000001000000
1764,1110111111111111101011000000000000000000000001000110000000001100010100011001100001011100000000000000000000100000
1765,111011111111111110101100000000000000000000000100011000000000110001010001100110000101110000000000000000000010000
1766,11101111111111111010110000000000000000000000010001100000000011000101000110011000010111000000000000000000001000
1767,1110111111111111101011000000000000000000000001000110000000001100010100011001100001011100000000000000000000100
1768,111011111111111110101100000000000000000000000100011000000000110001010001100110000101110000000000000000000010
1769,11101111111111111010110000000000000000000000010001100000000011000101000110011000010111000000000000000000001
1770,1110111111111111101011000000000000000000000001000110000000001100010100011001100001011100000000000000000000000000000000000010000010
1771,111011111111111110101100000000000000000000000100011000000000110001010001100110000101110000000000000000000000000000000000001000001
1772,1110111111111111101011000000000000000000000001000110000000001100010100011001100001011100000000000000000000000000000000000010000011
1773,111011111111111110101100000000000000000000000100011000000000110001010001100110000101110000000000000000000000000000000000001001
1774,1110111111111111101011000000000000000000000001000111
1775,1110111111111111101011000000000000000000000001000110000000001100010100011001100001011100000000000000000000100000000000000000000001
1776,11101111111111111010110000000000000000000000010001100000000011000101000110011000010111000000000000000000001000000000000000000000000000001
1777,11101111111111111010110000000000000000000000010001100000000011100
1778,1110111111111111101011000000000000000000000001000110000000001110
1779,111011111111111110101100000000000000000000000100011000000000111
1780,11101111111111111010110000000000000000000000010001100000000011101
1781,1110111111111111101011000000000000000000000001000110000000001100010100011001100001011100000000000000000000000000000000000010001
1782,1110111111111111101011000000000000000000000001000110000000001100010100011001100001011100000000000000000000100000000000000000000000000001
1783,1110111111111111101011000000000000000000000001000000000000000111111101100
1784,111011111111111110101100000000000000000000000100000000000000011111110110
1785,11101111111111111010110000000000000000000000010000000000000001111111011
1786,111011111111111110101100000000000000000000000100010100110
1787,11101111111111111010110000000000000000000000010001010011
1788,1110111111111111101011000000000000000000000001000110000001
1789,1110111111111111101011000000000000000000000001000000000000000111111101101
1790,1110111111111111101011000000000000000000000001000110000000001100010100011001100001011100000000000000000000100000000000000000000000000010
1791,111011111111111110101100000000000000000000000100011000000000110001010001100110000101110000000000000000000010000000000000000000000000001
1792,11101111111111111010110000000000000000000000010001100000000011000101000110011000010111000000000000000000000000000000000011
1793,1110111111111111101011000000000000000000000001000110000100
1794,111011111111111110101100000000000000000000000100011000010
1795,11101111111111111010110000000000000000000000010001100001
1796,1110111111111111101011000000000000000000000001000110000000001111
1797,1110100100000011
1798,111011111111111110101100000000000000000000000100011000000000110001010001100110000101110000010000000000000
1799,11101111111111111010110000000000000000000000010001100000000011000101000110011000010111000001000000000000
1800,1110111111111111101011000000000000000000000001000110000000001100010100011001100001011100000100000000000
1801,111011111111111110101100000000000000000000000100011000000000110001010001100110000101110000010000000000
1802,11101111111111111010110000000000000000000000010001100000000011000101000110011000010111000001000000000
1803,1110111111111111101011000000000000000000000001000110000000001100010100011001100001011100000100000000
1804,111011111111111110101100000000000000000000000100011000000000110001010001100110000101110000010000000
1805,11101111111111111010110000000000000000000000010001100000000011000101000110011000010111000001000000
1806,1110111111111111101011000000000000000000000001000110000000001100010100011001100001011100000100000
1807,111011111111111110101100000000000000000000000100011000000000110001010001100110000101110000010000
1808,11101111111111111010110000000000000000000000010001100000000011000101000110011000010111000001000
1809,1110111111111111101011000000000000000000000001000110000000001100010100011001100001011100000100
1810,111011111111111110101100000000000000000000000100011000000000110001010001100110000101110000010
1811,11101111111111111010110000000000000000000000010001100000000011000101000110011000010111000001
1812,11101111111111111010110000000000000000000000010001100000000111
1813,111011111111111110101100000000000000000000000100010100111
1814,1110111111111111101011000000000000000000000001000110000000001100010100011001100001011100000000000000000000000000000000000011
1815,11101111111111111010110000000000000000000000010001100000000011000101000110011000010111000000000000000000001000000000000000000000000001
1816,11101111111111111010110000000000000000000000010001100000000011000101000110011000010111000000000000000000000000000000000001
1817,1110111111111111101011000000000000000000000001000110000110
1818,111011111111111110101100000000000000000000000100011000011
1819,11101111111111111010110000000000000000000000010001100000000011000101000110011000010111000000000000000000000000000000001
1820,111010010000011100
1821,11101001000001110
1822,1110100100000111
1823,1110111111111111101011000000000000000000000001000110000000001100010100011001100001011100000000000000000000100000000000000000000000100000000
1824,111011111111111110101100000000000000000000000100011000000000110001010001100110000101110000000000000000000010000000000000000000000010000000
1825,11101111111111111010110000000000000000000000010001100000000011000101000110011000010111000000000000000000001000000000000000000000001000000
1826,1110111111111111101011000000000000000000000001000110000000001100010100011001100001011100000000000000000000100000000000000000000000100000
1827,111011111111111110101100000000000000000000000100011000000000110001010001100110000101110000000000000000000010000000000000000000000010000
1828,11101111111111111010110000000000000000000000010001100000000011000101000110011000010111000000000000000000001000000000000000000000001000
1829,1110111111111111101011000000000000000000000001000110000000001100010100011001100001011100000000000000000000100000000000000000000000100
1830,111011111111111110101100000000000000000000000100011000000000110001010001100110000101110000000000000000000010000000000000000000000010
1831,11101111111111111010110000000000000000000000010001100000000011000101000110011000010111000000000000000000001000000000000000000000001
1832,1110111111111111101011000000000000000000000001000110000000001100010100011001100001011100000000000000000000100000000000000000000000000011
1833,11101111111111111010110000000000000000000000010001100001110
1834,1110111111111111101011000000000000000000000001000110000111
1835,1110100100000111010
1836,111010010000011101
1837,11101111111111111010110000000000000000000000010000000000000001111111011100000
1838,1110111111111111101011000000000000000000000001000000000000000111111101110000
1839,111011111111111110101100000000000000000000000100000000000000011111110111000
1840,11101111111111111010110000000000000000000000010000000000000001111111011100
1841,1110111111111111101011000000000000000000000001000000000000000111111101110
1842,111011111111111110101100000000000000000000000100000000000000011111110111
1843,1110100100000111011
1844,11101001000001111
1845,111011111111111110101100000000000000000000000100011000000000110001010001100110000101110000010000000000001
1846,11101111111111111010110000000000000000000000010001100001010100000000
1847,1110111111111111101011000000000000000000000001000110000101010000000
1848,111011111111111110101100000000000000000000000100011000010101000000
1849,11101111111111111010110000000000000000000000010001100001010100000
1850,1110111111111111101011000000000000000000000001000110000101010000
1851,111011111111111110101100000000000000000000000100011000010101000
1852,11101111111111111010110000000000000000000000010001100001010100
1853,1110111111111111101011000000000000000000000001000110000101010
1854,11101111111111111010110000000000000000000000010001100001010
1855,1110111111111111101011000000000000000000000001000110000101
1856,111011111111111110101100000000000000000000000100011000000000110001010001100110000101110000000000000000000000000000000000001000010
1857,11101111111111111010110000000000000000000000010001100000000011000101000110011000010111000000000000000000000000000000000000100001
1858,1110111111111111101011000000000000000000000001000110000000001100010100011001100001011100000000000000000000000000000001
1859,111011111111111110101100000000000000000000000100011000000000110001010001100110000101110000000000000000000010000000000000000000000010000001
1860,111011111111111110101100000000000000000000000100011000000000110011000
1861,11101111111111111010110000000000000000000000010001100000000011001100
1862,1110111111111111101011000000000000000000000001000110000000001100110
1863,11101111111111111010110000000000000000000000010001100000000011001
1864,111011111111111110101100000000000000000000000100011000000000110010
1865,11101111111111111010110000000000000000000000010001100000000011000101000110011000010111000000000000000000001100000000
1866,1110111111111111101011000000000000000000000001000110000000001100010100011001100001011100000000000000000000110000000
1867,111011111111111110101100000000000000000000000100011000000000110001010001100110000101110000000000000000000011000000
1868,11101111111111111010110000000000000000000000010001100000000011000101000110011000010111000000000000000000001100000
1869,1110111111111111101011000000000000000000000001000110000000001100010100011001100001011100000000000000000000110000
1870,111011111111111110101100000000000000000000000100011000000000110001010001100110000101110000000000000000000011000
1871,11101111111111111010110000000000000000000000010001100000000011000101000110011000010111000000000000000000001100
1872,1110111111111111101011000000000000000000000001000110000000001100010100011001100001011100000000000000000000110
1873,111011111111111110101100000000000000000000000100011000000000110001010001100110000101110000000000000000000011
1874,1110111111111111101011000000000000000000000001000110000000001100110010
1875,111011111111111110101100000000000000000000000100011000000000110011001
1876,111011111111111110101100000000000000000000000100011000000000110001010001100110000101110000000000000000000000000000000000001000011
1877,111011111111111110101100000000000000000000000100011000000000110001010001100110000101110000000000000000000000000000000001
1878,11101111111111111010110000000000000000000000010001100000011
1879,1110111111111111101011000000000000000000000001000000000000000111111101111
1880,1110111111111111101011000000000000000000000001000110000000001100010100011001100001011100000000000000000000100000000000000000000000100000001
1881,11101111111111111010110000000000000000000000010000000000000001111111011100001
1882,111011111111111110101100000000000000000000000100011000011110
1883,11101111111111111010110000000000000000000000010001100001111
1884,11101111111111111010110000000000000000000000010001100001010100000001
1885,1110111111111111101011000000000000000000000001000110000000001100010100011001100001011100000000000000000000100000000000000000000000001
1886,111011111111111110101100000000000000000000000100011000000000110011001100
1887,11101111111111111010110000000000000000000000010001100000000011001100110
1888,1110111111111111101011000000000000000000000001000110000000001100110011
1889,11101111111111111010110000000000000000000000010001100000000011000101000110011000010111000001000000010000
1890,1110111111111111101011000000000000000000000001000110000000001100010100011001100001011100000100000001000
1891,111011111111111110101100000000000000000000000100011000000000110001010001100110000101110000010000000100
1892,11101111111111111010110000000000000000000000010001100000000011000101000110011000010111000001000000010
1893,1110111111111111101011000000000000000000000001000110000000001100010100011001100001011100000100000001
1894,111011111111111110101100000000000000000000000100011000000000110001010001100110000101110000000000000000000000000000001
1895,1110111111111111101011000000000000000000000001000000000000000111111101110001
1896,111011111111111110101100000000000000000000000100011000010100
1897,11101111111111111010110000000000000000000000010001100001010100110000100000
1898,1110111111111111101011000000000000000000000001000110000101010011000010000
1899,111011111111111110101100000000000000000000000100011000010101001100001000
1900,11101111111111111010110000000000000000000000010001100001010100110000100
1901,1110111111111111101011000000000000000000000001000110000101010011000010
1902,111011111111111110101100000000000000000000000100011000010101001100001
1903,11101111111111111010110000000000000000000000010001100001010100110000
1904,1110111111111111101011000000000000000000000001000110000101010011000
1905,111011111111111110101100000000000000000000000100011000010101001100
1906,11101111111111111010110000000000000000000000010001100001010100110
1907,11101111111111111010110000000000000000000000010001100001010100111
1908,1110111111111111101011000000000000000000000001000110000101010011
1909,1110111111111111101011000000000000000000000001000110000000001100010100011001100001011100000000000000000000100000000000000000000100
1910,111011111111111110101100000000000000000000000100011000000000110001010001100110000101110000000000000000000010000000000000000000010
1911,11101111111111111010110000000000000000000000010001100000000011000101000110011000010111000000000000000000001000000000000000000001
1912,111011111111111110101100000000000000000000000100011000011111
1913,1110111111111111101011000000000000000000000001000110000101010000001
1914,111011111111111110101100000000000000000000000100011000000000110001010001100110000101110000000000000000000010000000000000000000000001
1915,11101111111111111010110000000000000000000000010000000000000001111111011101
1916,111011111111111110101100000000000000000000000100011000000000110001010001100110000101110000000000000000000000000000000000001010
1917,11101111111111111010110000000000000000000000010001100000000011000101000110011000010111000000000000000000000000000000000000101
1918,11101111111111111010110000000000000000000000010001100000000011000101000110011000010111000001000000000001
1919,11101111111111111010110000000000000000000000010001100000000011000101000110011000010111000000000000000000001000000000000000000000001000001
1920,11101111111111111010110000000000000000000000010001100000000011000101000110011000010111000000000000000000001000000000000000000000001000010
1921,1110111111111111101011000000000000000000000001000110000000001100010100011001100001011100000000000000000000100000000000000000000000100001
1922,11101111111111111010110000000000000000000000010001100000000011000101000110011000010111000001000000010001
1923,11101111111111111010110000000000000000000000010001100000000011000101000110011000010111000000000000000000000000000001
1924,11101111111111111010110000000000000000000000010001100001011
1925,111011111111111110101100000000000000000000000100011000010101000001
1926,1110111111111111101011000000000000000000000001000110000000001100110011010
1927,111011111111111110101100000000000000000000000100011000000000110011001101
1928,11101111111111111010110000000000000000000000010001100000000011000101000110011000010111000001000000000010
1929,1110111111111111101011000000000000000000000001000110000000001100010100011001100001011100000100000000001
1930,11101111111111111010110000000000000000000000010001100000000011001100111
1931,111011111111111110101100000000000000000000000100011000000000110001010001100110000101110000000000000000000010000000000000000000011
1932,1110111111111111101011000000000000000000000001000110000000001100010100011001100001011100000000000000000000000000001
1933,1110111111111111101011000000000000000000000001000110000000001100010100011001100001011100000000000000000000100000000000000000000000100010
1934,111011111111111110101100000000000000000000000100011000000000110001010001100110000101110000000000000000000010000000000000000000000010001
1935,111011111111111110101100000000000000000000000100011000000000110001010001100110000101110000010000000101
1936,1110111111111111101011000000000000000000000001000110000000001100010100011001100001011100000000000000000000100000000000000000000101
1937,111011111111111110101100000000000000000000000100011000000000110011001101100
1938,11101111111111111010110000000000000000000000010001100000000011001100110110
1939,1110111111111111101011000000000000000000000001000110000000001100110011011
1940,11101111111111111010110000000000000000000000010001100000000011000101000110011000010111000000000000000000000000001
1941,11101111111111111010110000000000000000000000010001100000000011000101000110011000010111000000000000000000001000000000000000000000001001
1942,11101111111111111010110000000000000000000000010001100001010101
1943,1110111111111111101011000000000000000000000001000110000000001100010100011001100001011100000000000000000000100000000000000000000000100011
1944,1110111111111111101011000000000000000000000001000110000000001100010100011001100001011100000000000000000000000001
1945,1110111111111111101011000000000000000000000001000110000000001100010100011001100001011100000000000000000000100000000000000000010
1946,111011111111111110101100000000000000000000000100011000000000110001010001100110000101110000000000000000000010000000000000000001
1947,111011111111111110101100000000000000000000000100011000000000110001010001100110000101110000000000000000000000000000000000001011
1948,11101111111111111010110000000000000000000000010001100000000011000101000110011000010111000000000000000000001000000000000000000000001000011
1949,111011111111111110101100000000000000000000000100011000000000110001010001100110000101110000000000000000000000000001
1950,111011111111111110101100000000000000000000000100011000000000110001010001100110000101110000000000000000000000100
1951,11101111111111111010110000000000000000000000010001100000000011000101000110011000010111000000000000000000000010
1952,1110111111111111101011000000000000000000000001000110000000001100010100011001100001011100000000000000000000001
1953,11101111111111111010110000000000000000000000010001100000000011000101000110011000010111000001000000000011
1954,111011111111111110101100000000000000000000000100000000000000011111110111001
1955,1110111111111111101011000000000000000000000001000110000000001100010100011001100001011100000100000001001
1956,1110111111111111101011000000000000000000000001000110000000001100110011011010
1957,111011111111111110101100000000000000000000000100011000000000110011001101101
1958,11101111111111111010110000000000000000000000010001100001010100001
1959,11101111111111111010110000000000000000000000010001100000000011000101000110011000010111000000000000000000001000000000000000000110
1960,1110111111111111101011000000000000000000000001000110000000001100010100011001100001011100000000000000000000100000000000000000011
1961,111011111111111110101100000000000000000000000100011000000000110001010001100110000101110000000000000000000000101
1962,1110111111111111101011000000000000000000000001000110000000001100110111111110
1963,1110111111111111101011000000000000000000000001000110000101010011001001000
1964,111011111111111110101100000000000000000000000100011000010101001100100100
1965,11101111111111111010110000000000000000000000010001100001010100110010010
1966,1110111111111111101011000000000000000000000001000110000101010011001001
1967,111011111111111110101100000000000000000000000100011000010101001100100
1968,11101111111111111010110000000000000000000000010001100001010100110010
1969,1110111111111111101011000000000000000000000001000110000101010011001
1970,111011111111111110101100000000000000000000000100011000000000110001010001100110000101110000000000000000000010000000000000000000000011
1971,11101111111111111010110000000000000000000000010001100000000011000101000110011000010111000000000000000000000011
1972,1110111111111111101011000000000000000000000001000110000000001100110011011011
1973,111011111111111110101100000000000000000000000100011000000000110011011111110100
1974,1110111111111111101011000000000000000000000001000110000000001100110111111111
1975,11101111111111111010110000000000000000000000010001100000000011001100110111
1976,111011111111111110101100000000000000000000000100011000010101001100100110
1977,11101111111111111010110000000000000000000000010001100001010100110010011
1978,111011111111111110101100000000000000000000000100011000000000110001010001100110000101110000000000000000000010000000000000000000000010100
1979,11101111111111111010110000000000000000000000010001100000000011000101000110011000010111000000000000000000001000000000000000000000001010
1980,1110111111111111101011000000000000000000000001000110000000001100010100011001100001011100000000000000000000100000000000000000000000101
1981,111011111111111110101100000000000000000000000100011000000000110001010001100110000101110000000000000000000010000000000000000000000010101
1982,11101111111111111010110000000000000000000000010001100000000011000101000110011000010111000001000000000100
1983,1110111111111111101011000000000000000000000001000110000000001100010100011001100001011100000100000000010
1984,111011111111111110101100000000000000000000000100011000000000110001010001100110000101110000010000000001
1985,11101111111111111010110000000000000000000000010001100000000011000101000110011000010111000000000000000000001100000001
1986,1110111111111111101011000000000000000000000001000110000101010001
1987,111011111111111110101100000000000000000000000100011000000000110001010001100110000101110000000000000000000010000000000000000001110
1988,11101111111111111010110000000000000000000000010001100000000011000101000110011000010111000000000000000000001000000000000000000111
1989,111011111111111110101100000000000000000000000100011000000000110001010001100110000101110000000000000000000000001
1990,1110111111111111101011000000000000000000000001000110000101010011001001001
1991,11101111111111111010110000000000000000000000010001100000000011000101000110011000010111000000000000000000001000000000000000000000001011
1992,1110111111111111101011000000000000000000000001000110000000001100010100011001100001011100000100000000011
1993,1110111111111111101011000000000000000000000001000110000101010011001001010
1994,111011111111111110101100000000000000000000000100011000010101001100100101
1995,111011111111111110101100000000000000000000000100011000000000110001010001100110000101110000000000000000000010000000000000000001111
1996,11101111111111111010110000000000000000000000010001100000000011000101000110011000010111000000000000000000000001
1997,111011111111111110101100000000000000000000000100011000000000110001010001100110000101110000010000000001010
1998,11101111111111111010110000000000000000000000010001100000000011000101000110011000010111000001000000000101
1999,1110111111111111101011000000000000000000000001000110000000001100010100011001100001011100000000000000000100
2000,111011111111111110101100000000000000000000000100011000000000110001010001100110000101110000000000000000010
2001,11101111111111111010110000000000000000000000010001100000000011000101000110011000010111000000000000000001
2002,1110111111111111101011000000000000000000000001000110000101010011001001011
2003,1110111111111111101011000000000000000000000001000110000000001100110111111101010
2004,111011111111111110101100000000000000000000000100011000000000110011011111110101
2005,1110111111111111101011000000000000000000000001000110000000001100010100011001100001011100000000000000000000110010
2006,111011111111111110101100000000000000000000000100011000000000110001010001100110000101110000000000000000000011001
2007,1110111111111111101011000000000000000000000001000110000000001100010100011001100001011100000000000000000010
2008,111011111111111110101100000000000000000000000100011000000000110001010001100110000101110000000000000000001
2009,1110111111111111101011000000000000000000000001000110000000001100010100011001100001011100000000000000000101
2010,111011111111111110101100000000000000000000000100011000000000110001010001100110000101110000000000000000000001
2011,11101111111111111010110000000000000000000000010001100000000011000101000110011000010111000000000000000001100
2012,1110111111111111101011000000000000000000000001000110000000001100010100011001100001011100000000000000000110
2013,111011111111111110101100000000000000000000000100011000000000110001010001100110000101110000000000000000011
2014,111011111111111110101100000000000000000000000100011000000000110001010001100110000101110000000000000000000010000000000000000000001
2015,11101111111111111010110000000000000000000000010001100000000011000101000110011000010111000000000000000000001000000000000000001
2016,111011111111111110101100000000000000000000000100011000010101001100101
2017,11101111111111111010110000000000000000000000010001100000000011000101000110011000010111000001000000011
2018,1110111111111111101011000000000000000000000001000110000000001100010100011001100001011100000000000000000000110011
2019,1110111111111111101011000000000000000000000001000110000000001100010100011001100001011100000000000000000000110000001
2020,1110111111111111101011000000000000000000000001000110000000001100010100011001100001011100000000000000000000110001
2021,11101111111111111010110000000000000000000000010001100001010100110000100001
2022,1110111111111111101011000000000000000000000001000110000000001100110111111101011
2023,111011111111111110101100000000000000000000000100011000000000110001010001100110000101110000010000000001011
2024,1110111111111111101011000000000000000000000001000110000000001100010100011001100001011100000000000000000000100000000000001
2025,11101111111111111010110000000000000000000000010001100000000011000101000110011000010111000001000000001
2026,1110111111111111101011000000000000000000000001000110000101010011000010000010
2027,111011111111111110101100000000000000000000000100011000010101001100001000001
2028,111011111111111110101100000000000000000000000100011000000000110001010001100110000101110000000000000000000011000001
2029,1110111111111111101011000000000000000000000001000110000101010011001011
2030,1110111111111111101011000000000000000000000001000110000000001100010100011001100001011100000000000000000111
2031,111011111111111110101100000000000000000000000100011000000000110001010001100110000101110000000000000000000010000000000000001
2032,111011111111111110101100000000000000000000000100011000000000110001010001100110000101110000000000000000000010000000000000000000100
2033,11101111111111111010110000000000000000000000010001100000000011000101000110011000010111000000000000000000001000000000000000000010
2034,1110111111111111101011000000000000000000000001000110000000001100010100011001100001011100000000000000000000100000000000000000001
2035,1110111111111111101011000000000000000000000001000110000000001100011
2036,11101111111111111010110000000000000000000000010001100000000011001101111111011011111000
2037,1110111111111111101011000000000000000000000001000110000000001100110111111101101111100
2038,111011111111111110101100000000000000000000000100011000000000110011011111110110111110
2039,111011111111111110101100000000000000000000000100011000000000110001010001100110000101110000010000001
2040,11101111111111111010110000000000000000000000010001100000000011000101000110011000010111000000000000000000001100001
2041,1110111111111111101011000000000000000000000001000110000000001100010100011001100001011100000000000000000000100000000000000001
2042,11101111111111111010110000000000000000000000010001100001010100110010011100
2043,1110111111111111101011000000000000000000000001000110000101010011001001110
2044,111011111111111110101100000000000000000000000100011000010101001100100111
2045,11101111111111111010110000000000000000000000010001100001010100110010011101
2046,111011111111111110101100000000000000000000000100011000010101001101
2047,11101111111111111010110000000000000000000000010001100000000011000101000110011000010111000000000000000000001101
2048,111011111111111110101100000000000000000000000100011000000000110001010001100110000101110000010001
2049,11101111111111111010110000000000000000000000010001100000000011000101000110011000010111000000000000000000001000000000001
2050,11101111111111111010110000000000000000000000010001100000000011001101111111011011111001
2051,11101111111111111010110000000000000000000000010001100001010100110011
2052,1110111111111111101011000000000000000000000001000110000000001100010100011001100001011100000000000000000011
2053,11101111111111111010110000000000000000000000010001100000000011000101000110011000010111000001000001
2054,1110111111111111101011000000000000000000000001000110000101010011000010000011
2055,111011111111111110101100000000000000000000000100011000000000110001010001100110000101110000000000000000000010000000001
2056,111011111111111110101100000000000000000000000100011000000000110001010001100110000101110000000000000000000010000000000000000000101
2057,1110111111111111101011000000000000000000000001000110000000001100010100011001100001011100000101
2058,11101111111111111010110000000000000000000000010001100000000011000101000110011000010111000000000000000001101
2059,1110111111111111101011000000000000000000000001000110000000001100010100011001100001011100000100001
2060,1110111111111111101011000000000000000000000001000110000101010011001001111
2061,11101111111111111010110000000000000000000000010001100001010100110000101
2062,1110111111111111101011000000000000000000000001000110000000001100010100011001100001011100000000000000000000100000000000000000001100
2063,111011111111111110101100000000000000000000000100011000000000110001010001100110000101110000000000000000000010000000000000000000110
2064,11101111111111111010110000000000000000000000010001100000000011000101000110011000010111000000000000000000001000000000000000000011
2065,11101111111111111010110000000000000000000000010001100000000011000101000110011000010111000000000000000000001000000000000001
2066,111011111111111110101100000000000000000000000100011000000000110001010001100110000101110000000000000000000010000000000000000000111
2067,1110111111111111101011000000000000000000000001000110000101010011000010001
2068,11101111111111111010110000000000000000000000010001100000000011000101000110011000010111000000000000000000001000000001
2069,1110111111111111101011000000000000000000000001000110000000001100110111111101101111101
2070,1110111111111111101011000000000000000000000001000110000000001100010100011001100001011100001000
2071,111011111111111110101100000000000000000000000100011000000000110001010001100110000101110000100
2072,11101111111111111010110000000000000000000000010001100000000011000101000110011000010111000010
2073,1110111111111111101011000000000000000000000001000110000000001100010100011001100001011100001
2074,1110111111111111101011000000000000000000000001000110000000001100010100011001100001011100000000000000000000101
2075,1110111111111111101011000000000000000000000001000110000000001100010100011001100001011100000000000000000000100000001
2076,111011111111111110101100000000000000000000000100011000010101001100001001
2077,1110111111111111101011000000000000000000000001000110000000001100010100011001100001011100000000000000001
2078,1110111111111111101011000000000000000000000001000110000000001100010100011001100001011100001001
2079,11101111111111111010110000000000000000000000010001100000000011000101000110011000010111000001001
2080,1110111111111111101011000000000000000000000001000110000000001100010100011001100001011100000000000000000000111
2081,111011111111111110101100000000000000000000000100011000000000110011011111110110111111
2082,1110111111111111101011000000000000000000000001000110000000001100010100011001100001011100001100
2083,111011111111111110101100000000000000000000000100011000000000110001010001100110000101110000110
2084,11101111111111111010110000000000000000000000010001100000000011000101000110011000010111000011
2085,1110111111111111101011000000000000000000000001000110000000001100010100011001100001011100000000000000000000100000000001
2086,1110111111111111101011000000000000000000000001000110000101010011000011
2087,111011111111111110101100000000000000000000000100011000010101001100010
2088,11101111111111111010110000000000000000000000010001100001010100110001
2089,111011111111111110101100000000000000000000000100011000000000110001010001100110000101110000000000010
2090,11101111111111111010110000000000000000000000010001100000000011000101000110011000010111000000000001
2091,1110111111111111101011000000000000000000000001000110000000001100010100011001100001011100001101
2092,1110111111111111101011000000000000000000000001000110000000001100010100011001100001011100000000000000000000100000000000000000001101
2093,111011111111111110101100000000000000000000000100011000000000110001010001100110000101110000000000011
2094,111011111111111110101100000000000000000000000100011000000000110001010001100110000101110000000000000000000010000001
2095,1110111111111111101011000000000000000000000001000110000000001100010100011001100001011100000000000000000000100000000000010
2096,111011111111111110101100000000000000000000000100011000000000110001010001100110000101110000000000000000000010000000000001
2097,11101111111111111010110000000000000000000000010001100000000011000101000110011000010111000000001
2098,111011111111111110101100000000000000000000000100011000010101001100011
2099,11101111111111111010110000000000000000000000010001100000000011000101000110011000010111000000000000000000001000000000000110
2100,1110111111111111101011000000000000000000000001000110000000001100010100011001100001011100000000000000000000100000000000011
2101,111011111111111110101100000000000000000000000100011000000000110001010001100110000101110000000000000001
2102,11101111111111111010110000000000000000000000010001100000000011000101000110011000010111000000000000000000001000001
2103,11101111111111111010110000000000000000000000010001100000000011000101000110011000010111000000000000000000001000000000000111
2104,111011111111111110101100000000000000000000000100011000000000110001010001100110000101110000000000000000000010001
2105,111011111111111110101100000000000000000000000100011000000000110001010001100110000110
2106,11101111111111111010110000000000000000000000010001100000000011000101000110011000011
2107,1110111111111111101011000000000000000000000001000110000000001100010100011001100001011110
2108,111011111111111110101100000000000000000000000100011000000000110001010001100110000101111
2109,111011111111111110101100000000000000000000000100011000000000110001010001100110000101110000000000000010
2110,11101111111111111010110000000000000000000000010001100000000011000101000110011000010111000000000000001
2111,111011111111111110101100000000000000000000000100011000000000110001010001100110000101110000101
2112,1110111111111111101011000000000000000000000001000110000000001100010100011001100001011100000000000001
2113,111011111111111110101100000000000000000000000100011000000000110001010001100110000101110000111
2114,111011111111111110101100000000000000000000000100011000000000110001010001100110000101110000000000001
2115,11101111111111111010110000000000000000000000010001100000000011000101000110011000010111000000000000000000010
2116,1110111111111111101011000000000000000000000001000110000000001100010100011001100001011100000000000000000001
2117,111011111111111110101100000000000000000000000100011000000000110001010001100110000101110000000001
2118,11101111111111111010110000000000000000000000010001100000000011000101110
2119,1110111111111111101011000000000000000000000001000110000000001100010111
2120,111011111111111110101100000000000000000000000100011000000000110001011
2121,11101111111111111010110000000000000000000000010001100000000011000101000110011000010111000000000000000000001000010
2122,1110111111111111101011000000000000000000000001000110000000001100010100011001100001011100000000000000000000100001
2123,1110111111111111101011000000000000000000000001000110000000001100010100011001100001011100000000000000000000100001100
2124,111011111111111110101100000000000000000000000100011000000000110001010001100110000101110000000000000000000010000110
2125,11101111111111111010110000000000000000000000010001100000000011000101000110011000010111000000000000000000001000011
2126,1110111111111111101011000000000000000000000001000110000000001100010100011001100001011111
2127,11101111111111111010110000000000000000000000010001100000000011001101111111011011110001000
2128,1110111111111111101011000000000000000000000001000110000000001100110111111101101111000100
2129,111011111111111110101100000000000000000000000100011000000000110011011111110110111100010
2130,111011111111111110101100000000000000000000000100011000000000110001010001100110000101110000011
2131,111011111111111110101100000000000000000000000100011000000000110001010001100110000101110000000000000000000010000111
2132,111011111111111110101100000000000000000000000100011000000000110001010001100110000101110001
2133,1110111111111111101011000000000000000000000001000110000000001100010100011001100001011100000000000000000000100001101
2134,111011111111111110101100000000000000000000000100011000000000110001010001100110000101110000000000000000000110
2135,11101111111111111010110000000000000000000000010001100000000011000101000110011000010111000000000000000000011
2136,11101111111111111010110000000000000000000000010001100000000011000101000110011000010111000000000010
2137,1110111111111111101011000000000000000000000001000110000000001100010100011001100001011100000000001
2138,11101111111111111010110000000000000000000000010001100000000011000101000110
2139,111011111111111110101100000000000000000000000100011000000000110001010001100110000101110000000000000000000010010
2140,11101111111111111010110000000000000000000000010001100000000011000101000110011000010111000000000000000000001001
2141,111011111111111110101100000000000000000000000100011000000000110011011111110110111100010010
2142,11101111111111111010110000000000000000000000010001100000000011001101111111011011110001001
2143,11101111111111111010110000000000000000000000010001100000000011000101000110011000010111001
2144,111011111111111110101100000000000000000000000100011000000000110001010001100110000111
2145,1110111111111111101011000000000000000000000001000110000000001100010100011001100001011100000000000000000000100110
2146,111011111111111110101100000000000000000000000100011000000000110001010001100110000101110000000000000000000010011
2147,111011111111111110101100000000000000000000000100011000000000110001010001100110000101110000000000110
2148,11101111111111111010110000000000000000000000010001100000000011000101000110011000010111000000000011
2149,1110111111111111101011000000000000000000000001000110000000001100010100011001100001011100000001
2150,111011111111111110101100000000000000000000000100011000000000110001010001100110000101110000000000111
2151,111011111111111110101100000000000000000000000100011000000000110001011110
2152,11101111111111111010110000000000000000000000010001100000000011000101111
2153,11101111111111111010110000000000000000000000010001100000000011000101000110011000010111000000000000000000011100
2154,1110111111111111101011000000000000000000000001000110000000001100010100011001100001011100000000000000000001110
2155,111011111111111110101100000000000000000000000100011000000000110001010001100110000101110000000000000000000111
2156,111011111111111110101100000000000000000000000100011000000000110011011111110110111100010011
2157,1110111111111111101011000000000000000000000001000110000000001100010100011001100001011101
2158,111011111111111110101100000000000000000000000100011000000000110001010001100110000101110000000000000000000010011100
2159,11101111111111111010110000000000000000000000010001100000000011000101000110011000010111000000000000000000001001110
2160,1110111111111111101011000000000000000000000001000110000000001100010100011001100001011100000000000000000000100111
2161,111011111111111110101100000000000000000000000100011000000000110001010001100110001
2162,11101111111111111010110000000000000000000000010001100000000011000101000110011000010111000000000000000000001001111000000
2163,1110111111111111101011000000000000000000000001000110000000001100010100011001100001011100000000000000000000100111100000
2164,111011111111111110101100000000000000000000000100011000000000110001010001100110000101110000000000000000000010011110000
2165,11101111111111111010110000000000000000000000010001100000000011000101000110011000010111000000000000000000001001111000
2166,1110111111111111101011000000000000000000000001000110000000001100010100011001100001011100000000000000000000100111100
2167,111011111111111110101100000000000000000000000100011000000000110001010001100110000101110000000000000000000010011110
2168,11101111111111111010110000000000000000000000010001100000000011000101000110011000010111000000000000000000001001111
2169,1110111111111111101011000000000000000000000001000110000000001100110111111101101111000101
2170,111011111111111110101100000000000000000000000100011000000000110001010001100110000101110000000000000000000010011111
2171,111011111111111110101100000000000000000000000100011000000000110001010001100110000101110000000000000000000111100
2172,11101111111111111010110000000000000000000000010001100000000011000101000110011000010111000000000000000000011110
2173,1110111111111111101011000000000000000000000001000110000000001100010100011001100001011100000000000000000001111
2174,11101111111111111010110000000000000000000000010001100000000011001101111111011011110001100
2175,1110111111111111101011000000000000000000000001000110000000001100110111111101101111000110
2176,1110111111111111101011000000000000000000000001000110000000001100010100011001100001011100000000000000000000100111100001
2177,111011111111111110101100000000000000000000000100011000000000110001010001100110000101110000000000000000000010011101
2178,111011111111111110101100000000000000000000000100011000000000110001010001100110000101110000001000
2179,11101111111111111010110000000000000000000000010001100000000011000101000110011000010111000000100
2180,1110111111111111101011000000000000000000000001000110000000001100010100011001100001011100000010
2181,111011111111111110101100000000000000000000000100011000000000110001010001100110000101110000001
2182,1110111111111111101011000000000000000000000001000110000000001100010100011001101
2183,11101111111111111010110000000000000000000000010001100000000011000101000110011000010111000000000000000000001001111000001
2184,11101111111111111010110000000000000000000000010001100000000011000101000110011000010111000000101
2185,111011111111111110101100000000000000000000000100011000000000110001010001100110000101110000000000000000000111101
2186,1110111111111111101011000000000000000000000001000110000000001100010100011001100001011100000000000000110
2187,111011111111111110101100000000000000000000000100011000000000110001010001100110000101110000000000000011
2188,1110111111111111101011000000000000000000000001000110000000001100010100011001100001011100000000000000111
2189,111011111111111110101100000000000000000000000100011000000000110001010001100110000101110000001001
2190,1110111111111111101011000000000000000000000001000110000000001100110111111101101111000111
2191,11101111111111111010110000000000000000000000010001100000000011000101000110011000010111000000110
2192,1110111111111111101011000000000000000000000001000110000000001100010100011001100001011100000011
2193,1110111111111111101011000000000000000000000001000110000000001100010100011001100001011100000000000000000000100111101
2194,11101111111111111010110000000000000000000000010001100000000011000101000110011000010111000000000000000000011111
2195,11101111111111111010110000000000000000000000010001100000000011000101000110011000010111000000000000000000011101000
2196,1110111111111111101011000000000000000000000001000110000000001100010100011001100001011100000000000000000001110100
2197,111011111111111110101100000000000000000000000100011000000000110001010001100110000101110000000000000000000111010
2198,11101111111111111010110000000000000000000000010001100000000011000101000110011000010111000000000000000000011101
2199,111011111111111110101100000000000000000000000100011000000000110001011111000000
2200,11101111111111111010110000000000000000000000010001100000000011000101111100000
2201,1110111111111111101011000000000000000000000001000110000000001100010111110000
2202,111011111111111110101100000000000000000000000100011000000000110001011111000
2203,11101111111111111010110000000000000000000000010001100000000011000101111100
2204,1110111111111111101011000000000000000000000001000110000000001100010111110
2205,111011111111111110101100000000000000000000000100011000000000110001011111
2206,11101111111111111010110000000000000000000000010001100000000011001101111111011011110001101
2207,111011111111111110101100000000000000000000000100011000000000110001010001100110000100
2208,111011111111111110101100000000000000000000000100011000000000110011011111110110111100011011000
2209,11101111111111111010110000000000000000000000010001100000000011001101111111011011110001101100
2210,1110111111111111101011000000000000000000000001000110000000001100110111111101101111000110110
2211,111011111111111110101100000000000000000000000100011000000000110011011111110110111100011011
2212,1110111111111111101011000000000000000000000001000110000000001100010100011001100001011100000000000000000000100111100010
2213,111011111111111110101100000000000000000000000100011000000000110001010001100110000101110000000000000000000010011110001
2214,111011111111111110101100000000000000000000000100011000000000110001010001100110000101110000000000000000000111011
2215,1110111111111111101011000000000000000000000001000110000000001100010100011001100001011100000000000000000001110101
2216,1110111111111111101011000000000000000000000001000110000000001100010100011001100001011100000011100000
2217,111011111111111110101100000000000000000000000100011000000000110001010001100110000101110000001110000
2218,11101111111111111010110000000000000000000000010001100000000011000101000110011000010111000000111000
2219,1110111111111111101011000000000000000000000001000110000000001100010100011001100001011100000011100
2220,111011111111111110101100000000000000000000000100011000000000110001010001100110000101110000001110
2221,11101111111111111010110000000000000000000000010001100000000011000101000110011000010111000000111
2222,111011111111111110101100000000000000000000000100011000000000110011011111110110111100011011001
2223,1110111111111111101011000000000000000000000001000110000000001100010111110001000000000100000000000000000000000
2224,111011111111111110101100000000000000000000000100011000000000110001011111000100000000010000000000000000000000
2225,11101111111111111010110000000000000000000000010001100000000011000101111100010000000001000000000000000000000
2226,1110111111111111101011000000000000000000000001000110000000001100010111110001000000000100000000000000000000
2227,111011111111111110101100000000000000000000000100011000000000110001011111000100000000010000000000000000000
2228,11101111111111111010110000000000000000000000010001100000000011000101111100010000000001000000000000000000
2229,1110111111111111101011000000000000000000000001000110000000001100010111110001000000000100000000000000000
2230,111011111111111110101100000000000000000000000100011000000000110001011111000100000000010000000000000000
2231,11101111111111111010110000000000000000000000010001100000000011000101111100010000000001000000000000000
2232,1110111111111111101011000000000000000000000001000110000000001100010111110001000000000100000000000000
2233,111011111111111110101100000000000000000000000100011000000000110001011111000100000000010000000000000
2234,11101111111111111010110000000000000000000000010001100000000011000101111100010000000001000000000000
2235,1110111111111111101011000000000000000000000001000110000000001100010111110001000000000100000000000
2236,111011111111111110101100000000000000000000000100011000000000110001011111000100000000010000000000
2237,11101111111111111010110000000000000000000000010001100000000011000101111100010000000001000000000
2238,1110111111111111101011000000000000000000000001000110000000001100010111110001000000000100000000
2239,111011111111111110101100000000000000000000000100011000000000110001011111000100000000010000000
2240,11101111111111111010110000000000000000000000010001100000000011000101111100010000000001000000
2241,1110111111111111101011000000000000000000000001000110000000001100010111110001000000000100000
2242,111011111111111110101100000000000000000000000100011000000000110001011111000100000000010000
2243,11101111111111111010110000000000000000000000010001100000000011000101111100010000000001000
2244,1110111111111111101011000000000000000000000001000110000000001100010111110001000000000100
2245,111011111111111110101100000000000000000000000100011000000000110001011111000100000000010
2246,11101111111111111010110000000000000000000000010001100000000011000101111100010000000001
2247,1110111111111111101011000000000000000000000001000110000000001100010111110001000000000
2248,111011111111111110101100000000000000000000000100011000000000110001011111000100000000
2249,11101111111111111010110000000000000000000000010001100000000011000101111100010000000
2250,1110111111111111101011000000000000000000000001000110000000001100010111110001000000
2251,111011111111111110101100000000000000000000000100011000000000110001011111000100000
2252,11101111111111111010110000000000000000000000010001100000000011000101111100010000
2253,1110111111111111101011000000000000000000000001000110000000001100010111110001000
2254,111011111111111110101100000000000000000000000100011000000000110001011111000100
2255,11101111111111111010110000000000000000000000010001100000000011000101111100010
2256,1110111111111111101011000000000000000000000001000110000000001100010111110001
2257,111011111111111110101100000000000000000000000100011000000000110001010001100110000101110000001110001
2258,1110111111111111101011000000000000000000000001000110000000001100010100011001100001011100000000000000000000100111100100
2259,111011111111111110101100000000000000000000000100011000000000110001010001100110000101110000000000000000000010011110010
2260,11101111111111111010110000000000000000000000010001100000000011000101000110011000010111000000000000000000001001111001
2261,1110111111111111101011000000000000000000000001000110000000001100010100011001100001011100000011110
2262,111011111111111110101100000000000000000000000100011000000000110001010001100110000101110000001111
2263,111011111111111110101100000000000000000000000100011000000000110001010001100110000101100
2264,11101111111111111010110000000000000000000000010001100000000011000101000110011000010110
2265,1110111111111111101011000000000000000000000001000110000000001100010100011001100001011100000011101
2266,111011111111111110101100000000000000000000000100011000000000110001011111001
2267,111011111111111110101100000000000000000000000100011000000000110001011111000001
2268,111011111111111110101100000000000000000000000100011000000000110001010001100110000101101
2269,1110111111111111101011000000000000000000000001000110000000001100010100011001100001011100000000000000000000100111100011
2270,1110111111111111101011000000000000000000000001000110000000001100010100011001100001011100000011100001
2271,11101111111111111010110000000000000000000000010001100000000011000101000110011001
2272,11101111111111111010110000000000000000000000010001100000000011000101000110011000010111000000000000000000001001111001011
2273,1110111111111111101011000000000000000000000001000110000000001100010100011001100001011100000000000000000000100111100101
2274,1110111111111111101011000000000000000000000001000110000000001100110111111101101111000110111
2275,1110111111111111101011000000000000000000000001000110000000001100010100011001100001011100000000000000000000100111100110
2276,111011111111111110101100000000000000000000000100011000000000110001010001100110000101110000000000000000000010011110011
2277,111011111111111110101100000000000000000000000100011000000000110001011111010
2278,11101111111111111010110000000000000000000000010001100000000011000101111101
2279,1110111111111111101011000000000000000000000001000110000000001100010111110110
2280,111011111111111110101100000000000000000000000100011000000000110001011111011
2281,111011111111111110101100000000000000000000000100011000000000110001010001100110000101110000000000000000000111010010
2282,11101111111111111010110000000000000000000000010001100000000011000101000110011000010111000000000000000000011101001
2283,1110111111111111101011000000000000000000000001000110000000001100010111110111
2284,1110111111111111101011000000000000000000000001000110000000001100010111110001000000000100000000000000000000001
2285,1110111111111111101011000000000000000000000001000110000000001100010111110000110
2286,11101111111111111010110000000000000000000000010001100000000011000101111100001
2287,111011111111111110101100000000000000000000000100011000000000110001010001100110000101110000001111100
2288,11101111111111111010110000000000000000000000010001100000000011000101000110011000010111000000111110
2289,1110111111111111101011000000000000000000000001000110000000001100010100011001100001011100000011111
2290,111011111111111110101100000000000000000000000100011000000000110001011111000100000000010000000000000000000010
2291,11101111111111111010110000000000000000000000010001100000000011000101111100010000000001000000000000000000001
2292,11101111111111111010110000000000000000000000010001100000000011001101111111011011110001101101
2293,111011111111111110101100000000000000000000000100011000000000110001010001100110000101110000000000000000000111010011
2294,111011111111111110101100000000000000000000000100011000000000110001011111000010
2295,1110111111111111101011000000000000000000000001000110000000001100010111111
2296,1110111111111111101011000000000000000000000001000110000000001100010100011001100001011100000000000000000000100111100111000
2297,111011111111111110101100000000000000000000000100011000000000110001010001100110000101110000000000000000000010011110011100
2298,11101111111111111010110000000000000000000000010001100000000011000101000110011000010111000000000000000000001001111001110
2299,1110111111111111101011000000000000000000000001000110000000001100010100011001100001011100000000000000000000100111100111
2300,1110111111111111101011000000000000000000000001000110000000001100010111110000001000
2301,111011111111111110101100000000000000000000000100011000000000110001011111000000100
2302,11101111111111111010110000000000000000000000010001100000000011000101111100000010
2303,1110111111111111101011000000000000000000000001000110000000001100010111110000001
2304,11101111111111111010110000000000000000000000010001100000000011000101000110011000010111000000111001000
2305,1110111111111111101011000000000000000000000001000110000000001100010100011001100001011100000011100100
2306,111011111111111110101100000000000000000000000100011000000000110001010001100110000101110000001110010
2307,11101111111111111010110000000000000000000000010001100000000011000101000110011000010111000000111001
2308,1110111111111111101011000000000000000000000001000110000000001100010100011001100001011100000000000000000000100111100111001
2309,111011111111111110101100000000000000000000000100011000000000110001011111000000110
2310,11101111111111111010110000000000000000000000010001100000000011000101111100000011
2311,1110111111111111101011000000000000000000000001000110000000001100010100011001100001011100000011100101
2312,11101111111111111010110000000000000000000000010001100000000011000101000110011000010111000000111111
2313,111011111111111110101100000000000000000000000100011000000000110001011111000100000000010000000000000000000011
2314,111011111111111110101100000000000000000000000100011000000000110001010001100110000101110000000000000000000010011110011110
2315,11101111111111111010110000000000000000000000010001100000000011000101000110011000010111000000000000000000001001111001111
2316,11101111111111111010110000000000000000000000010001100000000011000101111100011000
2317,1110111111111111101011000000000000000000000001000110000000001100010111110001100
2318,111011111111111110101100000000000000000000000100011000000000110001011111000110
2319,11101111111111111010110000000000000000000000010001100000000011000101111100011
2320,111011111111111110101100000000000000000000000100011000000000110001010001100110000101110000000000000000000010011110011111
2321,111011111111111110101100000000000000000000000100011000000000110001010001100110000101110000001110011
2322,111011111111111110101100000000000000000000000100011000000000110001011111000000111
2323,1110111111111111101011000000000000000000000001000110000000001100010100011001100001011100000011111010
2324,111011111111111110101100000000000000000000000100011000000000110001010001100110000101110000001111101
2325,11101111111111111010110000000000000000000000010001100000000011000101000110011000010111000000111001001
2326,11101111111111111010110000000000000000000000010001100000000011000101111100011001
2327,1110111111111111101011000000000000000000000001000110000000001100010111110001110
2328,111011111111111110101100000000000000000000000100011000000000110001011111000110100
2329,11101111111111111010110000000000000000000000010001100000000011000101111100011010
2330,1110111111111111101011000000000000000000000001000110000000001100010111110001101
2331,1110111111111111101011000000000000000000000001000110000000001100010100011001100001011100000000000000000000100111100111010
2332,111011111111111110101100000000000000000000000100011000000000110001010001100110000101110000000000000000000010011110011101
2333,1110111111111111101011000000000000000000000001000110000000001100010100011001100001011100000000000000000000100111100111011000
2334,111011111111111110101100000000000000000000000100011000000000110001010001100110000101110000000000000000000010011110011101100
2335,11101111111111111010110000000000000000000000010001100000000011000101000110011000010111000000000000000000001001111001110110
2336,1110111111111111101011000000000000000000000001000110000000001100010100011001100001011100000000000000000000100111100111011
2337,111011111111111110101100000000000000000000000100011000000000110001010001100110000101110000001111101100
2338,11101111111111111010110000000000000000000000010001100000000011000101000110011000010111000000111110110
2339,1110111111111111101011000000000000000000000001000110000000001100010100011001100001011100000011111011
2340,111011111111111110101100000000000000000000000100011000000000110001011111000101
2341,111011111111111110101100000000000000000000000100011000000000110001011111000100000000010000000000000000000001
2342,111011111111111110101100000000000000000000000100011000000000110001011111000100000000010000000000000000001
2343,11101111111111111010110000000000000000000000010001100000000011000101111100010000000001000000000000000100
2344,1110111111111111101011000000000000000000000001000110000000001100010111110001000000000100000000000000010
2345,111011111111111110101100000000000000000000000100011000000000110001011111000100000000010000000000000001
2346,11101111111111111010110000000000000000000000010001100000000011000101000110011000010111000000111110111
2347,111011111111111110101100000000000000000000000100011000000000110001011111000110101
2348,11101111111111111010110000000000000000000000010001100000000011000101111100010000000001000000000000000101
2349,11101111111111111010110000000000000000000000010001100000000011000101111100010000000001000000000000000001
2350,11101111111111111010110000000000000000000000010001100000000011000101000110011000010111000000000000000000011101001100
2351,1110111111111111101011000000000000000000000001000110000000001100010100011001100001011100000000000000000001110100110
2352,111011111111111110101100000000000000000000000100011000000000110001010001100110000101110000001111101101
2353,1110111111111111101011000000000000000000000001000110000000001100010111110001000000000100000000000000001
2354,111011111111111110101100000000000000000000000100011000000000110001010001100110000101110000000000000000000010011110011101101
2355,11101111111111111010110000000000000000000000010001100000000011000101000110011000010111000000000000000000001001111001110111
2356,1110111111111111101011000000000000000000000001000110000000001100010111110001000000000100000000000000000001
2357,11101111111111111010110000000000000000000000010001100000000011000101111100011011000
2358,1110111111111111101011000000000000000000000001000110000000001100010111110001101100
2359,111011111111111110101100000000000000000000000100011000000000110001011111000110110
2360,11101111111111111010110000000000000000000000010001100000000011000101111100011011
2361,111011111111111110101100000000000000000000000100011000000000110001011111000100000000010000000000000010
2362,11101111111111111010110000000000000000000000010001100000000011000101111100010000000001000000000000001
2363,111011111111111110101100000000000000000000000100011000000000110001011111000100000000010000000000000011
2364,111011111111111110101100000000000000000000000100011000000000110001011111000000100100
2365,11101111111111111010110000000000000000000000010001100000000011000101111100000010010
2366,1110111111111111101011000000000000000000000001000110000000001100010111110000001001
2367,1110111111111111101011000000000000000000000001000110000000001100010111110001000000000100000000000000011
2368,11101111111111111010110000000000000000000000010001100000000011000101111100000010011
2369,111011111111111110101100000000000000000000000100011000000000110001011111000100010
2370,11101111111111111010110000000000000000000000010001100000000011000101111100010001
2371,1110111111111111101011000000000000000000000001000110000000001100010100011001100001011100000000000000000000100111100111011001
2372,11101111111111111010110000000000000000000000010001100000000011000101111100011011001
2373,1110111111111111101011000000000000000000000001000110000000001100010111110000001001010
2374,111011111111111110101100000000000000000000000100011000000000110001011111000000100101
2375,111011111111111110101100000000000000000000000100011000000000110001011111000100000000010000000000100000000000
2376,11101111111111111010110000000000000000000000010001100000000011000101111100010000000001000000000010000000000
2377,1110111111111111101011000000000000000000000001000110000000001100010111110001000000000100000000001000000000
2378,111011111111111110101100000000000000000000000100011000000000110001011111000100000000010000000000100000000
2379,11101111111111111010110000000000000000000000010001100000000011000101111100010000000001000000000010000000
2380,1110111111111111101011000000000000000000000001000110000000001100010111110001000000000100000000001000000
2381,111011111111111110101100000000000000000000000100011000000000110001011111000100000000010000000000100000
2382,11101111111111111010110000000000000000000000010001100000000011000101111100010000000001000000000010000
2383,1110111111111111101011000000000000000000000001000110000000001100010111110001000000000100000000001000
2384,111011111111111110101100000000000000000000000100011000000000110001011111000100000000010000000000100
2385,11101111111111111010110000000000000000000000010001100000000011000101111100010000000001000000000010
2386,1110111111111111101011000000000000000000000001000110000000001100010111110001000000000100000000001
2387,1110111111111111101011000000000000000000000001000110000000001100010111110000001001011
2388,1110111111111111101011000000000000000000000001000110000000001100010111110001000110
2389,111011111111111110101100000000000000000000000100011000000000110001011111000100011
2390,111011111111111110101100000000000000000000000100011000000000110001011111000000101
2391,111011111111111110101100000000000000000000000100011000000000110001011111000110110100111000
2392,11101111111111111010110000000000000000000000010001100000000011000101111100011011010011100
2393,1110111111111111101011000000000000000000000001000110000000001100010111110001101101001110
2394,111011111111111110101100000000000000000000000100011000000000110001011111000110110100
2395,11101111111111111010110000000000000000000000010001100000000011000101111100011011010
2396,1110111111111111101011000000000000000000000001000110000000001100010111110001101101
2397,11101111111111111010110000000000000000000000010001100000000011000101000110011000010111000000000000000000011101001101
2398,111011111111111110101100000000000000000000000100011000000000110001011111000100000000010000010
2399,11101111111111111010110000000000000000000000010001100000000011000101111100010000000001000001
2400,1110111111111111101011000000000000000000000001000110000000001100010111110001101101010
2401,111011111111111110101100000000000000000000000100011000000000110001011111000110110101
2402,11101111111111111010110000000000000000000000010001100000000011000101111100011011011
2403,1110111111111111101011000000000000000000000001000110000000001100010111110001000000000110001000000000000000000000000
2404,111011111111111110101100000000000000000000000100011000000000110001011111000100000000011000100000000000000000000000
2405,11101111111111111010110000000000000000000000010001100000000011000101111100010000000001100010000000000000000000000
2406,1110111111111111101011000000000000000000000001000110000000001100010111110001000000000110001000000000000000000000
2407,111011111111111110101100000000000000000000000100011000000000110001011111000100000000011000100000000000000000000
2408,11101111111111111010110000000000000000000000010001100000000011000101111100010000000001100010000000000000000000
2409,1110111111111111101011000000000000000000000001000110000000001100010111110001000000000110001000000000000000000
2410,111011111111111110101100000000000000000000000100011000000000110001011111000100000000011000100000000000000000
2411,11101111111111111010110000000000000000000000010001100000000011000101111100010000000001100010000000000000000
2412,1110111111111111101011000000000000000000000001000110000000001100010111110001000000000110001000000000000000
2413,111011111111111110101100000000000000000000000100011000000000110001011111000100000000011000100000000000000
2414,11101111111111111010110000000000000000000000010001100000000011000101111100010000000001100010000000000000
2415,1110111111111111101011000000000000000000000001000110000000001100010111110001000000000110001000000000000
2416,111011111111111110101100000000000000000000000100011000000000110001011111000100000000011000100000000000
2417,11101111111111111010110000000000000000000000010001100000000011000101111100010000000001100010000000000
2418,1110111111111111101011000000000000000000000001000110000000001100010111110001000000000110001000000000
2419,111011111111111110101100000000000000000000000100011000000000110001011111000100000000011000100000000
2420,11101111111111111010110000000000000000000000010001100000000011000101111100010000000001100010000000
2421,1110111111111111101011000000000000000000000001000110000000001100010111110001000000000110001000000
2422,111011111111111110101100000000000000000000000100011000000000110001011111000100000000011000100000
2423,11101111111111111010110000000000000000000000010001100000000011000101111100010000000001100010000
2424,1110111111111111101011000000000000000000000001000110000000001100010111110001000000000110001000
2425,111011111111111110101100000000000000000000000100011000000000110001011111000100000000011000100
2426,11101111111111111010110000000000000000000000010001100000000011000101111100010000000001100010
2427,111011111111111110101100000000000000000000000100011000000000110001011111000100000000011000
2428,11101111111111111010110000000000000000000000010001100000000011000101111100010000000001100
2429,1110111111111111101011000000000000000000000001000110000000001100010111110001000000000110
2430,111011111111111110101100000000000000000000000100011000000000110001011111000100000000011
2431,111011111111111110101100000000000000000000000100011000000000110001011111000110111
2432,1110111111111111101011000000000000000000000001000110000000001100010111110001000000000100000000000001
2433,111011111111111110101100000000000000000000000100011000000000110001011111000100000000010000000000100000000001
2434,111011111111111110101100000000000000000000000100011000000000110001011111000100000000010000000000010
2435,11101111111111111010110000000000000000000000010001100000000011000101111100010000000001000000000001
2436,111011111111111110101100000000000000000000000100011000000000110001011111000100000000010000011
2437,1110111111111111101011000000000000000000000001000110000000001100010111110001001
2438,111011111111111110101100000000000000000000000100011000000000110001011111000100000000010000000100
2439,11101111111111111010110000000000000000000000010001100000000011000101111100010000000001000000010
2440,1110111111111111101011000000000000000000000001000110000000001100010111110001000000000100000001
2441,111011111111111110101100000000000000000000000100011000000000110001011111000100000000010000001
2442,11101111111111111010110000000000000000000000010001100000000011000101111100010000000001000000000010000000001
2443,11101111111111111010110000000000000000000000010001100000000011000101111100010000000001100010000000000000000000001000
2444,1110111111111111101011000000000000000000000001000110000000001100010111110001000000000110001000000000000000000000100
2445,111011111111111110101100000000000000000000000100011000000000110001011111000100000000011000100000000000000000000010
2446,11101111111111111010110000000000000000000000010001100000000011000101111100010000000001100010000000000000000000001
2447,111011111111111110101100000000000000000000000100011000000000110001011111000110110100111001
2448,111011111111111110101100000000000000000000000100011000000000110001011111000100000000010000000000001
2449,1110111111111111101011000000000000000000000001000110000000001100010111110001101101011
2450,1110111111111111101011000000000000000000000001000110000000001100010111110001000000000100000000001000000001
2451,111011111111111110101100000000000000000000000100011000000000110001011111000100000000010001
2452,111011111111111110101100000000000000000000000100011000000000110001011111000100000000010000000000011
2453,11101111111111111010110000000000000000000000010001100000000011000101111100010000000001000000000010000001
2454,111011111111111110101100000000000000000000000100011000000000110001011111000100000000010000000110
2455,11101111111111111010110000000000000000000000010001100000000011000101111100010000000001000000011
2456,11101111111111111010110000000000000000000000010001100000000011000101111100010000000001100010000000000000000000000010
2457,1110111111111111101011000000000000000000000001000110000000001100010111110001000000000110001000000000000000000000001
2458,111011111111111110101100000000000000000000000100011000000000110001011111000100000000010000000111
2459,111011111111111110101100000000000000000000000100011000000000110001011111000100000000010000000000100000001
2460,11101111111111111010110000000000000000000000010001100000000011000101111100010000000001100010000000000000000000000011
2461,11101111111111111010110000000000000000000000010001100000000011000101111100010000010
2462,1110111111111111101011000000000000000000000001000110000000001100010111110001000001
2463,1110111111111111101011000000000000000000000001000110000000001100010111110001000000000100001
2464,11101111111111111010110000000000000000000000010001100000000011000101111100010000011
2465,111011111111111110101100000000000000000000000100011000000000110001011111000100000000011000100000000000000000000010010
2466,11101111111111111010110000000000000000000000010001100000000011000101111100010000000001100010000000000000000000001001
2467,111011111111111110101100000000000000000000000100011000000000110001011111000110110100111010
2468,11101111111111111010110000000000000000000000010001100000000011000101111100011011010011101
2469,1110111111111111101011000000000000000000000001000110000000001100010111110001000010
2470,111011111111111110101100000000000000000000000100011000000000110001011111000100001
2471,111011111111111110101100000000000000000000000100011000000000110001011111000100000000010000000101
2472,11101111111111111010110000000000000000000000010001100000000011000101111100010000000001000000000011
2473,1110111111111111101011000000000000000000000001000110000000001100010111110001000000000100000000001000001
2474,111011111111111110101100000000000000000000000100011000000000110001011111000100000000011000100000000000000000000001
2475,1110111111111111101011000000000000000000000001000110000000001100010111110001000000000110001000000000000000000000100110
2476,111011111111111110101100000000000000000000000100011000000000110001011111000100000000011000100000000000000000000010011
2477,11101111111111111010110000000000000000000000010001100000000011000101111100010000000001001
2478,111011111111111110101100000000000000000000000100011000000000110001011111000110110100100
2479,11101111111111111010110000000000000000000000010001100000000011000101111100011011010010
2480,1110111111111111101011000000000000000000000001000110000000001100010111110001000111
2481,1110111111111111101011000000000000000000000001000110000000001100010111110001000000000110001000000000000000000000100111
2482,1110111111111111101011000000000000000000000001000110000000001100010111110001000011
2483,1110111111111111101011000000000000000000000001000110000000001100010111110001101101001111
2484,11101111111111111010110000000000000000000000010001100000000011000101111100010000000001000000000010001
2485,1110111111111111101011000000000000000000000001000110000000001100010111110001101101001100
2486,111011111111111110101100000000000000000000000100011000000000110001011111000110110100110
2487,111011111111111110101100000000000000000000000100011000000000110001011111000100000000010000000000101
2488,1110111111111111101011000000000000000000000001000110000000001100010111110001000000010
2489,111011111111111110101100000000000000000000000100011000000000110001011111000100000001
2490,111011111111111110101100000000000000000000000100011000000000110001011111000100000000010000000001
2491,111011111111111110101100000000000000000000000100011000000000110001011111000110110100101
2492,1110111111111111101011000000000000000000000001000110000000001100010111110001000000000110001000000000000000000001
2493,1110111111111111101011000000000000000000000001000110000000001100010111110001000000000110010
2494,111011111111111110101100000000000000000000000100011000000000110001011111000100000000011001
2495,1110111111111111101011000000000000000000000001000110000000001100010111110001000000011
2496,111011111111111110101100000000000000000000000100011000000000110001011111000100000000010000000000100001
2497,11101111111111111010110000000000000000000000010001100000000011000101111100010000000001000000001
2498,1110111111111111101011000000000000000000000001000110000000001100010111110001000000000110011
2499,11101111111111111010110000000000000000000000010001100000000011000101111100011011010011010100
2500,1110111111111111101011000000000000000000000001000110000000001100010111110001101101001101010
2501,11101111111111111010110000000000000000000000010001100000000011000101111100011011010011010
2502,1110111111111111101011000000000000000000000001000110000000001100010111110001101101001101
2503,1110111111111111101011000000000000000000000001000110000000001100010111110001000000000110001000000000001000000000000000000000000
2504,111011111111111110101100000000000000000000000100011000000000110001011111000100000000011000100000000000100000000000000000000000
2505,11101111111111111010110000000000000000000000010001100000000011000101111100010000000001100010000000000010000000000000000000000
2506,1110111111111111101011000000000000000000000001000110000000001100010111110001000000000110001000000000001000000000000000000000
2507,111011111111111110101100000000000000000000000100011000000000110001011111000100000000011000100000000000100000000000000000000
2508,11101111111111111010110000000000000000000000010001100000000011000101111100010000000001100010000000000010000000000000000000
2509,1110111111111111101011000000000000000000000001000110000000001100010111110001000000000110001000000000001000000000000000000
2510,111011111111111110101100000000000000000000000100011000000000110001011111000100000000011000100000000000100000000000000000
2511,11101111111111111010110000000000000000000000010001100000000011000101111100010000000001100010000000000010000000000000000
2512,1110111111111111101011000000000000000000000001000110000000001100010111110001000000000110001000000000001000000000000000
2513,111011111111111110101100000000000000000000000100011000000000110001011111000100000000011000100000000000100000000000000
2514,11101111111111111010110000000000000000000000010001100000000011000101111100010000000001100010000000000010000000000000
2515,1110111111111111101011000000000000000000000001000110000000001100010111110001000000000110001000000000001000000000000
2516,111011111111111110101100000000000000000000000100011000000000110001011111000100000000011000100000000000100000000000
2517,11101111111111111010110000000000000000000000010001100000000011000101111100010000000001100010000000000010000000000
2518,1110111111111111101011000000000000000000000001000110000000001100010111110001000000000110001000000000001000000000
2519,111011111111111110101100000000000000000000000100011000000000110001011111000100000000011000100000000000100000000
2520,11101111111111111010110000000000000000000000010001100000000011000101111100010000000001100010000000000010000000
2521,1110111111111111101011000000000000000000000001000110000000001100010111110001000000000110001000000000001000000
2522,111011111111111110101100000000000000000000000100011000000000110001011111000100000000011000100000000000100000
2523,11101111111111111010110000000000000000000000010001100000000011000101111100010000000001100010000000000010000
2524,1110111111111111101011000000000000000000000001000110000000001100010111110001000000000110001000000000001000
2525,111011111111111110101100000000000000000000000100011000000000110001011111000100000000011000100000000000100
2526,11101111111111111010110000000000000000000000010001100000000011000101111100010000000001100010000000000010
2527,1110111111111111101011000000000000000000000001000110000000001100010111110001000000000110001000000000001
2528,111011111111111110101100000000000000000000000100011000000000110001011111000100000000011000100000000000000000000011
2529,1110111111111111101011000000000000000000000001000110000000001100010111110001000000000110001000000000000000000000101
2530,1110111111111111101011000000000000000000000001000110000000001100010111110001000000000101
2531,111011111111111110101100000000000000000000000100011000000000110001011111000110110100111011
2532,11101111111111111010110000000000000000000000010001100000000011000101111100010000001
2533,11101111111111111010110000000000000000000000010001100000000011000101111100011011010011011
2534,1110111111111111101011000000000000000000000001000110000000001100010111110001000000000110001010
2535,111011111111111110101100000000000000000000000100011000000000110001011111000100000000011000101
2536,1110111111111111101011000000000000000000000001000110000000001100010111110001000000000100000000001001
2537,111011111111111110101100000000000000000000000100011000000000110001011111000100000000011000100000000000000000001
2538,1110111111111111101011000000000000000000000001000110000000001100010111110001000000000110001011
2539,11101111111111111010110000000000000000000000010001100000000011000101111100010000000001100010000001
2540,11101111111111111010110000000000000000000000010001100000000011000101111100010000000001100010010000
2541,1110111111111111101011000000000000000000000001000110000000001100010111110001000000000110001001000
2542,111011111111111110101100000000000000000000000100011000000000110001011111000100000000011000100100
2543,11101111111111111010110000000000000000000000010001100000000011000101111100010000000001100010010
2544,1110111111111111101011000000000000000000000001000110000000001100010111110001000000000110001001
2545,1110111111111111101011000000000000000000000001000110000000001100010111110001000000000110001000000000001000000000000000000000001
2546,1110111111111111101011000000000000000000000001000110000000001100010111110001000000000110001000000000000000001
2547,11101111111111111010110000000000000000000000010001100000000011000101111100010000000001101
2548,1110111111111111101011000000000000000000000001000110000000001100010111110001000000000110001000000000001000000000000000000000010
2549,111011111111111110101100000000000000000000000100011000000000110001011111000100000000011000100000000000100000000000000000000001
2550,1110111111111111101011000000000000000000000001000110000000001100010111110001000000000110001000000000000001
2551,111011111111111110101100000000000000000000000100011000000000110001011111000100000000011000100000000000000001
2552,11101111111111111010110000000000000000000000010001100000000011000101111100010000000001100010000000000000000001
2553,111011111111111110101100000000000000000000000100011000000000110001011111000100000000011000100000000000001
2554,1110111111111111101011000000000000000000000001000110000000001100010111110001000000000110001000000001
2555,1110111111111111101011000000000000000000000001000110000000001100010111110001000000001
2556,1110111111111111101011000000000000000000000001000110000000001100010111110001000000000110001000000000001000000000000000000000011000
2557,111011111111111110101100000000000000000000000100011000000000110001011111000100000000011000100000000000100000000000000000000001100
2558,11101111111111111010110000000000000000000000010001100000000011000101111100010000000001100010000000000010000000000000000000000110
2559,1110111111111111101011000000000000000000000001000110000000001100010111110001000000000110001000000000001000000000000000000000011
2560,1110111111111111101011000000000000000000000001000110000000001100010111110001000000000110001000000000001000000000000000000001
2561,11101111111111111010110000000000000000000000010001100000000011000101111100010000000001100010000000000001
2562,11101111111111111010110000000000000000000000010001100000000011000101111100011011010011010110
2563,11101111111111111010110000000000000000000000010001100000000011000101111100011011010011010101
2564,1110111111111111101011000000000000000000000001000110000000001100010111110001000000000111
2565,11101111111111111010110000000000000000000000010001100000000011000101111100010000000001100010000000000010000000000000000000000111
2566,11101111111111111010110000000000000000000000010001100000000011000101111100010000000001100010000000000000001
2567,111011111111111110101100000000000000000000000100011000000000110001011111000100000000011000100000000001
2568,11101111111111111010110000000000000000000000010001100000000011000101111100010000000001100010000000000010000000001
2569,1110111111111111101011000000000000000000000001000110000000001100010111110001101101001101011
2570,1110111111111111101011000000000000000000000001000110000000001100010111110001000000000110001000000000001000000000000000001
2571,11101111111111111010110000000000000000000000010001100000000011000101111100010000000001100010000000000010000000000000000000000110010
2572,1110111111111111101011000000000000000000000001000110000000001100010111110001000000000110001000000000001000000000000000000000011001
2573,11101111111111111010110000000000000000000000010001100000000011000101111100010000000001100010000000000010000000000000000000000110011
2574,1110111111111111101011000000000000000000000001000110000000001100010111110001000000000110000
2575,1110111111111111101011000000000000000000000001000110000000001100010111110001000000000110001001000011110
2576,111011111111111110101100000000000000000000000100011000000000110001011111000100000000011000100100001111100
2577,11101111111111111010110000000000000000000000010001100000000011000101111100010000000001100010010000111110
2578,111011111111111110101100000000000000000000000100011000000000110001011111000100000000011000100000000000100001
2579,11101111111111111010110000000000000000000000010001100000000011000101111100010000000001100010010000111110100
2580,1110111111111111101011000000000000000000000001000110000000001100010111110001000000000110001001000011111010
2581,111011111111111110101100000000000000000000000100011000000000110001011111000100000000011000100100001111101
2582,11101111111111111010110000000000000000000000010001100000000011000101111100010000000001100010010000111110101
2583,111011111111111110101100000000000000000000000100011000000000110001011111000100000000011000100000000000100000000000000000001000000000000000
2584,11101111111111111010110000000000000000000000010001100000000011000101111100010000000001100010000000000010000000000000000000100000000000000
2585,1110111111111111101011000000000000000000000001000110000000001100010111110001000000000110001000000000001000000000000000000010000000000000
2586,111011111111111110101100000000000000000000000100011000000000110001011111000100000000011000100000000000100000000000000000001000000000000
2587,11101111111111111010110000000000000000000000010001100000000011000101111100010000000001100010000000000010000000000000000000100000000000
2588,1110111111111111101011000000000000000000000001000110000000001100010111110001000000000110001000000000001000000000000000000010000000000
2589,111011111111111110101100000000000000000000000100011000000000110001011111000100000000011000100000000000100000000000000000001000000000
2590,11101111111111111010110000000000000000000000010001100000000011000101111100010000000001100010000000000010000000000000000000100000000
2591,1110111111111111101011000000000000000000000001000110000000001100010111110001000000000110001000000000001000000000000000000010000000
2592,111011111111111110101100000000000000000000000100011000000000110001011111000100000000011000100000000000100000000000000000001000000
2593,11101111111111111010110000000000000000000000010001100000000011000101111100010000000001100010000000000010000000000000000000100000
2594,1110111111111111101011000000000000000000000001000110000000001100010111110001000000000110001000000000001000000000000000000010000
2595,111011111111111110101100000000000000000000000100011000000000110001011111000100000000011000100000000000100000000000000000001000
2596,11101111111111111010110000000000000000000000010001100000000011000101111100010000000001100010000000000010000000000000000000100
2597,1110111111111111101011000000000000000000000001000110000000001100010111110001000000000110001000000000001000000000000000000010
2598,111011111111111110101100000000000000000000000100011000000000110001011111000100000000011000100000000000100000000000000000001
2599,111011111111111110101100000000000000000000000100011000000000110001011111000100000000011000100000000000100000000000000001
2600,111011111111111110101100000000000000000000000100011000000000110001011111000100000000011000100001
2601,1110111111111111101011000000000000000000000001000110000000001100010111110001000000000110001000000000001000000000000000000000011010
2602,111011111111111110101100000000000000000000000100011000000000110001011111000100000000011000100000000000100000000000000000000001101
2603,11101111111111111010110000000000000000000000010001100000000011000101111100010000000001100010000000000010000000000000000001
2604,11101111111111111010110000000000000000000000010001100000000011000101111100010000000001100010000000000010000000000000000000001
2605,1110111111111111101011000000000000000000000001000110000000001100010111110001000000000110001000000000001000000000000000000000011011
2606,111011111111111110101100000000000000000000000100011000000000110001011111000100000000011000100000000000100000000000001
2607,11101111111111111010110000000000000000000000010001100000000011000101111100010000000001100010000000000010000000000000001
2608,111011111111111110101100000000000000000000000100011000000000110001011111000100000000011000100000000000100000000001
2609,11101111111111111010110000000000000000000000010001100000000011000101111100010000000001100010001
2610,111011111111111110101100000000000000000000000100011000000000110001011111000100000000011000100000000000100000000000000000001000000000000001
2611,111011111111111110101100000000000000000000000100011000000000110001011111000100000000011000100000000000100000001
2612,111011111111111110101100000000000000000000000100011000000000110001011111000100000000011000100000001
2613,1110111111111111101011000000000000000000000001000110000000001100010111110001000000000110001000000000001001
2614,11101111111111111010110000000000000000000000010001100000000011000101111100010000000001100010000000000011
2615,1110111111111111101011000000000000000000000001000110000000001100010111110001000000000110001000000000100
2616,111011111111111110101100000000000000000000000100011000000000110001011111000100000000011000100000000010
2617,11101111111111111010110000000000000000000000010001100000000011000101111100010000000001100010000000001
2618,1110111111111111101011000000000000000000000001000110000000001100010111110001000000000110001000000000001000000000000001
2619,11101111111111111010110000000000000000000000010001100000000011000101111100010000000001100010000000000010000000000000000000100000001
2620,111011111111111110101100000000000000000000000100011000000000110001011111000100000000011000100000000011
2621,1110111111111111101011000000000000000000000001000110000000001100010111110001000000000110001000000000101
2622,11101111111111111010110000000000000000000000010001100000000011000101111100010000000001100010000000000010000001
2623,111011111111111110101100000000000000000000000100011000000000110001011111000100000000011000100101
2624,11101111111111111010110000000000000000000000010001100000000011000101111100010000000001100010010000111110110
2625,1110111111111111101011000000000000000000000001000110000000001100010111110001000000000110001001000011111011
2626,111011111111111110101100000000000000000000000100011000000000110001011111000100000000011000100000000000100000000000000000001000000000001
2627,11101111111111111010110000000000000000000000010001100000000011000101111100010000000001100010000000000010000000000001
2628,11101111111111111010110000000000000000000000010001100000000011000101111100010000000001100010000000000010000000000000000000100000000001
2629,11101111111111111010110000000000000000000000010001100000000011000101111100010000000001100010011000
2630,1110111111111111101011000000000000000000000001000110000000001100010111110001000000000110001001100
2631,111011111111111110101100000000000000000000000100011000000000110001011111000100000000011000100110
2632,11101111111111111010110000000000000000000000010001100000000011000101111100010000000001100010011
2633,11101111111111111010110000000000000000000000010001100000000011000101111100010000000001100010010000111110111
2634,1110111111111111101011000000000000000000000001000110000000001100010111110001000000000110001000000000001000000000000000000010000001
2635,111011111111111110101100000000000000000000000100011000000000110001011111000100000000011000100000000000100000000000000000001000000000000010
2636,11101111111111111010110000000000000000000000010001100000000011000101111100010000000001100010000000000010000000000000000000100000000000001
2637,11101111111111111010110000000000000000000000010001100000000011000101111100010000000001100010000010
2638,1110111111111111101011000000000000000000000001000110000000001100010111110001000000000110001000001
2639,111011111111111110101100000000000000000000000100011000000000110001011111000100000000011000100100000
2640,11101111111111111010110000000000000000000000010001100000000011000101111100010000000001100010010001
2641,11101111111111111010110000000000000000000000010001100000000011000101111100010000000001100010000000000010000000000010
2642,1110111111111111101011000000000000000000000001000110000000001100010111110001000000000110001000000000001000000000001
2643,11101111111111111010110000000000000000000000010001100000000011000101111100010000000001100010011010
2644,1110111111111111101011000000000000000000000001000110000000001100010111110001000000000110001001101
2645,111011111111111110101100000000000000000000000100011000000000110001011111000100000000011000100000000000100000000000000000001000000001
2646,111011111111111110101100000000000000000000000100011000000000110001011111000100000000011000100110010
2647,11101111111111111010110000000000000000000000010001100000000011000101111100010000000001100010011001
2648,11101111111111111010110000000000000000000000010001100000000011000101111100010000000001100010000000000010000000010
2649,1110111111111111101011000000000000000000000001000110000000001100010111110001000000000110001000000000001000000001
2650,111011111111111110101100000000000000000000000100011000000000110001011111000100000000011000100000000000100000000000000000001000001
2651,11101111111111111010110000000000000000000000010001100000000011000101111100010000000001100010000000000010000000000000000000110
2652,1110111111111111101011000000000000000000000001000110000000001100010111110001000000000110001000000000001000000000000000000011
2653,111011111111111110101100000000000000000000000100011000000000110001011111000100000000011000100000000000101
2654,1110111111111111101011000000000000000000000001000110000000001100010111110001000000000110001001000011111100
2655,111011111111111110101100000000000000000000000100011000000000110001011111000100000000011000100100001111110
2656,11101111111111111010110000000000000000000000010001100000000011000101111100010000000001100010010000111111
2657,1110111111111111101011000000000000000000000001000110000000001100010111110001000000000110001001000011100
2658,1110111111111111101011000000000000000000000001000110000000001100010111110001000000000110001000000000001000001
2659,11101111111111111010110000000000000000000000010001100000000011000101111100010000000001100010000000000010000000000000000000111
2660,1110111111111111101011000000000000000000000001000110000000001100010111110001000000000110001000000000001000000000000000000010001
2661,111011111111111110101100000000000000000000000100011000000000110001011111000100000000011000100000000000100000000000000000001001
2662,11101111111111111010110000000000000000000000010001100000000011000101111100010000000001100010000000000010000000000000000000101
2663,111011111111111110101100000000000000000000000100011000000000110001011111000100000000011000100000000000100000000000000000001000000000000011
2664,111011111111111110101100000000000000000000000100011000000000110001011111000100000000011000100111
2665,1110111111111111101011000000000000000000000001000110000000001100010111110001000000000110001001000011111101
2666,1110111111111111101011000000000000000000000001000110000000001100010111110001000000000110001000001100
2667,111011111111111110101100000000000000000000000100011000000000110001011111000100000000011000100000110
2668,11101111111111111010110000000000000000000000010001100000000011000101111100010000000001100010000011
2669,111011111111111110101100000000000000000000000100011000000000110001011111000100000000011000100000000000100000000000110000
2670,11101111111111111010110000000000000000000000010001100000000011000101111100010000000001100010000000000010000000000011000
2671,1110111111111111101011000000000000000000000001000110000000001100010111110001000000000110001000000000001000000000001100
2672,111011111111111110101100000000000000000000000100011000000000110001011111000100000000011000100000000000100000000000110
2673,11101111111111111010110000000000000000000000010001100000000011000101111100010000000001100010000000000010000000000011
2674,1110111111111111101011000000000000000000000001000110000000001100010111110001000000000110001000001101000
2675,111011111111111110101100000000000000000000000100011000000000110001011111000100000000011000100000110100
2676,11101111111111111010110000000000000000000000010001100000000011000101111100010000000001100010000011010
2677,1110111111111111101011000000000000000000000001000110000000001100010111110001000000000110001000001101
2678,11101111111111111010110000000000000000000000010001100000000011000101111100010000000001100010000011011
2679,111011111111111110101100000000000000000000000100011000000000110001011111000100000000011000100000000000100000000000111
2680,11101111111111111010110000000000000000000000010001100000000011000101111100010000000001100010010000111010
2681,1110111111111111101011000000000000000000000001000110000000001100010111110001000000000110001001001
2682,1110111111111111101011000000000000000000000001000110000000001100010111110001000000000110001000000000001000000000000000000010000000000001
2683,111011111111111110101100000000000000000000000100011000000000110001011111000100000000011000100100001111111
2684,1110111111111111101011000000000000000000000001000110000000001100010111110001000000000110001000000000001000000000000000000010000100
2685,111011111111111110101100000000000000000000000100011000000000110001011111000100000000011000100000000000100000000000000000001000010
2686,11101111111111111010110000000000000000000000010001100000000011000101111100010000000001100010000000000010000000000000000000100001
2687,111011111111111110101100000000000000000000000100011000000000110001011111000100000000011000100110110
2688,11101111111111111010110000000000000000000000010001100000000011000101111100010000000001100010011011
2689,1110111111111111101011000000000000000000000001000110000000001100010111110001000000000110001001100110
2690,111011111111111110101100000000000000000000000100011000000000110001011111000100000000011000100110011
2691,111011111111111110101100000000000000000000000100011000000000110001011111000100000000011000100000000000100000000000110001000
2692,11101111111111111010110000000000000000000000010001100000000011000101111100010000000001100010000000000010000000000011000100
2693,1110111111111111101011000000000000000000000001000110000000001100010111110001000000000110001000000000001000000000001100010
2694,111011111111111110101100000000000000000000000100011000000000110001011111000100000000011000100000000000100000000000110001
2695,11101111111111111010110000000000000000000000010001100000000011000101111100010000000001100010000000000010000000000000000000100000000010
2696,1110111111111111101011000000000000000000000001000110000000001100010111110001000000000110001000000000001000000000000000000010000000001
2697,111011111111111110101100000000000000000000000100011000000000110001011111000100000000011000100000000000100000000000110001001
2698,111011111111111110101100000000000000000000000100011000000000110001011111000100000000011000100000000000100010
2699,11101111111111111010110000000000000000000000010001100000000011000101111100010000000001100010000000000010001
2700,1110111111111111101011000000000000000000000001000110000000001100010111110001000000000110001001101111
2701,111011111111111110101100000000000000000000000100011000000000110001011111000100000000011000100110111
2702,111011111111111110101100000000000000000000000100011000000000110001011111000100000000011000100000000000100000000000000000001000011
2703,111011111111111110101100000000000000000000000100011000000000110001011111000100000000011000100000110101
2704,111011111111111110101100000000000000000000000100011000000000110001011111000100000000011000100100001110111111110000000
2705,11101111111111111010110000000000000000000000010001100000000011000101111100010000000001100010010000111011111111000000
2706,1110111111111111101011000000000000000000000001000110000000001100010111110001000000000110001001000011101111111100000
2707,111011111111111110101100000000000000000000000100011000000000110001011111000100000000011000100100001110111111110000
2708,11101111111111111010110000000000000000000000010001100000000011000101111100010000000001100010010000111011111111000
2709,1110111111111111101011000000000000000000000001000110000000001100010111110001000000000110001001000011101111111100
2710,111011111111111110101100000000000000000000000100011000000000110001011111000100000000011000100100001110111111110
2711,11101111111111111010110000000000000000000000010001100000000011000101111100010000000001100010010000110000
2712,1110111111111111101011000000000000000000000001000110000000001100010111110001000000000110001001000011000
2713,111011111111111110101100000000000000000000000100011000000000110001011111000100000000011000100100001100
2714,11101111111111111010110000000000000000000000010001100000000011000101111100010000000001100010010000110
2715,11101111111111111010110000000000000000000000010001100000000011000101111100010000000001100010000000000010000000000000000000100000000011
2716,111011111111111110101100000000000000000000000100011000000000110001011111000100000000011000100100001101
2717,11101111111111111010110000000000000000000000010001100000000011000101111100010000000001100010011001110
2718,1110111111111111101011000000000000000000000001000110000000001100010111110001000000000110001001100111
2719,11101111111111111010110000000000000000000000010001100000000011000101111100010000000001100010000000000010000000000011000101000
2720,1110111111111111101011000000000000000000000001000110000000001100010111110001000000000110001000000000001000000000001100010100
2721,111011111111111110101100000000000000000000000100011000000000110001011111000100000000011000100000000000100000000000110001010
2722,11101111111111111010110000000000000000000000010001100000000011000101111100010000000001100010000000000010000000000011000101
2723,111011111111111110101100000000000000000000000100011000000000110001011111000100000000011000100110011110
2724,11101111111111111010110000000000000000000000010001100000000011000101111100010000000001100010011001111
2725,111011111111111110101100000000000000000000000100011000000000110001011111000100000000011000100100001110110
2726,1110111111111111101011000000000000000000000001000110000000001100010111110001000000000110001001000011101111111100001
2727,1110111111111111101011000000000000000000000001000110000000001100010111110001000000000110001000000000001000000000000000000010000101000
2728,111011111111111110101100000000000000000000000100011000000000110001011111000100000000011000100000000000100000000000000000001000010100
2729,11101111111111111010110000000000000000000000010001100000000011000101111100010000000001100010000000000010000000000000000000100001010
2730,1110111111111111101011000000000000000000000001000110000000001100010111110001000000000110001000000000001000000000000000000010000101
2731,11101111111111111010110000000000000000000000010001100000000011000101111100010000000001100010010000110001
2732,111011111111111110101100000000000000000000000100011000000000110001011111000100000000011000100000000000100000000000110001011
2733,11101111111111111010110000000000000000000000010001100000000011000101111100010000000001100010000011010010
2734,1110111111111111101011000000000000000000000001000110000000001100010111110001000000000110001000001101001
2735,111011111111111110101100000000000000000000000100011000000000110001011111000100000000011000100100001110111111110000001
2736,111011111111111110101100000000000000000000000100011000000000110001011111000100000000011000100000000000100000000000000000001000010110
2737,11101111111111111010110000000000000000000000010001100000000011000101111100010000000001100010000000000010000000000000000000100001011
2738,111011111111111110101100000000000000000000000100011000000000110001011111000100000000011000100110111110
2739,11101111111111111010110000000000000000000000010001100000000011000101111100010000000001100010000000000010000000011
2740,1110111111111111101011000000000000000000000001000110000000001100010111110001000000000110001000000000001000000000001100011
2741,11101111111111111010110000000000000000000000010001100000000011000101111100010000000001100010000000000010000000000011001
2742,11101111111111111010110000000000000000000000010001100000000011000101111100010000000001100010010000111011111111000001
2743,1110111111111111101011000000000000000000000001000110000000001100010111110001000000000110001000000000001000110
2744,111011111111111110101100000000000000000000000100011000000000110001011111000100000000011000100000000000100011
2745,111011111111111110101100000000000000000000000100011000000000110001011111000100000000011000100000111
2746,11101111111111111010110000000000000000000000010001100000000011000101111100010000000001100010011011110
2747,111011111111111110101100000000000000000000000100011000000000110001011111000100000000011000100000110100110
2748,11101111111111111010110000000000000000000000010001100000000011000101111100010000000001100010000011010011
2749,1110111111111111101011000000000000000000000001000110000000001100010111110001000000000110001000000000001000000000001100010101
2750,1110111111111111101011000000000000000000000001000110000000001100010111110001000000000110001001000011101110
2751,1110111111111111101011000000000000000000000001000110000000001100010111110001000000000110001001000011101111111100010
2752,111011111111111110101100000000000000000000000100011000000000110001011111000100000000011000100100001110111111110001
2753,111011111111111110101100000000000000000000000100011000000000110001011111000100000000011000100000110100111
2754,111011111111111110101100000000000000000000000100011000000000110001011111000100000000011000100000000000100000000000000000001000010101
2755,1110111111111111101011000000000000000000000001000110000000001100010111110001000000000110001000000000001000111
2756,11101111111111111010110000000000000000000000010001100000000011000101111100010000000001100010010000110010
2757,1110111111111111101011000000000000000000000001000110000000001100010111110001000000000110001001000011001
2758,11101111111111111010110000000000000000000000010001100000000011000101111100010000000001100010000000000010000000000011000101001
2759,1110111111111111101011000000000000000000000001000110000000001100010111110001000000000110001001100111110
2760,111011111111111110101100000000000000000000000100011000000000110001011111000100000000011000100110011111
2761,11101111111111111010110000000000000000000000010001100000000011000101111100010000000001100010010000111011110
2762,11101111111111111010110000000000000000000000010001100000000011000101111100010000000001100010000000000010000000000000000000100001010010
2763,1110111111111111101011000000000000000000000001000110000000001100010111110001000000000110001000000000001000000000000000000010000101001
2764,1110111111111111101011000000000000000000000001000110000000001100010111110001000000000110001001100111111000000
2765,111011111111111110101100000000000000000000000100011000000000110001011111000100000000011000100110011111100000
2766,11101111111111111010110000000000000000000000010001100000000011000101111100010000000001100010011001111110000
2767,1110111111111111101011000000000000000000000001000110000000001100010111110001000000000110001001100111111000
2768,111011111111111110101100000000000000000000000100011000000000110001011111000100000000011000100110011111100
2769,11101111111111111010110000000000000000000000010001100000000011000101111100010000000001100010011001111110
2770,1110111111111111101011000000000000000000000001000110000000001100010111110001000000000110001001100111111
2771,1110111111111111101011000000000000000000000001000110000000001100010111110001000000000110001000000000001000000000000000000010000101110
2772,111011111111111110101100000000000000000000000100011000000000110001011111000100000000011000100000000000100000000000000000001000010111
2773,1110111111111111101011000000000000000000000001000110000000001100010111110001000000000110001001000011101111111100011
2774,11101111111111111010110000000000000000000000010001100000000011000101111100010000000001100010010000111011111111001
2775,11101111111111111010110000000000000000000000010001100000000011000101111100010000000001100010000000000010000000000000000000100001010011
2776,11101111111111111010110000000000000000000000010001100000000011000101111100010000000001100010010000100000
2777,1110111111111111101011000000000000000000000001000110000000001100010111110001000000000110001001000010000
2778,111011111111111110101100000000000000000000000100011000000000110001011111000100000000011000100100001000
2779,11101111111111111010110000000000000000000000010001100000000011000101111100010000000001100010010000100
2780,1110111111111111101011000000000000000000000001000110000000001100010111110001000000000110001001000010
2781,111011111111111110101100000000000000000000000100011000000000110001011111000100000000011000100110011111101
2782,1110111111111111101011000000000000000000000001000110000000001100010111110001000000000110001000000000001000000000000000000010000101111
2783,11101111111111111010110000000000000000000000010001100000000011000101111100010000000001100010000000000010000000000011010
2784,1110111111111111101011000000000000000000000001000110000000001100010111110001000000000110001000000000001000000000001101
2785,111011111111111110101100000000000000000000000100011000000000110001011111000100000000011000100000000000100000000000110110000
2786,11101111111111111010110000000000000000000000010001100000000011000101111100010000000001100010000000000010000000000011011000
2787,1110111111111111101011000000000000000000000001000110000000001100010111110001000000000110001000000000001000000000001101100
2788,111011111111111110101100000000000000000000000100011000000000110001011111000100000000011000100000000000100000000000110110
2789,11101111111111111010110000000000000000000000010001100000000011000101111100010000000001100010000000000010000000000011011
2790,1110111111111111101011000000000000000000000001000110000000001100010111110001000000000110001001100111111001
2791,1110111111111111101011000000000000000000000001000110000000001100010111110001000000000110001001100111111000001
2792,1110111111111111101011000000000000000000000001000110000000001100010111110001000000000110001000000000001000000000001101100010
2793,111011111111111110101100000000000000000000000100011000000000110001011111000100000000011000100000000000100000000000110110001
2794,11101111111111111010110000000000000000000000010001100000000011000101111100010000000001100010010000110011
2795,11101111111111111010110000000000000000000000010001100000000011000101111100010000000001100010011001111110001000000000
2796,1110111111111111101011000000000000000000000001000110000000001100010111110001000000000110001001100111111000100000000
2797,111011111111111110101100000000000000000000000100011000000000110001011111000100000000011000100110011111100010000000
2798,11101111111111111010110000000000000000000000010001100000000011000101111100010000000001100010011001111110001000000
2799,1110111111111111101011000000000000000000000001000110000000001100010111110001000000000110001001100111111000100000
2800,111011111111111110101100000000000000000000000100011000000000110001011111000100000000011000100110011111100010000
2801,11101111111111111010110000000000000000000000010001100000000011000101111100010000000001100010011001111110001000
2802,1110111111111111101011000000000000000000000001000110000000001100010111110001000000000110001001100111111000100
2803,111011111111111110101100000000000000000000000100011000000000110001011111000100000000011000100110011111100010
2804,11101111111111111010110000000000000000000000010001100000000011000101111100010000000001100010011001111110001
2805,111011111111111110101100000000000000000000000100011000000000110001011111000100000000011000100100001001
2806,1110111111111111101011000000000000000000000001000110000000001100010111110001000000000110001001100111111000100000001
2807,11101111111111111010110000000000000000000000010001100000000011000101111100010000000001100010011001111110001000000001
2808,11101111111111111010110000000000000000000000010001100000000011000101111100010000000001100010011001111110001001
2809,11101111111111111010110000000000000000000000010001100000000011000101111100010000000001100010010000111011111000
2810,1110111111111111101011000000000000000000000001000110000000001100010111110001000000000110001001000011101111100
2811,111011111111111110101100000000000000000000000100011000000000110001011111000100000000011000100100001110111110
2812,11101111111111111010110000000000000000000000010001100000000011000101111100010000000001100010011001111110001000001
2813,111011111111111110101100000000000000000000000100011000000000110001011111000100000000011000100110011111100001
2814,11101111111111111010110000000000000000000000010001100000000011000101111100010000000001100010000000000010000000000011011010
2815,1110111111111111101011000000000000000000000001000110000000001100010111110001000000000110001000000000001000000000001101101
2816,1110111111111111101011000000000000000000000001000110000000001100010111110001000000000110001001000010100
2817,111011111111111110101100000000000000000000000100011000000000110001011111000100000000011000100100001010
2818,11101111111111111010110000000000000000000000010001100000000011000101111100010000000001100010010000101
2819,11101111111111111010110000000000000000000000010001100000000011000101111100010000000001100010010000100001
2820,11101111111111111010110000000000000000000000010001100000000011000101111100010000000001100010010000100010
2821,1110111111111111101011000000000000000000000001000110000000001100010111110001000000000110001001000010001
2822,11101111111111111010110000000000000000000000010001100000000011000101111100010000000001100010010000111011111111100000
2823,1110111111111111101011000000000000000000000001000110000000001100010111110001000000000110001001000011101111111110000
2824,111011111111111110101100000000000000000000000100011000000000110001011111000100000000011000100100001110111111111000
2825,11101111111111111010110000000000000000000000010001100000000011000101111100010000000001100010010000111011111111100
2826,1110111111111111101011000000000000000000000001000110000000001100010111110001000000000110001001000011101111111110
2827,111011111111111110101100000000000000000000000100011000000000110001011111000100000000011000100100001110111111111
2828,11101111111111111010110000000000000000000000010001100000000011000101111100010000000001100010000000000010000000000011011001
2829,11101111111111111010110000000000000000000000010001100000000011000101111100010000000001100010000000000010000000000011011011
2830,1110111111111111101011000000000000000000000001000110000000001100010111110001000000000110001001100111111000100000010
2831,111011111111111110101100000000000000000000000100011000000000110001011111000100000000011000100110011111100010000001
2832,11101111111111111010110000000000000000000000010001100000000011000101111100010000000001100010010000111011111111100001
2833,1110111111111111101011000000000000000000000001000110000000001100010111110001000000000110001001100111111000101
2834,111011111111111110101100000000000000000000000100011000000000110001011111000100000000011000100000000000100000000000110110001100
2835,11101111111111111010110000000000000000000000010001100000000011000101111100010000000001100010000000000010000000000011011000110
2836,1110111111111111101011000000000000000000000001000110000000001100010111110001000000000110001000000000001000000000001101100011
2837,1110111111111111101011000000000000000000000001000110000000001100010111110001000000000110001001000011101111111101
2838,1110111111111111101011000000000000000000000001000110000000001100010111110001000000000110001001000010101
2839,111011111111111110101100000000000000000000000100011000000000110001011111000100000000011000100000000000100000000000110111
2840,11101111111111111010110000000000000000000000010001100000000011000101111100010000000001100010000000000010000000000011011000111
2841,11101111111111111010110000000000000000000000010001100000000011000101111100010000000001100010011001111110001000000111
2842,1110111111111111101011000000000000000000000001000110000000001100010111110001000000000110001001100111111000100000011
2843,111011111111111110101100000000000000000000000100011000000000110001011111000100000000011000100110011111100010001
2844,111011111111111110101100000000000000000000000100011000000000110001011111000100000000011000100000000000100000000000110110001101
2845,111011111111111110101100000000000000000000000100011000000000110001011111000100000000011000100100001110111111111001
2846,1110111111111111101011000000000000000000000001000110000000001100010111110001000000000110001001100111111000110
2847,111011111111111110101100000000000000000000000100011000000000110001011111000100000000011000100110011111100011
2848,11101111111111111010110000000000000000000000010001100000000011000101111100010000000001100010010000101100
2849,1110111111111111101011000000000000000000000001000110000000001100010111110001000000000110001001000010110
2850,111011111111111110101100000000000000000000000100011000000000110001011111000100000000011000100100001011
2851,11101111111111111010110000000000000000000000010001100000000011000101111100010000000001100010010000111011111111101000000
2852,1110111111111111101011000000000000000000000001000110000000001100010111110001000000000110001001000011101111111110100000
2853,111011111111111110101100000000000000000000000100011000000000110001011111000100000000011000100100001110111111111010000
2854,11101111111111111010110000000000000000000000010001100000000011000101111100010000000001100010010000111011111111101000
2855,1110111111111111101011000000000000000000000001000110000000001100010111110001000000000110001001000011101111111110100
2856,111011111111111110101100000000000000000000000100011000000000110001011111000100000000011000100100001110111111111010
2857,11101111111111111010110000000000000000000000010001100000000011000101111100010000000001100010010000111011111111101
2858,1110111111111111101011000000000000000000000001000110000000001100010111110001000000000110001001000011101111111111
2859,11101111111111111010110000000000000000000000010001100000000011000101111100010000000001100010010000100011
2860,11101111111111111010110000000000000000000000010001100000000011000101111100010000000001100010011001111110001000010000
2861,1110111111111111101011000000000000000000000001000110000000001100010111110001000000000110001001100111111000100001000
2862,111011111111111110101100000000000000000000000100011000000000110001011111000100000000011000100110011111100010000100
2863,11101111111111111010110000000000000000000000010001100000000011000101111100010000000001100010011001111110001000010
2864,1110111111111111101011000000000000000000000001000110000000001100010111110001000000000110001001100111111000100001
2865,1110111111111111101011000000000000000000000001000110000000001100010111110001000000000110001001000011101111111110001
2866,11101111111111111010110000000000000000000000010001100000000011000101111100010000000001100010011001111110001000010010
2867,1110111111111111101011000000000000000000000001000110000000001100010111110001000000000110001001100111111000100001001
2868,1110111111111111101011000000000000000000000001000110000000001100010111110001000000000110001001000011101111111000
2869,111011111111111110101100000000000000000000000100011000000000110001011111000100000000011000100100001110111111100
2870,1110111111111111101011000000000000000000000001000110000000001100010111110001000000000110001001000011101111110
2871,111011111111111110101100000000000000000000000100011000000000110001011111000100000000011000100100001110111110010
2872,11101111111111111010110000000000000000000000010001100000000011000101111100010000000001100010010000111011111001
2873,11101111111111111010110000000000000000000000010001100000000011000101111100010000000001100010010000111011111111101000001
2874,11101111111111111010110000000000000000000000010001100000000011000101111100010000000001100010011001111110001110
2875,1110111111111111101011000000000000000000000001000110000000001100010111110001000000000110001001100111111000111
2876,11101111111111111010110000000000000000000000010001100000000011000101111100010000000001100010011001111110001000010001
2877,1110111111111111101011000000000000000000000001000110000000001100010111110001000000000110001001000010110100
2878,111011111111111110101100000000000000000000000100011000000000110001011111000100000000011000100100001011010
2879,11101111111111111010110000000000000000000000010001100000000011000101111100010000000001100010010000101101
2880,111011111111111110101100000000000000000000000100011000000000110001011111000100000000011000100100001011100
2881,11101111111111111010110000000000000000000000010001100000000011000101111100010000000001100010010000101110
2882,1110111111111111101011000000000000000000000001000110000000001100010111110001000000000110001001000010111
2883,11101111111111111010110000000000000000000000010001100000000011000101111100010000000001100010010000101111
2884,1110111111111111101011000000000000000000000001000110000000001100010111110001000000000110001001100111111000100001100
2885,111011111111111110101100000000000000000000000100011000000000110001011111000100000000011000100110011111100010000110
2886,11101111111111111010110000000000000000000000010001100000000011000101111100010000000001100010011001111110001000011
2887,111011111111111110101100000000000000000000000100011000000000110001011111000100000000011000100110011111110
2888,11101111111111111010110000000000000000000000010001100000000011000101111100010000000001100010011001111111
2889,111011111111111110101100000000000000000000000100011000000000110001011111000100000000011000100110011111100010000101
2890,1110111111111111101011000000000000000000000001000110000000001100010111110001000000000110001001000011101111100110
2891,111011111111111110101100000000000000000000000100011000000000110001011111000100000000011000100100001110111110011
2892,111011111111111110101100000000000000000000000100011000000000110001011111000100000000011000100100001110111111000
2893,11101111111111111010110000000000000000000000010001100000000011000101111100010000000001100010010000111011111100
2894,111011111111111110101100000000000000000000000100011000000000110001011111000100000000011000100100001011011
2895,11101111111111111010110000000000000000000000010001100000000011000101111100010000000001100010010000111011111111101001
2896,111011111111111110101100000000000000000000000100011000000000110001011111000100000000011000100110011111100010000111
2897,1110111111111111101011000000000000000000000001000110000000001100010111110001000000000110001001000011101111111110100001
2898,1110111111111111101011000000000000000000000001000110000000001100010111110001000000000110001001000011101111111001
2899,1110111111111111101011000000000000000000000001000110000000001100010111110001000000000110001001000011101111100111
2900,1110111111111111101011000000000000000000000001000110000000001100010111110001000000000110001001100111111110
2901,111011111111111110101100000000000000000000000100011000000000110001011111000100000000011000100110011111111
2902,111011111111111110101100000000000000000000000100011000000000110001011111000100000000011000100100001110111111001
2903,111011111111111110101100000000000000000000000100011000000000110001011111000100000000011000100100001011101
2904,111011111111111110101100000000000000000000000100011000000000110001011111000100000000011000100100001110111111111010001
2905,11101111111111111010110000000000000000000000010001100000000011000101111100010000000001100010011001111110001000010011
2906,1110111111111111101011000000000000000000000001000110000000001100010111110001000000000110001001000010110101
2907,11101111111111111010110000000000000000000000010001100000000011000101111100010000000001100010010000111
2908,1110111111111111101011000000000000000000000001000110000000001100010111110001000000000110001001100111111111
2909,11101111111111111010110000000000000000000000010001100000000011000101111100010000000001100010010000111011111010
2910,1110111111111111101011000000000000000000000001000110000000001100010111110001000000000110001001000011101111101
2911,11101111111111111010110000000000000000000000010001100000000011000101111100010000000001100010011001111110001111000
2912,1110111111111111101011000000000000000000000001000110000000001100010111110001000000000110001001100111111000111100
2913,111011111111111110101100000000000000000000000100011000000000110001011111000100000000011000100110011111100011110
2914,11101111111111111010110000000000000000000000010001100000000011000101111100010000000001100010011001111110001111
2915,111011111111111110101100000000000000000000000100011000000000110001011111000100000000011000100110011111100011111
2916,1110111111111111101011000000000000000000000001000110000000001100010111110001000000000110001001000011101111111010000000000000000000000000000
2917,111011111111111110101100000000000000000000000100011000000000110001011111000100000000011000100100001110111111101000000000000000000000000000
2918,11101111111111111010110000000000000000000000010001100000000011000101111100010000000001100010010000111011111110100000000000000000000000000
2919,1110111111111111101011000000000000000000000001000110000000001100010111110001000000000110001001000011101111111010000000000000000000000000
2920,111011111111111110101100000000000000000000000100011000000000110001011111000100000000011000100100001110111111101000000000000000000000000
2921,11101111111111111010110000000000000000000000010001100000000011000101111100010000000001100010010000111011111110100000000000000000000000
2922,1110111111111111101011000000000000000000000001000110000000001100010111110001000000000110001001000011101111111010000000000000000000000
2923,111011111111111110101100000000000000000000000100011000000000110001011111000100000000011000100100001110111111101000000000000000000000
2924,11101111111111111010110000000000000000000000010001100000000011000101111100010000000001100010010000111011111110100000000000000000000
2925,1110111111111111101011000000000000000000000001000110000000001100010111110001000000000110001001000011101111111010000000000000000000
2926,111011111111111110101100000000000000000000000100011000000000110001011111000100000000011000100100001110111111101000000000000000000
2927,11101111111111111010110000000000000000000000010001100000000011000101111100010000000001100010010000111011111110100000000000000000
2928,1110111111111111101011000000000000000000000001000110000000001100010111110001000000000110001001000011101111111010000000000000000
2929,111011111111111110101100000000000000000000000100011000000000110001011111000100000000011000100100001110111111101000000000000000
2930,11101111111111111010110000000000000000000000010001100000000011000101111100010000000001100010010000111011111110100000000000000
2931,1110111111111111101011000000000000000000000001000110000000001100010111110001000000000110001001000011101111111010000000000000
2932,111011111111111110101100000000000000000000000100011000000000110001011111000100000000011000100100001110111111101000000000000
2933,11101111111111111010110000000000000000000000010001100000000011000101111100010000000001100010010000111011111110100000000000
2934,1110111111111111101011000000000000000000000001000110000000001100010111110001000000000110001001000011101111111010000000000
2935,111011111111111110101100000000000000000000000100011000000000110001011111000100000000011000100100001110111111101000000000
2936,11101111111111111010110000000000000000000000010001100000000011000101111100010000000001100010010000111011111110100000000
2937,1110111111111111101011000000000000000000000001000110000000001100010111110001000000000110001001000011101111111010000000
2938,111011111111111110101100000000000000000000000100011000000000110001011111000100000000011000100100001110111111101000000
2939,11101111111111111010110000000000000000000000010001100000000011000101111100010000000001100010010000111011111110100000
2940,1110111111111111101011000000000000000000000001000110000000001100010111110001000000000110001001000011101111111010000
2941,111011111111111110101100000000000000000000000100011000000000110001011111000100000000011000100100001110111111101000
2942,11101111111111111010110000000000000000000000010001100000000011000101111100010000000001100010010000111011111110100
2943,1110111111111111101011000000000000000000000001000110000000001100010111110001000000000110001001000011101111111010
2944,11101111111111111010110000000000000000000000010001100000000011000101111100010000000001100010011001111110001111001
2945,111011111111111110101100000000000000000000000100011000000000110001011111000100000000011000100110011111100010000110100
2946,11101111111111111010110000000000000000000000010001100000000011000101111100010000000001100010011001111110001000011010
2947,1110111111111111101011000000000000000000000001000110000000001100010111110001000000000110001001100111111000100001101
2948,1110111111111111101011000000000000000000000001000110000000001100010111110001000000000110001001100111111000100001101010
2949,111011111111111110101100000000000000000000000100011000000000110001011111000100000000011000100110011111100010000110101
2950,111011111111111110101100000000000000000000000100011000000000110001011111000100000000011000100100001110111111101000000000000000000000000010000
2951,11101111111111111010110000000000000000000000010001100000000011000101111100010000000001100010010000111011111110100000000000000000000000001000
2952,1110111111111111101011000000000000000000000001000110000000001100010111110001000000000110001001000011101111111010000000000000000000000000100
2953,111011111111111110101100000000000000000000000100011000000000110001011111000100000000011000100100001110111111101000000000000000000000000010
2954,11101111111111111010110000000000000000000000010001100000000011000101111100010000000001100010010000111011111110100000000000000000000000001
2955,1110111111111111101011000000000000000000000001000110000000001100010111110001000000000110001001000011101111111011
2956,111011111111111110101100000000000000000000000100011000000000110001011111000100000000011000100100001110111111101000000000000000000000000000100
2957,11101111111111111010110000000000000000000000010001100000000011000101111100010000000001100010010000111011111110100000000000000000000000000010
2958,1110111111111111101011000000000000000000000001000110000000001100010111110001000000000110001001000011101111111010000000000000000000000000001
2959,1110111111111111101011000000000000000000000001000110000000001100010111110001000000000110001001100111111000111101
2960,11101111111111111010110000000000000000000000010001100000000011000101111100010000000001100010010000111011111110100100
2961,1110111111111111101011000000000000000000000001000110000000001100010111110001000000000110001001000011101111111010010
2962,111011111111111110101100000000000000000000000100011000000000110001011111000100000000011000100100001110111111101001
2963,1110111111111111101011000000000000000000000001000110000000001100010111110001000000000110001001000011101111101100
2964,111011111111111110101100000000000000000000000100011000000000110001011111000100000000011000100100001110111110110
2965,11101111111111111010110000000000000000000000010001100000000011000101111100010000000001100010010000111011111011
2966,11101111111111111010110000000000000000000000010001100000000011000101111100010000000001100010010000111011111110100000000000000000000000000011
2967,111011111111111110101100000000000000000000000100011000000000110001011111000100000000011000100100001110111111101000000000000000000000000011
2968,111011111111111110101100000000000000000000000100011000000000110001011111000100000000011000100100001110111111101000000000000000000000000000101
2969,111011111111111110101100000000000000000000000100011000000000110001011111000100000000011000100100001110111111101000000000000000000000000010001
2970,11101111111111111010110000000000000000000000010001100000000011000101111100010000000001100010010000111011111110100101
2971,1110111111111111101011000000000000000000000001000110000000001100010111110001000000000110001001100111111000100001101011
2972,1110111111111111101011000000000000000000000001000110000000001100010111110001000000000110001001000011101111101110
2973,111011111111111110101100000000000000000000000100011000000000110001011111000100000000011000100100001110111110111
2974,11101111111111111010110000000000000000000000010001100000000011000101111100010000000001100010010000111011111111101010
2975,1110111111111111101011000000000000000000000001000110000000001100010111110001000000000110001001000011101111111110101
2976,111011111111111110101100000000000000000000000100011000000000110001011111000100000000011000100100001110111111111011
2977,1110111111111111101011000000000000000000000001000110000000001100010111110001000000000110001001000011101111101111
2978,1110111111111111101011000000000000000000000001000110000000001100010111110001000000000110001001000011101111101101
2979,1110111111111111101011000000000000000000000001000110000000001100010111110001000000000110001001000011101111111010000000000000000000000010000
2980,111011111111111110101100000000000000000000000100011000000000110001011111000100000000011000100100001110111111101000000000000000000000001000
2981,11101111111111111010110000000000000000000000010001100000000011000101111100010000000001100010010000111011111110100000000000000000000000100
2982,1110111111111111101011000000000000000000000001000110000000001100010111110001000000000110001001000011101111111010000000000000000000000010
2983,111011111111111110101100000000000000000000000100011000000000110001011111000100000000011000100100001110111111101000000000000000000000001
2984,111011111111111110101100000000000000000000000100011000000000110001011111000100000000011000100100001110111111101000000000000000000000000010010
2985,11101111111111111010110000000000000000000000010001100000000011000101111100010000000001100010010000111011111110100000000000000000000000001001
2986,111011111111111110101100000000000000000000000100011000000000110001011111000100000000011000100110011111100010000110110
2987,11101111111111111010110000000000000000000000010001100000000011000101111100010000000001100010011001111110001000011011
2988,111011111111111110101100000000000000000000000100011000000000110001011111000100000000011000100100001110111111101010
2989,11101111111111111010110000000000000000000000010001100000000011000101111100010000000001100010010000111011111110101
2990,1110111111111111101011000000000000000000000001000110000000001100010111110001000000000110001001100111111000100001101110000
2991,111011111111111110101100000000000000000000000100011000000000110001011111000100000000011000100110011111100010000110111000
2992,11101111111111111010110000000000000000000000010001100000000011000101111100010000000001100010011001111110001000011011100
2993,1110111111111111101011000000000000000000000001000110000000001100010111110001000000000110001001100111111000100001101110
2994,111011111111111110101100000000000000000000000100011000000000110001011111000100000000011000100110011111100010000110111
2995,11101111111111111010110000000000000000000000010001100000000011000101111100010000000001100010010000111011111111101011
2996,1110111111111111101011000000000000000000000001000110000000001100010111110001000000000110001001000011101111111010000000000000000000000000010
2997,111011111111111110101100000000000000000000000100011000000000110001011111000100000000011000100100001110111111101000000000000000000000000001
2998,111011111111111110101100000000000000000000000100011000000000110001011111000100000000011000100100001110111111101000000000000000000000000010011
2999,1110111111111111101011000000000000000000000001000110000000001100010111110001000000000110001001000011101111111010000000000000000000000000011
3000,1110111111111111101011000000000000000000000001000110000000001100010111110001000000000110001001100111111000100001101111
3001,111011111111111110101100000000000000000000000100011000000000110001011111000100000000011000100100001110111111101000000010
3002,11101111111111111010110000000000000000000000010001100000000011000101111100010000000001100010010000111011111110100000001
3003,1110111111111111101011000000000000000000000001000110000000001100010111110001000000000110001001100111111000100001101110001
3004,1110111111111111101011000000000000000000000001000110000000001100010111110001000000000110001001000011101111111010011
3005,1110111111111111101011000000000000000000000001000110000000001100010111110001000000000110001001000011101111111010110
3006,111011111111111110101100000000000000000000000100011000000000110001011111000100000000011000100100001110111111101011
3007,111011111111111110101100000000000000000000000100011000000000110001011111000100000000011000100100001110111111101011100
3008,11101111111111111010110000000000000000000000010001100000000011000101111100010000000001100010010000111011111110101110
3009,1110111111111111101011000000000000000000000001000110000000001100010111110001000000000110001001000011101111111010111
3010,11101111111111111010110000000000000000000000010001100000000011000101111100010000000001100010011001111110001000011011101
3011,11101111111111111010110000000000000000000000010001100000000011000101111100010000000001100010010000111011111110100000000000000000000000100010
3012,1110111111111111101011000000000000000000000001000110000000001100010111110001000000000110001001000011101111111010000000000000000000000010001
3013,11101111111111111010110000000000000000000000010001100000000011000101111100010000000001100010010000111011111110100000000000000000000000101
3014,11101111111111111010110000000000000000000000010001100000000011000101111100010000000001100010010000111011111110100001
3015,1110111111111111101011000000000000000000000001000110000000001100010111110001000000000110001001000011101111111010001
3016,111011111111111110101100000000000000000000000100011000000000110001011111000100000000011000100100001110111111101000001
3017,1110111111111111101011000000000000000000000001000110000000001100010111110001000000000110001001100111111000100001101110010
3018,111011111111111110101100000000000000000000000100011000000000110001011111000100000000011000100110011111100010000110111001
3019,1110111111111111101011000000000000000000000001000110000000001100010111110001000000000110001001000011101111111010000000110
3020,111011111111111110101100000000000000000000000100011000000000110001011111000100000000011000100100001110111111101000000011
3021,1110111111111111101011000000000000000000000001000110000000001100010111110001000000000110001001000011101111111010000000000000000000010000000000000000000
3022,111011111111111110101100000000000000000000000100011000000000110001011111000100000000011000100100001110111111101000000000000000000001000000000000000000
3023,11101111111111111010110000000000000000000000010001100000000011000101111100010000000001100010010000111011111110100000000000000000000100000000000000000
3024,1110111111111111101011000000000000000000000001000110000000001100010111110001000000000110001001000011101111111010000000000000000000010000000000000000
3025,111011111111111110101100000000000000000000000100011000000000110001011111000100000000011000100100001110111111101000000000000000000001000000000000000
3026,11101111111111111010110000000000000000000000010001100000000011000101111100010000000001100010010000111011111110100000000000000000000100000000000000
3027,1110111111111111101011000000000000000000000001000110000000001100010111110001000000000110001001000011101111111010000000000000000000010000000000000
3028,111011111111111110101100000000000000000000000100011000000000110001011111000100000000011000100100001110111111101000000000000000000001000000000000
3029,11101111111111111010110000000000000000000000010001100000000011000101111100010000000001100010010000111011111110100000000000000000000100000000000
3030,1110111111111111101011000000000000000000000001000110000000001100010111110001000000000110001001000011101111111010000000000000000000010000000000
3031,111011111111111110101100000000000000000000000100011000000000110001011111000100000000011000100100001110111111101000000000000000000001000000000
3032,11101111111111111010110000000000000000000000010001100000000011000101111100010000000001100010010000111011111110100000000000000000000100000000
3033,1110111111111111101011000000000000000000000001000110000000001100010111110001000000000110001001000011101111111010000000000000000000010000000
3034,111011111111111110101100000000000000000000000100011000000000110001011111000100000000011000100100001110111111101000000000000000000001000000
3035,11101111111111111010110000000000000000000000010001100000000011000101111100010000000001100010010000111011111110100000000000000000000100000
3036,1110111111111111101011000000000000000000000001000110000000001100010111110001000000000110001001000011101111111010000000000000000000010000
3037,111011111111111110101100000000000000000000000100011000000000110001011111000100000000011000100100001110111111101000000000000000000001000
3038,11101111111111111010110000000000000000000000010001100000000011000101111100010000000001100010010000111011111110100000000000000000000100
3039,1110111111111111101011000000000000000000000001000110000000001100010111110001000000000110001001000011101111111010000000000000000000010
3040,111011111111111110101100000000000000000000000100011000000000110001011111000100000000011000100100001110111111101000000000000000000001
3041,11101111111111111010110000000000000000000000010001100000000011000101111100010000000001100010010000111011111110100000000000000000000000001010
3042,1110111111111111101011000000000000000000000001000110000000001100010111110001000000000110001001000011101111111010000000000000000000000000101
3043,11101111111111111010110000000000000000000000010001100000000011000101111100010000000001100010010000111011111110100000000000000000000000001011
3044,11101111111111111010110000000000000000000000010001100000000011000101111100010000000001100010011001111110001000011011100110
3045,1110111111111111101011000000000000000000000001000110000000001100010111110001000000000110001001100111111000100001101110011
3046,111011111111111110101100000000000000000000000100011000000000110001011111000100000000011000100100001110111111101000000001
3047,1110111111111111101011000000000000000000000001000110000000001100010111110001000000000110001001000011101111111010000000111
3048,1110111111111111101011000000000000000000000001000110000000001100010111110001000000000110001001000011101111111010000000000000000000000001
3049,11101111111111111010110000000000000000000000010001100000000011000101111100010000000001100010010000111011111110100000000000000000000000100011
3050,111011111111111110101100000000000000000000000100011000000000110001011111000100000000011000100100001110111111101000000000000000000001000000000000000001000
3051,11101111111111111010110000000000000000000000010001100000000011000101111100010000000001100010010000111011111110100000000000000000000100000000000000000100
3052,1110111111111111101011000000000000000000000001000110000000001100010111110001000000000110001001000011101111111010000000000000000000010000000000000000010
3053,111011111111111110101100000000000000000000000100011000000000110001011111000100000000011000100100001110111111101000000000000000000001000000000000000001
3054,111011111111111110101100000000000000000000000100011000000000110001011111000100000000011000100100001110111111101011101
3055,11101111111111111010110000000000000000000000010001100000000011000101111100010000000001100010011001111110001000011011100111
3056,1110111111111111101011000000000000000000000001000110000000001100010111110001000000000110001001000011101111111010000000000000000000010000000000000000001
3057,1110111111111111101011000000000000000000000001000110000000001100010111110001000000000110001001000011101111111010000000000000000000000011
3058,111011111111111110101100000000000000000000000100011000000000110001011111000100000000011000100100001110111111101000000000000000000000001001
3059,111011111111111110101100000000000000000000000100011000000000110001011111000100000000011000100100001110111111101000000000000000000000100
3060,11101111111111111010110000000000000000000000010001100000000011000101111100010000000001100010010000111011111110100000000000000000000010
3061,1110111111111111101011000000000000000000000001000110000000001100010111110001000000000110001001000011101111111010000000000000000000001
3062,11101111111111111010110000000000000000000000010001100000000011000101111100010000000001100010010000111011111110100000000000000000000011
3063,11101111111111111010110000000000000000000000010001100000000011000101111100010000000001100010010000111011111110100000010
3064,1110111111111111101011000000000000000000000001000110000000001100010111110001000000000110001001000011101111111010000001
3065,1110111111111111101011000000000000000000000001000110000000001100010111110001000000000110001001000011101111111010000000000000000000010000000000000000011
3066,1110111111111111101011000000000000000000000001000110000000001100010111110001000000000110001001000011101111111010000000000000000000010000000000000000010010
3067,111011111111111110101100000000000000000000000100011000000000110001011111000100000000011000100100001110111111101000000000000000000001000000000000000001001
3068,1110111111111111101011000000000000000000000001000110000000001100010111110001000000000110001001000011101111111010000000001
3069,111011111111111110101100000000000000000000000100011000000000110001011111000100000000011000100100001110111111101000000000000000000000101
3070,111011111111111110101100000000000000000000000100011000000000110001011111000100000000011000100100001110111111101000000110
3071,11101111111111111010110000000000000000000000010001100000000011000101111100010000000001100010010000111011111110100000011
3072,1110111111111111101011000000000000000000000001000110000000001100010111110001000000000110001001000011101111111010000000000000000000010000000000000001
3073,11101111111111111010110000000000000000000000010001100000000011000101111100010000000001100010010000111011111110100000000000000000000100000000000000000100110
3074,1110111111111111101011000000000000000000000001000110000000001100010111110001000000000110001001000011101111111010000000000000000000010000000000000000010011
3075,111011111111111110101100000000000000000000000100011000000000110001011111000100000000011000100100001110111111101000000000000000000000010
3076,11101111111111111010110000000000000000000000010001100000000011000101111100010000000001100010010000111011111110100000000000000000000001
3077,11101111111111111010110000000000000000000000010001100000000011000101111100010000000001100010010000111011111110101111
3078,11101111111111111010110000000000000000000000010001100000000011000101111100010000000001100010010000111011111110100000000000000000000100000000000000000100111
3079,111011111111111110101100000000000000000000000100011000000000110001011111000100000000011000100100001110111111101000000000000000000001000000000000001
3080,111011111111111110101100000000000000000000000100011000000000110001011111000100000000011000100100001110111111101000000000000000000000011
3081,111011111111111110101100000000000000000000000100011000000000110001011111000100000000011000100100001110111111101000000000000010
3082,11101111111111111010110000000000000000000000010001100000000011000101111100010000000001100010010000111011111110100000000000001
3083,111011111111111110101100000000000000000000000100011000000000110001011111000100000000011000100100001110111111101000000000000000000001000000000000000010
3084,11101111111111111010110000000000000000000000010001100000000011000101111100010000000001100010010000111011111110100000000000000000000100000000000000001
3085,111011111111111110101100000000000000000000000100011000000000110001011111000100000000011000100100001110111111101000000000000011
3086,111011111111111110101100000000000000000000000100011000000000110001011111000100000000011000100100001110111111101000000000000000000001000000000000000011
3087,11101111111111111010110000000000000000000000010001100000000011000101111100010000000001100010010000111011111110100000000000000000001
3088,1110111111111111101011000000000000000000000001000110000000001100010111110001000000000110001001000011101111111010000000000000000000010000000000010
3089,111011111111111110101100000000000000000000000100011000000000110001011111000100000000011000100100001110111111101000000000000000000001000000000001
3090,111011111111111110101100000000000000000000000100011000000000110001011111000100000000011000100100001110111111101000000000000000000001000000000000000001010
3091,11101111111111111010110000000000000000000000010001100000000011000101111100010000000001100010010000111011111110100000000000000000000100000000000000000101
3092,111011111111111110101100000000000000000000000100011000000000110001011111000100000000011000100100001110111111101000000000001
3093,1110111111111111101011000000000000000000000001000110000000001100010111110001000000000110001001000011101111111010000000000000000000010000000000001
3094,11101111111111111010110000000000000000000000010001100000000011000101111100010000000001100010010000111011111110100000000001000
3095,1110111111111111101011000000000000000000000001000110000000001100010111110001000000000110001001000011101111111010000000000100
3096,111011111111111110101100000000000000000000000100011000000000110001011111000100000000011000100100001110111111101000000000010
3097,11101111111111111010110000000000000000000000010001100000000011000101111100010000000001100010010000111011111110100000000001
3098,1110111111111111101011000000000000000000000001000110000000001100010111110001000000000110001001000011101111111010000000000000000000010000000000011
3099,11101111111111111010110000000000000000000000010001100000000011000101111100010000000001100010010000111011111110100000000000000000000100000000000000000101100
3100,1110111111111111101011000000000000000000000001000110000000001100010111110001000000000110001001000011101111111010000000000000000000010000000000000000010110
3101,111011111111111110101100000000000000000000000100011000000000110001011111000100000000011000100100001110111111101000000000000000000001000000000000000001011
3102,111011111111111110101100000000000000000000000100011000000000110001011111000100000000011000100100001110111111101000000000000000001
3103,1110111111111111101011000000000000000000000001000110000000001100010111110001000000000110001001000011101111111010000000000000000001
3104,1110111111111111101011000000000000000000000001000110000000001100010111110001000000000110001001000011101111111010000000000001
3105,1110111111111111101011000000000000000000000001000110000000001100010111110001000000000110001001000011101111111010000000000000000000011
3106,11101111111111111010110000000000000000000000010001100000000011000101111100010000000001100010010000111011111110100000000000000000000101
3107,11101111111111111010110000000000000000000000010001100000000011000101111100010000000001100010010000111011111110100000000000000000000100000000000000000101110
3108,1110111111111111101011000000000000000000000001000110000000001100010111110001000000000110001001000011101111111010000000000000000000010000000000000000010111
3109,1110111111111111101011000000000000000000000001000110000000001100010111110001000000000110001001000011101111111010000000000000001
3110,11101111111111111010110000000000000000000000010001100000000011000101111100010000000001100010010000111011111110100000000001001
3111,11101111111111111010110000000000000000000000010001100000000011000101111100010000000001100010010000111011111110100000000000000000000100000000001
3112,11101111111111111010110000000000000000000000010001100000000011000101111100010000000001100010010000111011111110100000000000000000000100000000000000000101111
3113,11101111111111111010110000000000000000000000010001100000000011000101111100010000000001100010010000111011111110100000000000000000000100000000000000000101101
3114,1110111111111111101011000000000000000000000001000110000000001100010111110001000000000110001001000011101111111010000000000000000000010000000000000100
3115,111011111111111110101100000000000000000000000100011000000000110001011111000100000000011000100100001110111111101000000000000000000001000000000000010
3116,11101111111111111010110000000000000000000000010001100000000011000101111100010000000001100010010000111011111110100000000000000000000100000000000001
3117,1110111111111111101011000000000000000000000001000110000000001100010111110001000000000110001001000011101111111010000000000000000000010000000000000101
3118,111011111111111110101100000000000000000000000100011000000000110001011111000100000000011000100100001110111111101000000000000000000001000000001
3119,1110111111111111101011000000000000000000000001000110000000001100010111110001000000000110001001000011101111111010000001110
3120,111011111111111110101100000000000000000000000100011000000000110001011111000100000000011000100100001110111111101000000111
3121,1110111111111111101011000000000000000000000001000110000000001100010111110001000000000110001001000011101111111010000000000000010
3122,111011111111111110101100000000000000000000000100011000000000110001011111000100000000011000100100001110111111101000000000000001
3123,111011111111111110101100000000000000000000000100011000000000110001011111000100000000011000100100001110111111101000000000000000000001001
3124,111011111111111110101100000000000000000000000100011000000000110001011111000100000000011000100100001110111111101000000000000000000001000000000000011
3125,11101111111111111010110000000000000000000000010001100000000011000101111100010000000001100010010000111011111110100000000001010
3126,1110111111111111101011000000000000000000000001000110000000001100010111110001000000000110001001000011101111111010000000000101
3127,11101111111111111010110000000000000000000000010001100000000011000101111100010000000001100010010000111011111110100000000000000000000100000001
3128,11101111111111111010110000000000000000000000010001100000000011000101111100010000000001100010010000111011111110100000000000000110
3129,1110111111111111101011000000000000000000000001000110000000001100010111110001000000000110001001000011101111111010000000000000011
3130,111011111111111110101100000000000000000000000100011000000000110001011111000100000000011000100100001110111111101000000111100
3131,11101111111111111010110000000000000000000000010001100000000011000101111100010000000001100010010000111011111110100000011110
3132,1110111111111111101011000000000000000000000001000110000000001100010111110001000000000110001001000011101111111010000001111
3133,111011111111111110101100000000000000000000000100011000000000110001011111000100000000011000100100001110111111101000000000000000010
3134,11101111111111111010110000000000000000000000010001100000000011000101111100010000000001100010010000111011111110100000000000000001
3135,11101111111111111010110000000000000000000000010001100000000011000101111100010000000001100010010000111011111110100000000001011
3136,111011111111111110101100000000000000000000000100011000000000110001011111000100000000011000100100001110111111101000000111110
3137,11101111111111111010110000000000000000000000010001100000000011000101111100010000000001100010010000111011111110100000011111
3138,1110111111111111101011000000000000000000000001000110000000001100010111110001000000000110001001000011101111111010000000000000000000010000001
3139,11101111111111111010110000000000000000000000010001100000000011000101111100010000000001100010010000111011111110100000000000000000000100000000010
3140,1110111111111111101011000000000000000000000001000110000000001100010111110001000000000110001001000011101111111010000000000000000000010000000001
3141,111011111111111110101100000000000000000000000100011000000000110001011111000100000000011000100100001110111111101000000000000000000001000100
3142,11101111111111111010110000000000000000000000010001100000000011000101111100010000000001100010010000111011111110100000000000000000000100010
3143,1110111111111111101011000000000000000000000001000110000000001100010111110001000000000110001001000011101111111010000000000000000000010001
3144,11101111111111111010110000000000000000000000010001100000000011000101111100010000000001100010010000111011111110100000000000000000000100000000011
3145,11101111111111111010110000000000000000000000010001100000000011000101111100010000000001100010010000111011111110100000000000000000000100011
3146,1110111111111111101011000000000000000000000001000110000000001100010111110001000000000110001001000011101111111010000000000000011100
3147,111011111111111110101100000000000000000000000100011000000000110001011111000100000000011000100100001110111111101000000000000001110
3148,11101111111111111010110000000000000000000000010001100000000011000101111100010000000001100010010000111011111110100000000000000111
3149,111011111111111110101100000000000000000000000100011000000000110001011111000100000000011000100100001110111111101000000000000001111
3150,1110111111111111101011000000000000000000000001000110000000001100010111110001000000000110001001000011101111111010000001111110
3151,111011111111111110101100000000000000000000000100011000000000110001011111000100000000011000100100001110111111101000000111111
3152,111011111111111110101100000000000000000000000100011000000000110001011111000100000000011000100100001110111111101000000000000000000001000001
3153,111011111111111110101100000000000000000000000100011000000000110001011111000100000000011000100100001110111111101000000000000000000001000010
3154,11101111111111111010110000000000000000000000010001100000000011000101111100010000000001100010010000111011111110100000000000000000000100001
3155,1110111111111111101011000000000000000000000001000110000000001100010111110001000000000110001001000011101111111010000000000000000000010001010
3156,111011111111111110101100000000000000000000000100011000000000110001011111000100000000011000100100001110111111101000000000000000000001000101
3157,111011111111111110101100000000000000000000000100011000000000110001011111000100000000011000100100001110111111101000000000000000011
3158,1110111111111111101011000000000000000000000001000110000000001100010111110001000000000110001001000011101111111010000001111010
3159,111011111111111110101100000000000000000000000100011000000000110001011111000100000000011000100100001110111111101000000111101
3160,1110111111111111101011000000000000000000000001000110000000001100010111110001000000000110001001000011101111111010000001111011
3161,1110111111111111101011000000000000000000000001000110000000001100010111110001000000000110001001000011101111111010000000000000000000010000110000
3162,111011111111111110101100000000000000000000000100011000000000110001011111000100000000011000100100001110111111101000000000000000000001000011000
3163,11101111111111111010110000000000000000000000010001100000000011000101111100010000000001100010010000111011111110100000000000000000000100001100
3164,1110111111111111101011000000000000000000000001000110000000001100010111110001000000000110001001000011101111111010000000000000000000010000110
3165,111011111111111110101100000000000000000000000100011000000000110001011111000100000000011000100100001110111111101000000000000000000001000011
3166,11101111111111111010110000000000000000000000010001100000000011000101111100010000000001100010010000111011111110100000000000000000000100010110
3167,1110111111111111101011000000000000000000000001000110000000001100010111110001000000000110001001000011101111111010000000000000000000010001011
3168,11101111111111111010110000000000000000000000010001100000000011000101111100010000000001100010010000111011111110100000000000000111010
3169,1110111111111111101011000000000000000000000001000110000000001100010111110001000000000110001001000011101111111010000000000000011101
3170,1110111111111111101011000000000000000000000001000110000000001100010111110001000000000110001001000011101111111010000000000000000000010000111
3171,11101111111111111010110000000000000000000000010001100000000011000101111100010000000001100010010000111011111110100000000001100
3172,1110111111111111101011000000000000000000000001000110000000001100010111110001000000000110001001000011101111111010000000000110
3173,111011111111111110101100000000000000000000000100011000000000110001011111000100000000011000100100001110111111101000000000011
3174,11101111111111111010110000000000000000000000010001100000000011000101111100010000000001100010010000111011111110100000000000000111011
3175,11101111111111111010110000000000000000000000010001100000000011000101111100010000000001100010010000111011111110100000000001101
3176,11101111111111111010110000000000000000000000010001100000000011000101111100010000000001100010010000111011111110100000000000000000000100001101
3177,1110111111111111101011000000000000000000000001000110000000001100010111110001000000000110001001000011101111111010000001111111
3178,11101111111111111010110000000000000000000000010001100000000011000101111100010000000001100010010000111011111110100000000000000000000100010111
3179,111011111111111110101100000000000000000000000100011000000000110001011111000100000000011000100100001110111111101000000000000000000001000011011110
3180,11101111111111111010110000000000000000000000010001100000000011000101111100010000000001100010010000111011111110100000000000000000000100001101110
3181,1110111111111111101011000000000000000000000001000110000000001100010111110001000000000110001001000011101111111010000000000000000000010000110001
3182,111011111111111110101100000000000000000000000100011000000000110001011111000100000000011000100100001110111111101000000000011100
3183,11101111111111111010110000000000000000000000010001100000000011000101111100010000000001100010010000111011111110100000000001110
3184,1110111111111111101011000000000000000000000001000110000000001100010111110001000000000110001001000011101111111010000000000111
3185,111011111111111110101100000000000000000000000100011000000000110001011111000100000000011000100100001110111111101000000000011111110101100100
3186,11101111111111111010110000000000000000000000010001100000000011000101111100010000000001100010010000111011111110100000000001111111010110010
3187,1110111111111111101011000000000000000000000001000110000000001100010111110001000000000110001001000011101111111010000000000111111101011001
3188,11101111111111111010110000000000000000000000010001100000000011000101111100010000000001100010010000111011111110100000000001111111010
3189,1110111111111111101011000000000000000000000001000110000000001100010111110001000000000110001001000011101111111010000000000111111101
3190,11101111111111111010110000000000000000000000010001100000000011000101111100010000000001100010010000111011111110100000000001111
3191,11101111111111111010110000000000000000000000010001100000000011000101111100010000000001100010010000111011111110100000000001111100
3192,1110111111111111101011000000000000000000000001000110000000001100010111110001000000000110001001000011101111111010000000000111110
3193,111011111111111110101100000000000000000000000100011000000000110001011111000100000000011000100100001110111111101000000000011110
3194,1110111111111111101011000000000000000000000001000110000000001100010111110001000000000110001001000011101111111010000000000111010
3195,111011111111111110101100000000000000000000000100011000000000110001011111000100000000011000100100001110111111101000000000011101
3196,1110111111111111101011000000000000000000000001000110000000001100010111110001000000000110001001000011101111111010000000000000000000010000110110110
3197,1110111111111111101011000000000000000000000001000110000000001100010111110001000000000110001001000011101111111010000000000000000000010000110110
3198,111011111111111110101100000000000000000000000100011000000000110001011111000100000000011000100100001110111111101000000000011111110101100101
3199,1110111111111111101011000000000000000000000001000110000000001100010111110001000000000110001001000011101111111010000000000111011
3200,111011111111111110101100000000000000000000000100011000000000110001011111000100000000011000100100001110111111101000000000000000000001000011011111
3201,111011111111111110101100000000000000000000000100011000000000110001011111000100000000011000100100001110111111101000000000000000000001000011011010
3202,11101111111111111010110000000000000000000000010001100000000011000101111100010000000001100010010000111011111110100000000000000000000100001100100
3203,1110111111111111101011000000000000000000000001000110000000001100010111110001000000000110001001000011101111111010000000000000000000010000110010
3204,111011111111111110101100000000000000000000000100011000000000110001011111000100000000011000100100001110111111101000000000000000000001000011001
3205,11101111111111111010110000000000000000000000010001100000000011000101111100010000000001100010010000111011111110100000000000000000000100001101101110
3206,1110111111111111101011000000000000000000000001000110000000001100010111110001000000000110001001000011101111111010000000000000000000010000110110111
3207,11101111111111111010110000000000000000000000010001100000000011000101111100010000000001100010010000111011111110100000000001111111010110011000
3208,1110111111111111101011000000000000000000000001000110000000001100010111110001000000000110001001000011101111111010000000000111111101011001100
3209,111011111111111110101100000000000000000000000100011000000000110001011111000100000000011000100100001110111111101000000000011111110101100110
3210,11101111111111111010110000000000000000000000010001100000000011000101111100010000000001100010010000111011111110100000000001111111010110011
3211,1110111111111111101011000000000000000000000001000110000000001100010111110001000000000110001001000011101111111010000000000111111110
3212,11101111111111111010110000000000000000000000010001100000000011000101111100010000000001100010010000111011111110100000000001111101
3213,11101111111111111010110000000000000000000000010001100000000011000101111100010000000001100010010000111011111110100000000001111111010110011001
3214,111011111111111110101100000000000000000000000100011000000000110001011111000100000000011000100100001110111111101000000000000000000001000011011011110
3215,11101111111111111010110000000000000000000000010001100000000011000101111100010000000001100010010000111011111110100000000000000000000100001101101111
3216,11101111111111111010110000000000000000000000010001100000000011000101111100010000000001100010010000111011111110100000000000000000000100001100101
3217,1110111111111111101011000000000000000000000001000110000000001100010111110001000000000110001001000011101111111010000000000111111101011001101
3218,111011111111111110101100000000000000000000000100011000000000110001011111000100000000011000100100001110111111101000000000000000000001000011011000
3219,11101111111111111010110000000000000000000000010001100000000011000101111100010000000001100010010000111011111110100000000000000000000100001101100
3220,1110111111111111101011000000000000000000000001000110000000001100010111110001000000000110001001000011101111111010000000000111111111
3221,11101111111111111010110000000000000000000000010001100000000011000101111100010000000001100010010000111011111110100000000001111110000
3222,1110111111111111101011000000000000000000000001000110000000001100010111110001000000000110001001000011101111111010000000000111111000
3223,111011111111111110101100000000000000000000000100011000000000110001011111000100000000011000100100001110111111101000000000011111100
3224,111011111111111110101100000000000000000000000100011000000000110001011111000100000000011000100100001110111111101000000000011111110101100111
3225,11101111111111111010110000000000000000000000010001100000000011000101111100010000000001100010010000111011111110100000000000000000000100001101100100
3226,1110111111111111101011000000000000000000000001000110000000001100010111110001000000000110001001000011101111111010000000000000000000010000110110010
3227,111011111111111110101100000000000000000000000100011000000000110001011111000100000000011000100100001110111111101000000000000000000001000011011001
3228,11101111111111111010110000000000000000000000010001100000000011000101111100010000000001100010010000111011111110100000000001111110001
3229,111011111111111110101100000000000000000000000100011000000000110001011111000100000000011000100100001110111111101000000000000000000001000011011011111
3230,111011111111111110101100000000000000000000000100011000000000110001011111000100000000011000100100001110111111101000000000011111110101101101
3231,1110111111111111101011000000000000000000000001000110000000001100010111110001000000000110001001000011101111111010000000000000000000010000110110011
3232,1110111111111111101011000000000000000000000001000110000000001100010111110001000000000110001001000011101111111010000000000000000000010000110011
3233,1110111111111111101011000000000000000000000001000110000000001100010111110001000000000110001001000011101111111010000000000111111101011011111
3234,11101111111111111010110000000000000000000000010001100000000011000101111100010000000001100010010000111011111110100000000001111110010
3235,1110111111111111101011000000000000000000000001000110000000001100010111110001000000000110001001000011101111111010000000000111111001
3236,11101111111111111010110000000000000000000000010001100000000011000101111100010000000001100010010000111011111110100000000000000000000100001101100101
3237,11101111111111111010110000000000000000000000010001100000000011000101111100010000000001100010010000111011111110100000000001111111011
3238,11101111111111111010110000000000000000000000010001100000000011000101111100010000000001100010010000111011111110100000000001111110011
3239,1110111111111111101011000000000000000000000001000110000000001100010111110001000000000110001001000011101111111010000000000111111010
3240,111011111111111110101100000000000000000000000100011000000000110001011111000100000000011000100100001110111111101000000000011111101
3241,1110111111111111101011000000000000000000000001000110000000001100010111110001000000000110001001000011101111111010000000000111111101011011100
3242,111011111111111110101100000000000000000000000100011000000000110001011111000100000000011000100100001110111111101000000000011111110101101110
3243,1110111111111111101011000000000000000000000001000110000000001100010111110001000000000110001001000011101111111010000000000111111101010
3244,11101111111111111010110000000000000000000000010001100000000011000101111100010000000001100010010000111011111110100000000001111111010110111010
3245,1110111111111111101011000000000000000000000001000110000000001100010111110001000000000110001001000011101111111010000000000111111101011011101
3246,111011111111111110101100000000000000000000000100011000000000110001011111000100000000011000100100001110111111101000000000011111110101101110110
3247,11101111111111111010110000000000000000000000010001100000000011000101111100010000000001100010010000111011111110100000000001111111010110111011
3248,1110111111111111101011000000000000000000000001000110000000001100010111110001000000000110001001000011101111111010000000000111111011
3249,1110111111111111101011000000000000000000000001000110000000001100010111110001000000000110001001000011101111111010000000000111111101011010
3250,1110111111111111101011000000000000000000000001000110000000001100010111110001000000000110001001000011101111111010000000000111111101000
3251,111011111111111110101100000000000000000000000100011000000000110001011111000100000000011000100100001110111111101000000000011111110100
3252,111011111111111110101100000000000000000000000100011000000000110001011111000100000000011000100100001110111111101000000000011111110101101110111
3253,11101111111111111010110000000000000000000000010001100000000011000101111100010000000001100010010000111011111110100000000001111111010010
3254,1110111111111111101011000000000000000000000001000110000000001100010111110001000000000110001001000011101111111010000000000111111101001
3255,11101111111111111010110000000000000000000000010001100000000011000101111100010000000001100010010000111011111110100000000001111111010111111
3256,11101111111111111010110000000000000000000000010001100000000011000101111100010000000001100010010000111011111110100000000001111111010011
3257,111011111111111110101100000000000000000000000100011000000000110001011111000100000000011000100100001110111111101000000000011111110101110
3258,1110111111111111101011000000000000000000000001000110000000001100010111110001000000000110001001000011101111111010000000000111111101011110100
3259,111011111111111110101100000000000000000000000100011000000000110001011111000100000000011000100100001110111111101000000000011111110101111010
3260,11101111111111111010110000000000000000000000010001100000000011000101111100010000000001100010010000111011111110100000000001111111010111101
3261,11101111111111111010110000000000000000000000010001100000000011000101111100010000000001100010010000111011111110100000000001111111010111101010
3262,1110111111111111101011000000000000000000000001000110000000001100010111110001000000000110001001000011101111111010000000000111111101011110101
3263,11101111111111111010110000000000000000000000010001100000000011000101111100010000000001100010010000111011111110100000000001111111010111101100
3264,1110111111111111101011000000000000000000000001000110000000001100010111110001000000000110001001000011101111111010000000000111111101011110110
3265,111011111111111110101100000000000000000000000100011000000000110001011111000100000000011000100100001110111111101000000000011111110101111011
3266,11101111111111111010110000000000000000000000010001100000000011000101111100010000000001100010010000111011111110100000000001111111010111101011
3267,1110111111111111101011000000000000000000000001000110000000001100010111110001000000000110001001000011101111111010000000000111111101011110111
3268,11101111111111111010110000000000000000000000010001100000000011000101111100010000000001100010010000111011111110100000000001111111010111101101000
3269,1110111111111111101011000000000000000000000001000110000000001100010111110001000000000110001001000011101111111010000000000111111101011110110100
3270,111011111111111110101100000000000000000000000100011000000000110001011111000100000000011000100100001110111111101000000000011111110101111011010
3271,11101111111111111010110000000000000000000000010001100000000011000101111100010000000001100010010000111011111110100000000001111111010111101101
3272,1110111111111111101011000000000000000000000001000110000000001100010111110001000000000110001001000011101111111010000000000111111101011110110101
3273,11101111111111111010110000000000000000000000010001100000000011000101111100010000000001100010010000111011111110100000000001111111010111101101001
3274,111011111111111110101100000000000000000000000100011000000000110001011111000100000000011000100100001110111111101000000000011111110101111011011
3275,11101111111111111010110000000000000000000000010001100000000011000101111100010000000001100010000000000000000000001010
3276,11101111111111111010110000000000000000000000010001100000000011000101111100010000000001100010000000000000000000001011
3277,1110111111111111101011000000000000000000000001000110000000001100010111110001000000000110001
3278,11101111111111111010110000000000000000000000010001100000000011000101111100010000000001100011
3279,111011111111111110101100000000000000000000000100011000000000110001011111000100000110
3280,111011111111111110101100000000000000000000000100011000000000110001011111000100000111
3281,11101111111111111010110000000000000000000000010001100000000011000101111100011100
3282,11101111111111111010110000000000000000000000010001100000000011000101111100011101
3283,111011111111111110101100000000000000000000000100011000000000110001011111000111
3284,1110111111111111101011000000000000000000000001000110000000001100010111110001111
3285,11101111111111111010110000000000000000000000010001100000000011000101111100011110
3286,11101111111111111010110000000000000000000000010001100000000011000101111100011111
3287,111011111111111110101100000000000000000000000100011000000000110001011111000011
3288,1110111111111111101011000000000000000000000001000110000000001100010111110000111
3289,1110111111111111101011000000000000000000000001000110000000001100010100011001100001011100000000000000000001110100111
3290,1110111111111111101011000000000000000000000001000110000000001100010101011
3291,111011111111111110101100000000000000000000000100011000000000110001010101111
3292,111011111111111110101100000000000000000000000100011000000000110001010111
3293,11101111111111111010110000000000000000000000010001100000000011000101010
3294,111011111111111110101100000000000000000000000100011000000000110001010100
3295,1110111111111111101011000000000000000000000001000110000000001100010101001
3296,111011111111111110101100000000000000000000000100011000000000110001010111111
3297,11101111111111111010110000000000000000000000010001100000000011000101011111111111111
3298,11101111111111111010110000000000000000000000010001100000000011000101011111111
3299,111011111111111110101100000000000000000000000100011000000000110001010111111111111110111
3300,1110111111111111101011000000000000000000000001000110000000001100010101111111111111101
3301,111011111111111110101100000000000000000000000100011000000000110001010111111111111
3302,111011111111111110101100000000000000000000000100011000000000110001010111111111
3303,1110111111111111101011000000000000000000000001000110000000001100010101111111111
3304,1110111111111111101011000000000000000000000001000110000000001100010101111111111111111
3305,11101111111111111010110000000000000000000000010001100000000011000101011
3306,111011111111111110101100000000000000000000000100011000000000110001010101101
3307,111011111111111110101100000000000000000000000100011000000000110001010111111111111110
3308,11101111111111111010110000000000000000000000010001100000000011000101010111111
3309,1110111111111111101011000000000000000000000001000110000000001100010101111
3310,11101111111111111010110000000000000000000000010001100000000011000101011111111111111111
3311,111011111111111110101100000000000000000000000100011000000000110001010101111111
3312,11101111111111111010110000000000000000000000010001100000000011000101011111111111111011
3313,11101111111111111010110000000000000000000000010001100000000011000101010110
3314,11101111111111111010110000000000000000000000010001100000000011000101011111
3315,111011111111111110101100000000000000000000000100011000000000110001010111111111111111
3316,1110111111111111101011000000000000000000000001000110000000001100010101111111
3317,111011111111111110101100000000000000000000000100011000000000110001010100111
3318,1110111111111111101011000000000000000000000001000110000000001100010101111111111111
3319,11101111111111111010110000000000000000000000010001100000000011000101010111
3320,11101111111111111010110000000000000000000000010001100000000011000101011111111111
3321,11101111111111111010110000000000000000000000010001100000000011000101010011
3322,1110111111111111101011000000000000000000000001000110000000001100010101011111
3323,111011111111111110101100000000000000000000000100011000000000110001010111111111111111111
3324,1110111111111111101011000000000000000000000001000110000000001100010101111111111111101111
3325,1110111111111111101011000000000000000000000001000110000000001100010101001111
3326,111011111111111110101100000000000000000000000100011000000000110001010101
3327,1110111111111111101011000000000000000000000001000110000000001100010101
3328,1110111111111111101011000000000000000000000001000110000000001100010100101
3329,1110111111111111101011000000000000000000000001000110000000001100010100101111
3330,111011111111111110101100000000000000000000000100011000000000110001010010
3331,11101111111111111010110000000000000000000000010001100000000011000101001
3332,111011111111111110101100000000000000000000000100011000000000110001010011
3333,11101111111111111010110000000000000000000000010001100000000011000101001011
3334,111011111111111110101100000000000000000000000100011000000000110001010010110
3335,111011111111111110101100000000000000000000000100011000000000110001010010111
3336,111011111111111110101100000000000000000000000100011000000000110001010001111
3337,11101111111111111010110000000000000000000000010001100000000011000101000111
3338,111011111111111110101100000000000000000000000100011000000000110001010001100
3339,111011111111111110101100000000000000000000000100011000000000110001010001101
3340,111011111111111110101100000000000000000000000100011000000000110001010001100110
3341,1110111111111111101011000000000000000000000001000110000000001100010100011001110
3342,11101111111111111010110000000000000000000000010001100000000011000101000110011101
3343,1110111111111111101011000000000000000000000001000110000000001100010100011001111
3344,111011111111111110101100000000000000000000000100011000000000110001010001100111
3345,111011111111111110101100000000000000000000000100011000000000110011011111110110111100011
3346,11101111111111111010110000000000000000000000010001100000000011001101111111011011110001
3347,1110111111111111101011000000000000000000000001000110000000001100110111111101101111000
3348,111011111111111110101100000000000000000000000100011000000000110011011111110110111100
3349,1110111111111111101011000000000000000000000001000110000000001100110111111101101111001
3350,11101111111111111010110000000000000000000000010001100000000011001101111111011011110011
3351,1110111111111111101011000000000000000000000001000110000000001100110111111101101111010000
3352,11101111111111111010110000000000000000000000010001100000000011001101111111011011110100001
3353,1110111111111111101011000000000000000000000001000110000000001100110111111101101111010001
3354,111011111111111110101100000000000000000000000100011000000000110011011111110110111101000
3355,111011111111111110101100000000000000000000000100011000000000110011011111110110111101001
3356,11101111111111111010110000000000000000000000010001100000000011001101111111011011110100
3357,11101111111111111010110000000000000000000000010001100000000011001101111111011011110101
3358,1110111111111111101011000000000000000000000001000110000000001100110111111101101111010
3359,11101111111111111010110000000000000000000000010001100000000011001101111111011011110
3360,1110111111111111101011000000000000000000000001000110000000001100110111111101101111011
3361,11101111111111111010110000000000000000000000010001100000000011001101111111011011111
3362,111011111111111110101100000000000000000000000100011000000000110011011111110110110111
3363,11101111111111111010110000000000000000000000010001100000000011001101111111011011011
3364,1110111111111111101011000000000000000000000001000110000000001100110111111101101101
3365,111011111111111110101100000000000000000000000100011000000000110011011111110110110
3366,111011111111111110101100000000000000000000000100011000000000110011011111110110111
3367,111011111111111110101100000000000000000000000100011000000000110011011111110110111011
3368,1110111111111111101011000000000000000000000001000110000000001100110111111101101110
3369,11101111111111111010110000000000000000000000010001100000000011001101111111011011101
3370,1110111111111111101011000000000000000000000001000110000000001100110111111101101111
3371,1110111111111111101011000000000000000000000001000110000000001100110111111101
3372,11101111111111111010110000000000000000000000010001100000000011001101111111010
3373,11101111111111111010110000000000000000000000010001100000000011001101111111011011
3374,1110111111111111101011000000000000000000000001000110000000001100110111111101101
3375,111011111111111110101100000000000000000000000100011000000000110011011111110110
3376,1110111111111111101011000000000000000000000001000110000000001100110111110
3377,111011111111111110101100000000000000000000000100011000000000110011011111110111
3378,111011111111111110101100000000000000000000000100011000000000110011011111011
3379,11101111111111111010110000000000000000000000010001100000000011001101111110
3380,111011111111111110101100000000000000000000000100011000000000110011011111101
3381,11101111111111111010110000000000000000000000010001100000000011001101111101
3382,1110111111111111101011000000000000000000000001000110000000001100110111110111
3383,1110111111111111101011000000000000000000000001000110000000001100110111111101111
3384,1110111111111111101011000000000000000000000001000110000000001100110111111
3385,11101111111111111010110000000000000000000000010001100000000011001101111111011
3386,11101111111111111010110000000000000000000000010001100000000011001101111111
3387,111011111111111110101100000000000000000000000100011000000000110011011111110
3388,111011111111111110101100000000000000000000000100011000000000110011011111111
3389,111011111111111110101100000000000000000000000100011000000000110011011
3390,1110111111111111101011000000000000000000000001000110000000001100110111
3391,11101111111111111010110000000000000000000000010001100000000011001101111
3392,11101111111111111010110000000000000000000000010001100000000011001101111011110
3393,11101111111111111010110000000000000000000000010001100000000011001101111011111
3394,111011111111111110101100000000000000000000000100011000000000110011111
3395,111011111111111110101100000000000000000000000100011000000000110011111111
3396,1110111111111111101011000000000000000000000001000110000000001100110111101111
3397,111011111111111110101100000000000000000000000100011000000000110011011110111111
3398,11101111111111111010110000000000000000000000010001100000000011001101111011
3399,1110111111111111101011000000000000000000000001000110000000001100110111101111011
3400,111011111111111110101100000000000000000000000100011000000000110011011110111101111
3401,11101111111111111010110000000000000000000000010001100000000011001101111011110111111111
3402,11101111111111111010110000000000000000000000010001100000000011001111111
3403,111011111111111110101100000000000000000000000100011000000000110011011110111101111111
3404,11101111111111111010110000000000000000000000010001100000000011001111
3405,111011111111111110101100000000000000000000000100011000000000110011011110
3406,1110111111111111101011000000000000000000000001000110000000001100110111101
3407,1110111111111111101011000000000000000000000001000110000000001100110111101111111
3408,11101111111111111010110000000000000000000000010001100000000011001101111011110111111
3409,1110111111111111101011000000000000000000000001000110000000001100110111101111011111
3410,11101111111111111010110000000000000000000000010001100000000011001101111011110111
3411,111011111111111110101100000000000000000000000100011000000000110011011110111
3412,111011111111111110101100000000000000000000000100011000000000110011011110111101
3413,1110111111111111101011000000000000000000000001000110000000001100110111101111011111111
3414,1110111111111111101011000000000000000000000001000110000000001100111111
3415,111011111111111110101100000000000000000000000100011000000000110011011111
3416,11101111111111111010110000000000000000000000010001100000000011001101
3417,111011111111111110101100000000000000000000000100011000000000110011
3418,1110111111111111101011000000000000000000000001000110000000001100111
3419,1110111111111111101011000000000000000000000001000110000000001101111110
3420,1110111111111111101011000000000000000000000001000110000000001101110
3421,111011111111111110101100000000000000000000000100011000000000110111110111111
3422,111011111111111110101100000000000000000000000100011000000000110111110
3423,11101111111111111010110000000000000000000000010001100000000011011
3424,11101111111111111010110000000000000000000000010001100000000011011111111
3425,11101111111111111010110000000000000000000000010001100000000011011111
3426,111011111111111110101100000000000000000000000100011000000000110111
3427,111011111111111110101100000000000000000000000100011000000000110111111111
3428,1110111111111111101011000000000000000000000001000110000000001101111111111
3429,11101111111111111010110000000000000000000000010001100000000011011111011
3430,1110111111111111101011000000000000000000000001000110000000001101111111
3431,11101111111111111010110000000000000000000000010001100000000011011111011111
3432,1110111111111111101011000000000000000000000001000110000000001101111101110
3433,111011111111111110101100000000000000000000000100011000000000110111111
3434,1110111111111111101011000000000000000000000001000110000000001101111
3435,1110111111111111101011000000000000000000000001000110000000001101111101
3436,111011111111111110101100000000000000000000000100011000000000110111110111
3437,1110111111111111101011000000000000000000000001000110000000001101111101111
3438,1110111111111111101011000000000000000000000001000110000000001100
3439,1110111111111111101011000000000000000000000001000110000000001101
3440,111011111111111110101100000000000000000000000100011000000011
3441,1110111111111111101011000000000000000000000001000110000000111
3442,11101111111111111010110000000000000000000000010001100000001110
3443,111011111111111110101100000000000000000000000100011000000011101
3444,1110111111111111101011000000000000000000000001000110000000111101
3445,111011111111111110101100000000000000000000000100011000000011110
3446,11101111111111111010110000000000000000000000010001100000001111101
3447,1110111111111111101011000000000000000000000001000110000000111110
3448,111011111111111110101100000000000000000000000100011000000011111
3449,1110111111111111101011000000000000000000000001000110000000111111
3450,11101111111111111010110000000000000000000000010001100000001111110
3451,11101111111111111010110000000000000000000000010001100000001111
3452,11101111111111111010110000000000000000000000010001100000001111111
3453,11101111111111111010110000000000000000000000010001100000000
3454,11101111111111111010110000000000000000000000010001100000001
3455,111011111111111110101100000000000000000000000100011000010101
3456,1110111111111111101011000000000000000000000001000110000101011
3457,111011111111111110101100000000000000000000000100011000010101001
3458,1110111111111111101011000000000000000000000001000110000101010011101
3459,111011111111111110101100000000000000000000000100011000010101001110
3460,111011111111111110101100000000000000000000000100011000010101001111
3461,11101111111111111010110000000000000000000001
3462,11101111111111111011010001001010001
3463,11101111111111111011010001001010001000000100000000000000000001011
3464,1110111111111111101101000100101000100000010000000000000000000101001
3465,11101111111111111010110000000000000000000000010001100000000011000101111100010000000001100010010000111011111110100000000001111111010110
3466,1110111111111111101011000000000000000000000001000110000000001100010111110001000000000110001001000011101111111010000000000111111101011110
3467,111011111111111110101100000000000000000000000100011000000000110001011111000100000000011000100100001110111111101000000000011111110101111
3468,11101111111111111010110000000000000000000000010001100000000011000101111100010000000001100010010000111011111110100000000001111111010111
3469,1110111111111111101011000000000000000000000001000110000000001100010111110001000000000110001001000011101111111010000000000111111101011111
3470,111011111111111110101100000000000000000000000100011000000000110001011111000100000000011000100100001110111111101000000000011111110101100
3471,1110111111111111101011000000000000000000000001000110000000001100010111110001000000000110001001000011101111111010000000000111111101011
3472,11101111111111111010110000000000000000000000010001100000000011000101111100010000000001100010010000111011111110100000000001111111010110110
3473,111011111111111110101100000000000000000000000100011000000000110001011111000100000000011000100100001110111111101000000000011111110101101111
3474,11101111111111111010110000000000000000000000010001100000000011000101111100010000000001100010010000111011111110100000000001111111010110111
3475,1110111111111111101011000000000000000000000001000110000000001100010111110001000000000110001001000011101111111010000000000111111101011011
3476,111011111111111110101100000000000000000000000100011000000000110001011111000100000000011000100100001110111111101000000000011111110101101
3477,111011111111111110101100000000000000000000000100011000000000110001011111000100000000011000100100001110111111101000000000011111110101
3478,11101111111111111010110000000000000000000000010001100000000011000101111100010000000001100010010000111011111110100000000001111110
3479,11101111111111111010110000000000000000000000010001100000000011000101111100010000000001100010010000111011111110100000000001111111
3480,111011111111111110101100000000000000000000000100011000000000110001011111000100000000011000100100001110111111101000000000011111110
3481,111011111111111110101100000000000000000000000100011000000000110001011111000100000000011000100100001110111111101000000000011111111
3482,1110111111111111101011000000000000000000000001000110000000001100010111110001000000000110001001000011101111111010000000000111111
3483,111011111111111110101100000000000000000000000100011000000000110001011111000100000000011000100100001110111111101000000000011111
3484,111011111111111110101100000000000000000000000100011000000000110001011111000100000000011000100100001110111111101000000000000000000001000011011011
3485,11101111111111111010110000000000000000000000010001100000000011000101111100010000000001100010010000111011111110100000000000000000000100001101101
3486,111011111111111110101100000000000000000000000100011000000000110001011111000100000000011000100100001110111111101000000000000000000001000011011
3487,1110111111111111101011000000000000000000000001000110000000001100010111110001000000000110001001000011101111111010000000000000000000010000110111
3488,11101111111111111010110000000000000000000000010001100000000011000101111100010000000001100010010000111011111110100000000000000000000100001101111
3489,111011111111111110101100000000000000000000000100011000000000110001011111000100000000011000100100001110111111101
3490,11101111111111111010110000000000000000000000010001100000000011000101111100010000000001100010010000111011111110
3491,1110111111111111101011000000000000000000000001000110000000001100010111110001000000000110001001000011101111111
3492,111011111111111110101100000000000000000000000100011000000000110001011111000100000000011000100100001110111111
3493,11101111111111111010110000000000000000000000010001100000000011000101111100010000000001100010010000111011111
3494,1110111111111111101011000000000000000000000001000110000000001100010111110001000000000110001001000011101111
3495,11101111111111111010110000000000000000000000010001100000000011000101111100010000000001100010010000111011111111
3496,11101111111111111010110000000000000000000000010001100000000011000101111100010000000001100010010000111011111101
3497,111011111111111110101100000000000000000000000100011000000000110001011111000100000000011000100100001110111
3498,11101111111111111010110000000000000000000000010001100000000011000101111100010000000001100010010000111011
3499,1110111111111111101011000000000000000000000001000110000000001100010111110001000000000110001001000011101
3500,111011111111111110101100000000000000000000000100011000000000110001011111000100000000011000100100001110
3501,111011111111111110101100000000000000000000000100011000000000110001011111000100000000011000100100001111
3502,1110111111111111101011000000000000000000000001000110000000001100010111110001000000000110001001000011111
3503,1110111111111111101011000000000000000000000001000110000000001100010111110001000000000110001001000011
3504,111011111111111110101100000000000000000000000100011000000000110001011111000100000000011000100100001
3505,111011111111111110101100000000000000000000000100011000000000110001011111000100000000011000100110111111
3506,11101111111111111010110000000000000000000000010001100000000011000101111100010000000001100010011011111
3507,111011111111111110101100000000000000000000000100011000000000110001011111000110110100110101
3508,11101111111111111010110000000000000000000000010001100000000011000101111100011011010011010111
3509,11101111111111111010110000000000000000000000010001100000000011000101111100011011010011
3510,1110111111111111101011000000000000000000000001000110000000001100010111110001101101001
3511,111011111111111110101100000000000000000000000100011000000000110001011111000110110100111
3512,11101111111111111010110000000000000000000000010001100000000011000101000110011000010111
3513,1110111111111111101011000000000000000000000001000110000000001100010100011001100001
3514,111011111111111110101
3515,11101111111111111010
3516,11101111111111111011
3517,1110111111111111101101
3518,1110111111111111101
3519,111011111111111110
3520,11101111111111111
3521,111011111111111111
3522,11101111111111111101
3523,1110111111111111
3524,111011111111111
3525,11101111111111
3526,1110111111111
3527,111011111111
3528,11101111111
3529,1110111111
3530,111011111
3531,11101111
3532,1110111
3533,111011
3534,11101
3535,111
3536,111011111111111110101100000000000000000000000100011000000000110001010001100110000101
3537,1110111111111111101011000000000000000000000001000110000000001100010100011001100001011
3538,11101111111111111011010001001
3539,1110111111111111101101000100101000100000010000000000000000000101
3540,111011111111111110101100000000000000000000000100011000000000110011011111110110111101
68,1
