mixture_collection,repunit,bs_corrected_repunit_ppn,sampsize,bscorrnum,section,year,areasqkm,gwi_point,gwi_iew05km,logarea,loggwi,z_logarea,z_loggwi,distkm,z_dist,barrier_dens,log_barrier_dens,connectivity,z_barrier_dens,z_log_barrier_dens,z_barrier_num,connect_type,prop_ag,prop_dev,prop_agdev,log_prop_ag,log_prop_dev,log_prop_agdev,z_prop_ag,z_prop_dev,z_prop_agdev,z_log_prop_ag,z_log_prop_dev,z_log_prop_agdev
snake_wilsonsouthpark_2020,bailey_NA,0,131,0,snake_wilsonsouthpark,2020,41.571436204356225,0.00952018983662128,0.02815868421076803,3.7274133017261057,-3.5698994742538495,-0.21315807467230266,-1.3344118577700934,39.85075004027878,-0.7138273767661605,0,-9.210340371976182,1,-0.6819171054196009,-1.0910029067932832,-0.5580228640724171,connected,0,0,0,-9.210340371976182,-9.210340371976182,-9.210340371976182,-0.24954335540271758,-0.3336384980437742,-0.25991197094852375,-0.4166342281125043,-0.7119043022658508,-0.6342699898538559
snake_wilsonsouthpark_2020,blackrock_lower,2.153222948931278e-6,131,0,snake_wilsonsouthpark,2020,124.92159198396442,0.13935300707817078,0.04385356876906868,4.8276862763615664,-3.1268991776359423,0.5626724798250547,-0.7338868278937084,96.79540680287404,0.7510431086588677,0.02401506378805271,-3.7249185803038998,1,0.19532209060651237,0.8478311049065204,0.0820621858930025,connected,0,8.272310060567697e-4,8.272310060567697e-4,-9.210340371976182,-6.983307825970708,-6.983307825970708,-0.24954335540271758,0.0744096224797411,-0.24421866349874877,-0.4166342281125043,1.157374568470067,0.42116945047302
snake_wilsonsouthpark_2020,blackrock_upper,5.4974086331786845e-5,131,0,snake_wilsonsouthpark,2020,80.686204569364,0.1924089938402176,0.06852655983759876,4.390567613566922,-2.6805338740082356,0.25444895497707576,-0.12880024139868984,115.02112778567586,1.2198899199515318,0.02478738479117143,-3.6933942387870102,1,0.22353397718859186,0.8589734505365639,-0.13129949742880404,connected,0,4.900268401064695e-4,4.900268401064695e-4,-9.210340371976182,-7.435342530393345,-7.435342530393345,-0.24954335540271758,-0.09192302842584753,-0.2506157262428401,-0.4166342281125043,0.7779553618077346,0.20694031569908214
snake_wilsonsouthpark_2020,blacktail_NA,0.006001438795915706,131,1,snake_wilsonsouthpark,2020,61.14455063095294,0.17830100655555725,0.2664974502977697,4.1132407433781335,-1.3223906027849708,0.05889870114404863,1.7122798543810784,37.431241956356,-0.7760679131550609,0,-9.210340371976182,1,-0.6819171054196009,-1.0910029067932832,-0.5580228640724171,connected,0,1.46864444118079e-4,1.46864444118079e-4,-9.210340371976182,-8.306671181225756,-8.306671181225756,-0.24954335540271758,-0.2611946946136107,-0.2571258219065871,-0.4166342281125043,0.04659818456787542,-0.20600139241597806
snake_wilsonsouthpark_2020,blindbull_NA,4.4757832156838777e-5,131,0,snake_wilsonsouthpark,2020,36.35174492325697,0.04732979834079742,0.07027445956149014,3.5932422062182408,-2.6553468525572104,-0.3077655382972935,-0.09465706604452084,112.33624655775644,1.1508228030129273,0.08252698753067757,-2.493418926265378,1,2.332686929398121,1.2831072797070224,0.0820621858930025,connected,0,4.9432759089448577e-5,4.9432759089448577e-5,-9.210340371976182,-8.80866403828822,-8.80866403828822,-0.24954335540271758,-0.30925480800912264,-0.25897418757144836,-0.4166342281125043,-0.37475382604836954,-0.44390678857034355
snake_wilsonsouthpark_2020,cody_bluecrane,8.014901753469953e-5,131,0,snake_wilsonsouthpark,2020,18.511707107521175,0.5193600058555603,0.29697441361563093,2.918403348563038,-1.214109293332834,-0.7836116394018523,1.8590644888164,12.30497327982516,-1.4224275803413653,0,-9.210340371976182,1,-0.6819171054196009,-1.0910029067932832,-0.5580228640724171,connected,0.08362064779293935,0.00689554703054436,0.0905161948234837,-2.4802696438215244,-4.9624814708424285,-2.401122331096148,1.3526277370157538,3.067727003483424,1.457260698049786,2.696423455767853,2.8535725040786315,2.5927673927028443
snake_wilsonsouthpark_2020,boulder_NA,0.020250284916695407,131,3,snake_wilsonsouthpark,2020,53.69998009443431,0.1402049958705902,0.04973721661138328,3.983412630833825,-3.0010018009305037,-0.032646414356009776,-0.5632220981303292,47.90330952199903,-0.5066796409201214,0,-9.210340371976182,1,-0.6819171054196009,-1.0910029067932832,-0.5580228640724171,connected,0,1.338956952533976e-4,1.338956952533976e-4,-9.210340371976182,-8.360635288761552,-8.360635288761552,-0.24954335540271758,-0.26759178751877144,-0.2573718505995184,-0.4166342281125043,0.0013029480093809025,-0.23157616345265597
snake_wilsonsouthpark_2020,box_NA,4.403418327020109e-6,131,0,snake_wilsonsouthpark,2020,29.14147010476363,0.05944409966468811,0.02514578939696184,3.372162249211866,-3.6830648160565183,-0.4636546581671469,-1.487817218411723,108.4291893556491,1.0503158703942066,0,-9.210340371976182,0,-0.6819171054196009,-1.0910029067932832,-0.5580228640724171,low flow,0,0,0,-9.210340371976182,-9.210340371976182,-9.210340371976182,-0.24954335540271758,-0.3336384980437742,-0.25991197094852375,-0.4166342281125043,-0.7119043022658508,-0.6342699898538559
snake_wilsonsouthpark_2020,cabin_NA,0,131,0,snake_wilsonsouthpark,2020,23.51004271715979,0.0558410994708538,0.04978562821142316,3.1574276795286256,-3.0000289267337403,-0.6150694834947404,-0.5619032834240238,37.96341953996718,-0.7623779327502813,0,-9.210340371976182,1,-0.6819171054196009,-1.0910029067932832,-0.5580228640724171,connected,0,0,0,-9.210340371976182,-9.210340371976182,-9.210340371976182,-0.24954335540271758,-0.3336384980437742,-0.25991197094852375,-0.4166342281125043,-0.7119043022658508,-0.6342699898538559
snake_wilsonsouthpark_2020,clear_NA,6.044549039997999e-5,131,0,snake_wilsonsouthpark,2020,16.604101618688585,0.07531759887933731,0.02877694341500888,2.8096497503050797,-3.548180788339982,-0.860296577035633,-1.304970309746593,110.480047720901,1.103073092227492,0,-9.210340371976182,1,-0.6819171054196009,-1.0910029067932832,-0.5580228640724171,connected,0,5.4124269322364146e-5,5.4124269322364146e-5,-9.210340371976182,-8.777751337302915,-8.777751337302915,-0.24954335540271758,-0.30694062742481,-0.25888518545239114,-0.4166342281125043,-0.34880698531052073,-0.42925658335199407
snake_wilsonsouthpark_2020,cliff_NA,0,131,0,snake_wilsonsouthpark,2020,158.3813173763604,0.2303059995174408,0.0598667292930114,5.065005526567855,-2.8156343656856224,0.7300123397733954,-0.31194058559320764,50.68121858983324,-0.43521943313223554,0.05682488407779412,-2.866022703436794,1,1.3938223580533489,1.151409681326439,1.3622322858238418,connected,0,1.701915221929745e-4,1.701915221929745e-4,-9.210340371976182,-8.21637950897418,-8.21637950897418,-0.24954335540271758,-0.24968815013440973,-0.25668328650178013,-0.4166342281125043,0.12238527418451206,-0.16321019378787024
snake_wilsonsouthpark_2020,fall_coburn,0,131,0,snake_wilsonsouthpark,2020,116.5315084203892,0.2628070116043091,0.10592850612511062,4.75816169498255,-2.2449908829454603,0.5136489231569016,0.46161576896804113,24.368024774032413,-1.112112107342786,0.00858137008226551,-4.746575919186889,0,-0.36845076370144103,0.4867241431891463,-0.3446611807506106,waterfall,0,1.2334543660430012e-4,1.2334543660430012e-4,-9.210340371976182,-8.406790941965202,-8.406790941965202,-0.24954335540271758,-0.27279591209979054,-0.25757199838344175,-0.4166342281125043,-0.03743819542534349,-0.2534503371698559
snake_wilsonsouthpark_2020,cottonwood_grosventre,4.168212035970777e-5,131,0,snake_wilsonsouthpark,2020,89.17802924901731,0.14260199666023254,0.07427305852988855,4.490634700379434,-2.6000069969197113,0.3250088117020927,-0.019639128779508592,82.80096793245718,0.3910437403805764,0.02242704864463058,-3.7930385298063016,0,0.13731395288147488,0.8237539637154752,-0.13129949742880404,low flow,2.0141392575882696e-5,0,2.0141392575882696e-5,-9.026841237333569,-9.210340371976182,-9.026841237333569,-0.24915744644604412,-0.3336384980437742,-0.25952987082915485,-0.33175497287751304,-0.7119043022658508,-0.5473057358670669
snake_wilsonsouthpark_2020,cottonwood_nps,0.008193669181010948,131,1,snake_wilsonsouthpark,2020,187.15270214946145,0.4438450038433075,0.15160907633961737,5.2319248726617085,-1.8864499372519228,0.8477114306551253,0.9476488794836052,38.68229205902218,-0.7438853261421311,0.07480522503393781,-2.591531630759407,1,2.05062094013706,1.2484291354043062,2.4290407024328746,connected,4.801044707328315e-6,4.0328775541557846e-4,4.080888001229067e-4,-9.16344681754564,-7.5943484730779875,-7.584854322270576,-0.24945136741594023,-0.1347088043758597,-0.2521701636900334,-0.39494317227653003,0.6444923598794643,0.13608340692861376
snake_wilsonsouthpark_2020,cowboycabin_NA,0.00329033685605597,131,0,snake_wilsonsouthpark,2020,6.639295264034606,NA,0.15103490929646746,1.8930058229210844,-1.890244281493076,-1.5066456039165121,0.942505319296003,47.080313215946504,-0.527850775612816,0,-9.210340371976182,1,-0.6819171054196009,-1.0910029067932832,-0.5580228640724171,connected,0,0,0,-9.210340371976182,-9.210340371976182,-9.210340371976182,-0.24954335540271758,-0.3336384980437742,-0.25991197094852375,-0.4166342281125043,-0.7119043022658508,-0.6342699898538559
snake_wilsonsouthpark_2020,crystal_lower,6.691971498031755e-5,131,0,snake_wilsonsouthpark,2020,185.11488744216464,0.08405669778585434,0.05345949334579199,5.220976645530312,-2.9288310455741864,0.8399915562949208,-0.4653884277074507,60.85086473288096,-0.17361078836905428,0,-9.210340371976182,0,-0.6819171054196009,-1.0910029067932832,-0.5580228640724171,low flow,0.00159203207362177,1.4561268966052827e-4,0.0017376447632823,-6.381825061936533,-8.311754695027139,-6.299270547241813,-0.21904003075883446,-0.26181214735658187,-0.22694730532426494,0.8917222031291218,0.0423312936528489,0.745349680312629
snake_wilsonsouthpark_2020,crystal_upper,1.387086736933013e-5,131,0,snake_wilsonsouthpark,2020,155.6115004101287,0.01565520092844963,0.0350789321250407,5.047362519103877,-3.350154553074885,0.7175718049431052,-1.0365287042741476,69.57124848497962,0.05071636550748286,0,-9.210340371976182,0,-0.6819171054196009,-1.0910029067932832,-0.5580228640724171,waterfall,0,0,0,-9.210340371976182,-9.210340371976182,-9.210340371976182,-0.24954335540271758,-0.3336384980437742,-0.25991197094852375,-0.4166342281125043,-0.7119043022658508,-0.6342699898538559
snake_wilsonsouthpark_2020,deadmansbar_NA,0,131,0,snake_wilsonsouthpark,2020,11.761208318342591,0.4607529938220978,0.12284876516395296,2.464806685350634,-2.096801231640941,-1.1034542228796713,0.6624995955849202,55.32651112390659,-0.3157217960194404,0,-9.210340371976182,1,-0.6819171054196009,-1.0910029067932832,-0.5580228640724171,connected,0.00183668783959592,0.00107140123976429,0.00290808907936022,-6.246776064180481,-6.749554605947969,-5.806450259184024,-0.2143524278021114,0.19485143888006076,-0.20474293632628776,0.954190390633608,1.353577338806193,0.9789079953639275
snake_wilsonsouthpark_2020,dell_NA,1.8451396131628906e-5,131,0,snake_wilsonsouthpark,2020,118.1568591435451,0.21458500623703003,0.05066461454892191,4.772013056484806,-2.9825275499481214,0.5234158716529316,-0.5381786608960017,58.68327997717588,-0.22937073344216738,0.00846332584708545,-4.760266630750077,1,-0.37276276682076614,0.48188513203719124,-0.3446611807506106,connected,0.02027330174976997,5.170984692364432e-4,0.02079040021900641,-3.8935299730335315,-7.390481953216503,-3.868465545195727,0.13889298022324095,-0.07856940978109699,0.13450040026564955,2.0427065626048213,0.815609472070334,1.8973613451196976
snake_wilsonsouthpark_2020,ditch_NA,0,131,0,snake_wilsonsouthpark,2020,67.69148631266991,0.03313380107283592,0.03794501053647849,4.214960415919721,-3.271617258448648,0.13062383824230042,-0.9300646419204589,51.25119871739368,-0.42055700273735225,0.01477290652743177,-4.208214075106562,0,-0.14228195144010805,0.6770092832469276,-0.3446611807506106,low flow,0,0,0,-9.210340371976182,-9.210340371976182,-9.210340371976182,-0.24954335540271758,-0.3336384980437742,-0.25991197094852375,-0.4166342281125043,-0.7119043022658508,-0.6342699898538559
snake_wilsonsouthpark_2020,dog_NA,1.1650503823898665e-4,131,0,snake_wilsonsouthpark,2020,31.090483742564395,0.06368420273065567,0.06185985047343163,3.4369017833759394,-2.7828839289051213,-0.4180051604095067,-0.26754454979768644,32.745768053127875,-0.8965991942493131,0.03216418272163939,-3.433797558098338,1,0.49299885735227406,0.9507284500532249,-0.3446611807506106,connected,0,0,0,-9.210340371976182,-9.210340371976182,-9.210340371976182,-0.24954335540271758,-0.3336384980437742,-0.25991197094852375,-0.4166342281125043,-0.7119043022658508,-0.6342699898538559
snake_wilsonsouthpark_2020,fish_grosventre,5.13270477104028e-5,131,0,snake_wilsonsouthpark,2020,587.8758585030148,0.0790754035115242,0.05700038366984491,6.376515800613735,-2.8646972801203296,1.6547917050750964,-0.37844958881885943,84.00343729395713,0.42197661411151777,0.0136083152323544,-4.289752679001736,0,-0.1848229640482416,0.6481892900900684,1.1488706025020352,low flow,4.584436144917083e-6,1.11554612859649e-4,1.161390490045661e-4,-9.16551581143003,-8.461027375979677,-8.439588612003783,-0.24945551763465085,-0.2786119700487823,-0.2577087099614373,-0.39590020490959804,-0.08296201154970495,-0.26899387045662126
snake_wilsonsouthpark_2020,fish_NA,0.4354968453614242,131,57,snake_wilsonsouthpark,2020,233.3741440851509,0.18696600198745728,0.19327329665870344,5.452642934303585,-1.643650046859559,1.0033453688675344,1.2767850280257762,4.808081048445619,-1.6152810768150452,0.02999475382091136,-3.5034044140819387,1,0.4137524276318896,0.926125758600513,0.9355089191802287,connected,0.03691386252184423,0.00802943870913108,0.04494330123097531,-3.296462773753929,-4.812263397273023,-3.1001310022999364,0.45772602127630674,3.62704159026381,0.5927024002022878,2.3188856263306405,2.979659332683629,2.261491892467229
snake_wilsonsouthpark_2020,spreadnf_flagstaff,1.1389633339262298e-4,131,0,snake_wilsonsouthpark,2020,62.105753464464634,0.05579309910535812,0.07693418338645021,4.12883863302891,-2.564804983860054,0.06989717121077008,0.02808022966280149,97.77446923655528,0.7762289600455445,0.04830470339139393,-3.02815829247284,1,1.0825911857650083,1.0941025121663015,0.0820621858930025,connected,0,7.227731359680823e-5,7.227731359680823e-5,-9.210340371976182,-8.666405091138806,-8.666405091138806,-0.24954335540271758,-0.29798627786134746,-0.2585408060675972,-0.4166342281125043,-0.25534755847652363,-0.37648716157379225
snake_wilsonsouthpark_2020,flat_NA,5.465559995494109e-5,131,0,snake_wilsonsouthpark,2020,173.36864105262885,0.4952880144119262,0.23744731527971188,5.155420200544216,-1.437809510516657,0.79376603386828,1.555819591164476,41.92578196711438,-0.6604483031401917,0,-9.210340371976182,1,-0.6819171054196009,-1.0910029067932832,-0.5580228640724171,connected,0,1.0364036792330612e-4,1.0364036792330612e-4,-9.210340371976182,-8.4991550221978,-8.4991550221978,-0.24954335540271758,-0.28251582852119533,-0.25794582105070835,-0.4166342281125043,-0.11496477845774382,-0.29722369527450193
snake_wilsonsouthpark_2020,fordspring_NA,0,131,0,snake_wilsonsouthpark,2020,0.371298460979693,0.36350199580192566,0.3083825652441645,-0.9907490627586949,-1.1764141718217336,-3.540054770157885,1.910163470339593,3.917326455743529,-1.6381952567713143,0,-9.210340371976182,1,-0.6819171054196009,-1.0910029067932832,-0.5580228640724171,connected,0,0,0,-9.210340371976182,-9.210340371976182,-9.210340371976182,-0.24954335540271758,-0.3336384980437742,-0.25991197094852375,-0.4166342281125043,-0.7119043022658508,-0.6342699898538559
snake_wilsonsouthpark_2020,goosewing_NA,8.277170047204934e-5,131,0,snake_wilsonsouthpark,2020,40.396075600271566,0.12725499272346497,0.04498435530865712,3.698732641641705,-3.1014405094671185,-0.23338154005733883,-0.6993754120336815,79.49070551322032,0.30588903065657425,0,-9.210340371976182,0,-0.6819171054196009,-1.0910029067932832,-0.5580228640724171,low flow,0,0,0,-9.210340371976182,-9.210340371976182,-9.210340371976182,-0.24954335540271758,-0.3336384980437742,-0.25991197094852375,-0.4166342281125043,-0.7119043022658508,-0.6342699898538559
snake_wilsonsouthpark_2020,granite_lower,0.030305376298055454,131,4,snake_wilsonsouthpark,2020,220.38266084017036,0.4365609884262085,0.07926979243391333,5.395365402859918,-2.5348981506061192,0.9629575196659279,0.06862151613696778,44.45186954483265,-0.5954660669380247,0.01361268617305474,-4.289433876586555,1,-0.18466329924203148,0.6483019714825007,0.0820621858930025,connected,0,1.7526340459353155e-4,1.7526340459353155e-4,-9.210340371976182,-8.197782083843256,-8.197782083843256,-0.24954335540271758,-0.24718634342514625,-0.25658706838461787,-0.4166342281125043,0.13799518249487042,-0.1543964671959935
snake_wilsonsouthpark_2020,granite_upper,1.1462378637741492e-4,131,0,snake_wilsonsouthpark,2020,131.17478860877102,0.06855929642915726,0.05121030340437559,4.876530698050768,-2.9718145288156883,0.5971139281172764,-0.5236562387108771,59.44412087150799,-0.20979851308691908,0.02287024840533575,-3.7735554480019577,1,0.15350346647974358,0.8306403004621478,0.0820621858930025,connected,0,0,0,-9.210340371976182,-9.210340371976182,-9.210340371976182,-0.24954335540271758,-0.3336384980437742,-0.25991197094852375,-0.4166342281125043,-0.7119043022658508,-0.6342699898538559
snake_wilsonsouthpark_2020,grosventre_lower,0.05543613952834062,131,7,snake_wilsonsouthpark,2020,1589.6465467527958,0.11285000294446944,0.12772197756082734,7.371266972862744,-2.0578994276911646,2.3562161436863795,0.7152343390095599,27.839929878612576,-1.0227992269947794,0.01761397843891535,-4.033401208773123,0,-0.03850127188504782,0.7387972630599943,5.416104268938166,low flow,4.402174527288961e-4,8.985182924761807e-5,5.300692819765142e-4,-7.523538809225212,-8.569266636107082,-7.369680773233814,-0.2411087917422351,-0.2893172990296571,-0.2498560855297801,0.36361174228060683,-0.17381356300240194,0.2380588587808339
snake_wilsonsouthpark_2020,hoback_upper,0.02342188590445557,131,3,snake_wilsonsouthpark,2020,114.07783296671197,0.13229399919509888,0.0672652044873204,4.736880960751974,-2.699112197023675,0.4986433343450082,-0.1539847572310184,90.07647227640396,0.5782021532315224,0.03506377966670531,-3.3477387128897176,1,0.598917380631602,0.981146132126715,0.29542386921480907,connected,0,4.72481868508296e-5,4.72481868508296e-5,-9.210340371976182,-8.823391048915319,-8.823391048915319,-0.24954335540271758,-0.310332391646087,-0.25901563084852075,-0.4166342281125043,-0.3871150687449412,-0.4508862410627788
snake_wilsonsouthpark_2020,horse_NA,0,131,0,snake_wilsonsouthpark,2020,63.20355466451241,0.3199459910392761,0.05410708739882333,4.14636054426279,-2.916790096186639,0.08225231799871911,-0.44906588448140466,23.594246448937778,-1.1320171361046292,0.03164378982505175,-3.450058168836203,0,0.4739895784159695,0.94498110256621,-0.13129949742880404,culvert_diversion,0,0,0,-9.210340371976182,-9.210340371976182,-9.210340371976182,-0.24954335540271758,-0.3336384980437742,-0.25991197094852375,-0.4166342281125043,-0.7119043022658508,-0.6342699898538559
snake_wilsonsouthpark_2020,lava_NA,6.411049542062466e-5,131,0,snake_wilsonsouthpark,2020,65.33372895413697,0.15424099564552307,0.03712820915992983,4.179508425964538,-3.2933782435768575,0.10562573535417148,-0.9595635301695766,83.3306535591,0.4046696165406131,0,-9.210340371976182,0,-0.6819171054196009,-1.0910029067932832,-0.5580228640724171,culvert_diversion,0,1.3745704467353953e-5,1.3745704467353953e-5,-9.210340371976182,-9.081545263770613,-9.081545263770613,-0.24954335540271758,-0.3268581563591559,-0.259651202717231,-0.4166342281125043,-0.6037990234028876,-0.5732311706569175
snake_wilsonsouthpark_2020,leidy_NA,0,131,0,snake_wilsonsouthpark,2020,10.736033129626785,0.0376180000603199,0.04548522459554739,2.3736056660690865,-3.090367739926582,-1.1677623891175724,-0.6843653199188215,101.15538065726491,0.8632010771079327,0,-9.210340371976182,1,-0.6819171054196009,-1.0910029067932832,-0.5580228640724171,connected,0,0,0,-9.210340371976182,-9.210340371976182,-9.210340371976182,-0.24954335540271758,-0.3336384980437742,-0.25991197094852375,-0.4166342281125043,-0.7119043022658508,-0.6342699898538559
snake_wilsonsouthpark_2020,littlegreys_steer,0.0064129711569237266,131,1,snake_wilsonsouthpark,2020,179.34572943407238,0.18192599713802335,0.05653151460733583,5.1893153923430955,-2.872957015670742,0.8176663986453313,-0.38964637125004736,89.04542729621527,0.5516790789609941,0.01672746827853964,-4.084742711177624,1,-0.0708843405797834,0.7206504997199836,0.0820621858930025,connected,0,2.003345587130508e-4,2.003345587130508e-4,-9.210340371976182,-8.110613508966717,-8.110613508966717,-0.24954335540271758,-0.23481949880384692,-0.25611144630706323,-0.4166342281125043,0.21116087354017601,-0.11308537273228468
snake_wilsonsouthpark_2020,lowerbarbc_NA,0.08169971082376846,131,11,snake_wilsonsouthpark,2020,6.396831141622167,0.3782680034637451,0.2384034549706952,1.8558027336247136,-1.4337908515692135,-1.532878451639943,1.5612672292426015,19.65650742964477,-1.2333133418701152,0,-9.210340371976182,1,-0.6819171054196009,-1.0910029067932832,-0.5580228640724171,connected,0.3226711560044893,0,0.3226711560044893,-1.1308117022030537,-9.210340371976182,-1.1308117022030537,5.932833989816739,-0.3336384980437742,5.861446657145803,3.3206279528550064,-0.7119043022658508,3.1947953880300908
snake_wilsonsouthpark_2020,mosquito_NA,0.18291120335198505,131,24,snake_wilsonsouthpark,2020,61.64128666828233,0.5507169961929321,0.08812801689048827,4.121331884151681,-2.428964784217375,0.06460397099759342,0.21222331166889216,4.867499301094669,-1.6137525744137753,0.06489157212966175,-2.7334976770366906,1,1.6884880313851962,1.1982509340767773,0.29542386921480907,connected,0,1.4571312000932565e-5,1.4571312000932565e-5,-9.210340371976182,-9.07431311660181,-9.07431311660181,-0.24954335540271758,-0.3264509090486704,-0.2596355402084971,-0.4166342281125043,-0.59772865864017,-0.5698036979089801
snake_wilsonsouthpark_2020,northbuffalofork_NA,0,131,0,snake_wilsonsouthpark,2020,211.7277106985484,0.4812009930610657,0.10908345246553668,5.3553010656471765,-2.215642070739795,0.9347071330147165,0.5014006098839496,122.30640977496957,1.407299857438852,0.03778437868905201,-3.2732164236527206,1,0.6982973414818484,1.0074861939286666,1.1488706025020352,connected,0,4.2428973897695254e-6,4.2428973897695254e-6,-9.210340371976182,-9.168786830160125,-9.168786830160125,-0.24954335540271758,-0.33154560465269795,-0.25983147941383994,-0.4166342281125043,-0.67702598050072,-0.6145768573953277
snake_wilsonsouthpark_2020,deadman_greys,5.616809383890563e-5,131,0,snake_wilsonsouthpark,2020,42.60696343033698,0.05682190135121345,0.0415623772348318,3.7520177007230955,-3.1805599143188346,-0.19580888501031607,-0.8066285748986248,109.9753693310454,1.090090513703691,0.14082205153648392,-1.9595483674509768,1,4.462130162698441,1.471804965424821,0.7221472358584221,connected,0,0,0,-9.210340371976182,-9.210340371976182,-9.210340371976182,-0.24954335540271758,-0.3336384980437742,-0.25991197094852375,-0.4166342281125043,-0.7119043022658508,-0.6342699898538559
snake_wilsonsouthpark_2020,pacific_NA,0,131,0,snake_wilsonsouthpark,2020,415.0574929301797,0.1369519978761673,0.04158214126053129,6.028417047816465,-3.1800845005109393,1.409338390644628,-0.8059841105644706,76.06789576665982,0.21783910183067803,0.01927443820739732,-3.9438006999103465,1,0.02215317422396,0.7704667536928741,1.1488706025020352,connected,0,1.0388508578094532e-4,1.0388508578094532e-4,-9.210340371976182,-8.49795402783129,-8.49795402783129,-0.24954335540271758,-0.2823951165784162,-0.2579411785354372,-0.4166342281125043,-0.11395671353421293,-0.2966545177722249
snake_wilsonsouthpark_2020,rock_NA,9.115709614734224e-5,131,0,snake_wilsonsouthpark,2020,11.98579900144692,0.02564449980854988,0.01921974716928189,2.48372253245161,-3.9518170300904103,-1.090116176337176,-1.8521339752947334,77.66071440112681,0.2588134994110026,0,-9.210340371976182,1,-0.6819171054196009,-1.0910029067932832,-0.5580228640724171,connected,0,0,0,-9.210340371976182,-9.210340371976182,-9.210340371976182,-0.24954335540271758,-0.3336384980437742,-0.25991197094852375,-0.4166342281125043,-0.7119043022658508,-0.6342699898538559
snake_wilsonsouthpark_2020,shoal_NA,0.021955951487156726,131,3,snake_wilsonsouthpark,2020,82.64969488421343,0.1540520042181015,0.06550537569878219,4.414611132599159,-2.725623067971499,0.2714026538616901,-0.18992252451816394,47.61143187461727,-0.5141880354791994,0.01209925821747958,-4.40638013093737,1,-0.23994686353773353,0.6069670688829447,-0.3446611807506106,connected,0,0,0,-9.210340371976182,-9.210340371976182,-9.210340371976182,-0.24954335540271758,-0.3336384980437742,-0.25991197094852375,-0.4166342281125043,-0.7119043022658508,-0.6342699898538559
snake_wilsonsouthpark_2020,slate_NA,1.4139538488563378e-4,131,0,snake_wilsonsouthpark,2020,97.25682381756316,0.03599809855222702,0.03336693660136213,4.577355147826764,-3.4001897914108823,0.3861576123909513,-1.1043557762332283,65.18027481261483,-0.0622390564865716,0.01028205488054828,-4.567676455466213,0,-0.3063269493195021,0.5499565395498207,-0.3446611807506106,waterfall,0,7.388457382454261e-5,7.388457382454261e-5,-9.210340371976182,-8.657118847700668,-8.657118847700668,-0.24954335540271758,-0.29719346483775755,-0.2585103149125016,-0.4166342281125043,-0.24755307039032232,-0.3720862076700571
snake_wilsonsouthpark_2020,snakeriversidechannel_NA,0,131,0,snake_wilsonsouthpark,2020,18.81037955717093,0.5644689798355103,0.3722616615355763,2.934408821587343,-0.9881582807479885,-0.7723257718965152,2.1653605333541472,39.25295484706276,-0.7292053346757481,0,-9.210340371976182,1,-0.6819171054196009,-1.0910029067932832,-0.5580228640724171,connected,0,1.4316392269148176e-4,1.4316392269148176e-4,-9.210340371976182,-8.321774763072561,-8.321774763072561,-0.24954335540271758,-0.2630200502905912,-0.25719602408717135,-0.4166342281125043,0.03392086358785493,-0.21315931024700205
snake_wilsonsouthpark_2020,spread_southfork,0,131,0,snake_wilsonsouthpark,2020,98.90320211647273,0.01897189952433109,0.03276703860723393,4.594141615419727,-3.41833218937435,0.3979941790984226,-1.1289493581387449,95.953815270785,0.7293936218372936,0.01011089609436867,-4.584299884313153,1,-0.31257915823746063,0.5440809532296494,-0.3446611807506106,connected,0,0,0,-9.210340371976182,-9.210340371976182,-9.210340371976182,-0.24954335540271758,-0.3336384980437742,-0.25991197094852375,-0.4166342281125043,-0.7119043022658508,-0.6342699898538559
snake_wilsonsouthpark_2020,spread_uppermainstem,0,131,0,snake_wilsonsouthpark,2020,202.6088598876728,0.07364709675312042,0.04527153653174867,5.3112773217946065,-3.095076776609305,0.9036648676936901,-0.6907488244360215,86.0221241640995,0.47390624163943335,0.02467809158381336,-3.697795420120856,1,0.2195416377886189,0.8574178436232227,0.5087855525366156,connected,0,3.546791040805831e-5,3.546791040805831e-5,-9.210340371976182,-8.90677576924841,-8.90677576924841,-0.24954335540271758,-0.31614324692898294,-0.25923911316326254,-0.4166342281125043,-0.4571047490217056,-0.49040408408578545
snake_wilsonsouthpark_2020,spring_nps,9.729248674475201e-5,131,0,snake_wilsonsouthpark,2020,4.013031939407464,0.25288400053977966,0.09214421894145744,1.3895470502382712,-2.384400332141274,-1.8616472333135063,0.2726342619972348,81.41938436435763,0.3555032505942436,0,-9.210340371976182,0,-0.6819171054196009,-1.0910029067932832,-0.5580228640724171,culvert_diversion,0,6.727965911639381e-4,6.727965911639381e-4,-9.210340371976182,-7.165494686095443,-7.165494686095443,-0.24954335540271758,-0.00176821935618749,-0.24714842161467337,-0.4166342281125043,1.0044544646450324,0.33482711208651617
snake_wilsonsouthpark_2020,spring_tss,0.002101923741152453,131,0,snake_wilsonsouthpark,2020,24.857829441667217,0.359358012676239,0.20042810356345644,3.2131727709942544,-1.6072996822611672,-0.5757621968310707,1.326061075814283,16.68886092504857,-1.309654442561642,0,-9.210340371976182,1,-0.6819171054196009,-1.0910029067932832,-0.5580228640724171,connected,0.18503922773780687,0.00325391373513142,0.1882931414729383,-1.6866471545853954,-5.6976273359084795,-1.6692243215739715,3.295807098937877,1.271419066583958,3.3121762827357326,3.0635210224964284,2.2365215162330907,2.9396298698282872
snake_wilsonsouthpark_2020,threechannel_NA,0.0475751061389329,131,6,snake_wilsonsouthpark,2020,32.364754827547884,0.2897590100765228,0.117843813057241,3.477070016734667,-2.138395149431708,-0.38968151393422557,0.6061154601460216,19.65002939751685,-1.2334799857416796,0,-9.210340371976182,1,-0.6819171054196009,-1.0910029067932832,-0.5580228640724171,connected,0.02484110022481889,0.01035277137861167,0.03519387160343057,-3.691238224834839,-4.560888132036704,-3.3440459390826396,0.2264119706386022,4.7730715651936615,0.4077470546159004,2.136278518465708,3.1906533178297867,2.1458952682386987
snake_wilsonsouthpark_2020,upperbarbc_NA,0.0038147420033982846,131,0,snake_wilsonsouthpark,2020,5.737050517642647,0.4632450044155121,0.3517652148147659,1.7469452311662268,-1.044791329296893,-1.609636654777257,2.0885895617961863,38.69963907939096,-0.7434390834287149,0,-9.210340371976182,1,-0.6819171054196009,-1.0910029067932832,-0.5580228640724171,connected,0,6.263701847792045e-4,6.263701847792045e-4,-9.210340371976182,-7.22745077670238,-7.22745077670238,-0.24954335540271758,-0.024668966220421217,-0.2480291718088142,-0.4166342281125043,0.9524510885414027,0.30546476544622353
snake_wilsonsouthpark_2020,white_NA,7.413473331455818e-5,131,0,snake_wilsonsouthpark,2020,32.672161808639686,0.1206509992480278,0.06405398730038497,3.4865233944871217,-2.7480289996436165,-0.3830156960211845,-0.22029569331631507,98.63064322345744,0.7982535726273782,0.06121419242821969,-2.7917439387230294,1,1.5541581107467735,1.1776636688671474,-0.13129949742880404,connected,0,0,0,-9.210340371976182,-9.210340371976182,-9.210340371976182,-0.24954335540271758,-0.3336384980437742,-0.25991197094852375,-0.4166342281125043,-0.7119043022658508,-0.6342699898538559
snake_wilsonsouthpark_2020,willow_NA,0.06968656949169014,131,9,snake_wilsonsouthpark,2020,185.7033360595004,0.3712950050830841,0.07220654056398042,5.224150432976511,-2.6282246476575253,0.8422294748215096,-0.057890582969804004,29.918310160580123,-0.9693340187446622,0.01076986575706528,-4.521760927781279,1,-0.2885078494034962,0.5661854805723404,-0.13129949742880404,connected,0,1.934516612661411e-5,1.934516612661411e-5,-9.210340371976182,-9.03349070766187,-9.03349070766187,-0.24954335540271758,-0.32409611070410244,-0.2595449759526047,-0.4166342281125043,-0.5634640195261876,-0.5504570653141193
snake_deadmansmoose_2020,bailey_NA,0,81,0,snake_deadmansmoose,2020,41.571436204356225,0.00952018983662128,0.02815868421076803,3.7274133017261057,-3.5698994742538495,-0.21315807467230266,-1.3344118577700934,84.45438197586344,0.4335769220708386,0,-9.210340371976182,1,-0.6819171054196009,-1.0910029067932832,-0.5580228640724171,connected,0,0,0,-9.210340371976182,-9.210340371976182,-9.210340371976182,-0.24954335540271758,-0.3336384980437742,-0.25991197094852375,-0.4166342281125043,-0.7119043022658508,-0.6342699898538559
snake_deadmansmoose_2020,blackrock_lower,0,81,0,snake_deadmansmoose,2020,124.92159198396442,0.13935300707817078,0.04385356876906868,4.8276862763615664,-3.1268991776359423,0.5626724798250547,-0.7338868278937084,52.1917748672894,-0.3963611901781308,0.02401506378805271,-3.7249185803038998,1,0.19532209060651237,0.8478311049065204,0.0820621858930025,connected,0,8.272310060567697e-4,8.272310060567697e-4,-9.210340371976182,-6.983307825970708,-6.983307825970708,-0.24954335540271758,0.0744096224797411,-0.24421866349874877,-0.4166342281125043,1.157374568470067,0.42116945047302
snake_deadmansmoose_2020,blackrock_upper,1.518997120587368e-5,81,0,snake_deadmansmoose,2020,80.686204569364,0.1924089938402176,0.06852655983759876,4.390567613566922,-2.6805338740082356,0.25444895497707576,-0.12880024139868984,70.41749585009123,0.07248562111453336,0.02478738479117143,-3.6933942387870102,1,0.22353397718859186,0.8589734505365639,-0.13129949742880404,connected,0,4.900268401064695e-4,4.900268401064695e-4,-9.210340371976182,-7.435342530393345,-7.435342530393345,-0.24954335540271758,-0.09192302842584753,-0.2506157262428401,-0.4166342281125043,0.7779553618077346,0.20694031569908214
snake_deadmansmoose_2020,blacktail_NA,0.2743133110407622,81,22,snake_deadmansmoose,2020,61.14455063095294,0.17830100655555725,0.2664974502977697,4.1132407433781335,-1.3223906027849708,0.05889870114404863,1.7122798543810784,7.495611002680863,-1.5461458228250542,0,-9.210340371976182,1,-0.6819171054196009,-1.0910029067932832,-0.5580228640724171,connected,0,1.46864444118079e-4,1.46864444118079e-4,-9.210340371976182,-8.306671181225756,-8.306671181225756,-0.24954335540271758,-0.2611946946136107,-0.2571258219065871,-0.4166342281125043,0.04659818456787542,-0.20600139241597806
snake_deadmansmoose_2020,blindbull_NA,0,81,0,snake_deadmansmoose,2020,36.35174492325697,0.04732979834079742,0.07027445956149014,3.5932422062182408,-2.6553468525572104,-0.3077655382972935,-0.09465706604452084,156.93987849334107,2.2982271018499256,0.08252698753067757,-2.493418926265378,1,2.332686929398121,1.2831072797070224,0.0820621858930025,connected,0,4.9432759089448577e-5,4.9432759089448577e-5,-9.210340371976182,-8.80866403828822,-8.80866403828822,-0.24954335540271758,-0.30925480800912264,-0.25897418757144836,-0.4166342281125043,-0.37475382604836954,-0.44390678857034355
snake_deadmansmoose_2020,cody_bluecrane,0,81,0,snake_deadmansmoose,2020,18.511707107521175,0.5193600058555603,0.29697441361563093,2.918403348563038,-1.214109293332834,-0.7836116394018523,1.8590644888164,56.9086052154098,-0.27502328150436667,0,-9.210340371976182,1,-0.6819171054196009,-1.0910029067932832,-0.5580228640724171,connected,0.08362064779293935,0.00689554703054436,0.0905161948234837,-2.4802696438215244,-4.9624814708424285,-2.401122331096148,1.3526277370157538,3.067727003483424,1.457260698049786,2.696423455767853,2.8535725040786315,2.5927673927028443
snake_deadmansmoose_2020,boulder_NA,0,81,0,snake_deadmansmoose,2020,53.69998009443431,0.1402049958705902,0.04973721661138328,3.983412630833825,-3.0010018009305037,-0.032646414356009776,-0.5632220981303292,92.50694145758364,0.6407246579168765,0,-9.210340371976182,1,-0.6819171054196009,-1.0910029067932832,-0.5580228640724171,connected,0,1.338956952533976e-4,1.338956952533976e-4,-9.210340371976182,-8.360635288761552,-8.360635288761552,-0.24954335540271758,-0.26759178751877144,-0.2573718505995184,-0.4166342281125043,0.0013029480093809025,-0.23157616345265597
snake_deadmansmoose_2020,box_NA,1.825186333741866e-4,81,0,snake_deadmansmoose,2020,29.14147010476363,0.05944409966468811,0.02514578939696184,3.372162249211866,-3.6830648160565183,-0.4636546581671469,-1.487817218411723,63.825557420064456,-0.0970884284427921,0,-9.210340371976182,0,-0.6819171054196009,-1.0910029067932832,-0.5580228640724171,low flow,0,0,0,-9.210340371976182,-9.210340371976182,-9.210340371976182,-0.24954335540271758,-0.3336384980437742,-0.25991197094852375,-0.4166342281125043,-0.7119043022658508,-0.6342699898538559
snake_deadmansmoose_2020,cabin_NA,1.405191164834566e-4,81,0,snake_deadmansmoose,2020,23.51004271715979,0.0558410994708538,0.04978562821142316,3.1574276795286256,-3.0000289267337403,-0.6150694834947404,-0.5619032834240238,82.5670514755518,0.3850263660867171,0,-9.210340371976182,1,-0.6819171054196009,-1.0910029067932832,-0.5580228640724171,connected,0,0,0,-9.210340371976182,-9.210340371976182,-9.210340371976182,-0.24954335540271758,-0.3336384980437742,-0.25991197094852375,-0.4166342281125043,-0.7119043022658508,-0.6342699898538559
snake_deadmansmoose_2020,clear_NA,1.7132211429794972e-4,81,0,snake_deadmansmoose,2020,16.604101618688585,0.07531759887933731,0.02877694341500888,2.8096497503050797,-3.548180788339982,-0.860296577035633,-1.304970309746593,65.87641578531638,-0.044331206609506076,0,-9.210340371976182,1,-0.6819171054196009,-1.0910029067932832,-0.5580228640724171,connected,0,5.4124269322364146e-5,5.4124269322364146e-5,-9.210340371976182,-8.777751337302915,-8.777751337302915,-0.24954335540271758,-0.30694062742481,-0.25888518545239114,-0.4166342281125043,-0.34880698531052073,-0.42925658335199407
snake_deadmansmoose_2020,cliff_NA,0,81,0,snake_deadmansmoose,2020,158.3813173763604,0.2303059995174408,0.0598667292930114,5.065005526567855,-2.8156343656856224,0.7300123397733954,-0.31194058559320764,95.2848505254179,0.7121848657047634,0.05682488407779412,-2.866022703436794,1,1.3938223580533489,1.151409681326439,1.3622322858238418,connected,0,1.701915221929745e-4,1.701915221929745e-4,-9.210340371976182,-8.21637950897418,-8.21637950897418,-0.24954335540271758,-0.24968815013440973,-0.25668328650178013,-0.4166342281125043,0.12238527418451206,-0.16321019378787024
snake_deadmansmoose_2020,fall_coburn,1.3202133213901517e-4,81,0,snake_deadmansmoose,2020,116.5315084203892,0.2628070116043091,0.10592850612511062,4.75816169498255,-2.2449908829454603,0.5136489231569016,0.46161576896804113,68.97165670961705,0.03529219149421252,0.00858137008226551,-4.746575919186889,0,-0.36845076370144103,0.4867241431891463,-0.3446611807506106,waterfall,0,1.2334543660430012e-4,1.2334543660430012e-4,-9.210340371976182,-8.406790941965202,-8.406790941965202,-0.24954335540271758,-0.27279591209979054,-0.25757199838344175,-0.4166342281125043,-0.03743819542534349,-0.2534503371698559
snake_deadmansmoose_2020,cottonwood_grosventre,0,81,0,snake_deadmansmoose,2020,89.17802924901731,0.14260199666023254,0.07427305852988855,4.490634700379434,-2.6000069969197113,0.3250088117020927,-0.019639128779508592,90.72696989217776,0.5949358524468684,0.02242704864463058,-3.7930385298063016,0,0.13731395288147488,0.8237539637154752,-0.13129949742880404,low flow,2.0141392575882696e-5,0,2.0141392575882696e-5,-9.026841237333569,-9.210340371976182,-9.026841237333569,-0.24915744644604412,-0.3336384980437742,-0.25952987082915485,-0.33175497287751304,-0.7119043022658508,-0.5473057358670669
snake_deadmansmoose_2020,cottonwood_nps,0.07761483734687494,81,6,snake_deadmansmoose,2020,187.15270214946145,0.4438450038433075,0.15160907633961737,5.2319248726617085,-1.8864499372519228,0.8477114306551253,0.9476488794836052,6.4275082145075775,-1.573622189155933,0.07480522503393781,-2.591531630759407,1,2.05062094013706,1.2484291354043062,2.4290407024328746,connected,4.801044707328315e-6,4.0328775541557846e-4,4.080888001229067e-4,-9.16344681754564,-7.5943484730779875,-7.584854322270576,-0.24945136741594023,-0.1347088043758597,-0.2521701636900334,-0.39494317227653003,0.6444923598794643,0.13608340692861376
snake_deadmansmoose_2020,cowboycabin_NA,0.0029983282319420612,81,0,snake_deadmansmoose,2020,6.639295264034606,NA,0.15103490929646746,1.8930058229210844,-1.890244281493076,-1.5066456039165121,0.942505319296003,2.4766812803618685,-1.6752550744498145,0,-9.210340371976182,1,-0.6819171054196009,-1.0910029067932832,-0.5580228640724171,connected,0,0,0,-9.210340371976182,-9.210340371976182,-9.210340371976182,-0.24954335540271758,-0.3336384980437742,-0.25991197094852375,-0.4166342281125043,-0.7119043022658508,-0.6342699898538559
snake_deadmansmoose_2020,crystal_lower,0.005244066579460985,81,0,snake_deadmansmoose,2020,185.11488744216464,0.08405669778585434,0.05345949334579199,5.220976645530312,-2.9288310455741864,0.8399915562949208,-0.4653884277074507,68.77686669260154,0.03028132369723802,0,-9.210340371976182,0,-0.6819171054196009,-1.0910029067932832,-0.5580228640724171,low flow,0.00159203207362177,1.4561268966052827e-4,0.0017376447632823,-6.381825061936533,-8.311754695027139,-6.299270547241813,-0.21904003075883446,-0.26181214735658187,-0.22694730532426494,0.8917222031291218,0.0423312936528489,0.745349680312629
snake_deadmansmoose_2020,crystal_upper,0.002247214248961049,81,0,snake_deadmansmoose,2020,155.6115004101287,0.01565520092844963,0.0350789321250407,5.047362519103877,-3.350154553074885,0.7175718049431052,-1.0365287042741476,77.49725044470021,0.2546084775737753,0,-9.210340371976182,0,-0.6819171054196009,-1.0910029067932832,-0.5580228640724171,waterfall,0,0,0,-9.210340371976182,-9.210340371976182,-9.210340371976182,-0.24954335540271758,-0.3336384980437742,-0.25991197094852375,-0.4166342281125043,-0.7119043022658508,-0.6342699898538559
snake_deadmansmoose_2020,deadmansbar_NA,0,81,0,snake_deadmansmoose,2020,11.761208318342591,0.4607529938220978,0.12284876516395296,2.464806685350634,-2.096801231640941,-1.1034542228796713,0.6624995955849202,10.72287918832195,-1.4631260948564389,0,-9.210340371976182,1,-0.6819171054196009,-1.0910029067932832,-0.5580228640724171,connected,0.00183668783959592,0.00107140123976429,0.00290808907936022,-6.246776064180481,-6.749554605947969,-5.806450259184024,-0.2143524278021114,0.19485143888006076,-0.20474293632628776,0.954190390633608,1.353577338806193,0.9789079953639275
snake_deadmansmoose_2020,dell_NA,1.1610193906143468e-4,81,0,snake_deadmansmoose,2020,118.1568591435451,0.21458500623703003,0.05066461454892191,4.772013056484806,-2.9825275499481214,0.5234158716529316,-0.5381786608960017,103.2869119127605,0.9180335653948308,0.00846332584708545,-4.760266630750077,1,-0.37276276682076614,0.48188513203719124,-0.3446611807506106,connected,0.02027330174976997,5.170984692364432e-4,0.02079040021900641,-3.8935299730335315,-7.390481953216503,-3.868465545195727,0.13889298022324095,-0.07856940978109699,0.13450040026564955,2.0427065626048213,0.815609472070334,1.8973613451196976
snake_deadmansmoose_2020,ditch_NA,0,81,0,snake_deadmansmoose,2020,67.69148631266991,0.03313380107283592,0.03794501053647849,4.214960415919721,-3.271617258448648,0.13062383824230042,-0.9300646419204589,21.524590436401407,-1.185257917243878,0.01477290652743177,-4.208214075106562,0,-0.14228195144010805,0.6770092832469276,-0.3446611807506106,low flow,0,0,0,-9.210340371976182,-9.210340371976182,-9.210340371976182,-0.24954335540271758,-0.3336384980437742,-0.25991197094852375,-0.4166342281125043,-0.7119043022658508,-0.6342699898538559
snake_deadmansmoose_2020,dog_NA,0,81,0,snake_deadmansmoose,2020,31.090483742564395,0.06368420273065567,0.06185985047343163,3.4369017833759394,-2.7828839289051213,-0.4180051604095067,-0.26754454979768644,77.3493999887125,0.2508051045876853,0.03216418272163939,-3.433797558098338,1,0.49299885735227406,0.9507284500532249,-0.3446611807506106,connected,0,0,0,-9.210340371976182,-9.210340371976182,-9.210340371976182,-0.24954335540271758,-0.3336384980437742,-0.25991197094852375,-0.4166342281125043,-0.7119043022658508,-0.6342699898538559
snake_deadmansmoose_2020,fish_grosventre,0.006174749262903246,81,1,snake_deadmansmoose,2020,587.8758585030148,0.0790754035115242,0.05700038366984491,6.376515800613735,-2.8646972801203296,1.6547917050750964,-0.37844958881885943,91.92943925367771,0.6258687261778099,0.0136083152323544,-4.289752679001736,0,-0.1848229640482416,0.6481892900900684,1.1488706025020352,low flow,4.584436144917083e-6,1.11554612859649e-4,1.161390490045661e-4,-9.16551581143003,-8.461027375979677,-8.439588612003783,-0.24945551763465085,-0.2786119700487823,-0.2577087099614373,-0.39590020490959804,-0.08296201154970495,-0.26899387045662126
snake_deadmansmoose_2020,fish_NA,0.16770579790768098,81,14,snake_deadmansmoose,2020,233.3741440851509,0.18696600198745728,0.19327329665870344,5.452642934303585,-1.643650046859559,1.0033453688675344,1.2767850280257762,45.49933474542233,-0.5685205913818085,0.02999475382091136,-3.5034044140819387,1,0.4137524276318896,0.926125758600513,0.9355089191802287,connected,0.03691386252184423,0.00802943870913108,0.04494330123097531,-3.296462773753929,-4.812263397273023,-3.1001310022999364,0.45772602127630674,3.62704159026381,0.5927024002022878,2.3188856263306405,2.979659332683629,2.261491892467229
snake_deadmansmoose_2020,spreadnf_flagstaff,1.6874896115949946e-4,81,0,snake_deadmansmoose,2020,62.105753464464634,0.05579309910535812,0.07693418338645021,4.12883863302891,-2.564804983860054,0.06989717121077008,0.02808022966280149,53.17083730097065,-0.3711753387914537,0.04830470339139393,-3.02815829247284,1,1.0825911857650083,1.0941025121663015,0.0820621858930025,connected,0,7.227731359680823e-5,7.227731359680823e-5,-9.210340371976182,-8.666405091138806,-8.666405091138806,-0.24954335540271758,-0.29798627786134746,-0.2585408060675972,-0.4166342281125043,-0.25534755847652363,-0.37648716157379225
snake_deadmansmoose_2020,flat_NA,4.7964235690380295e-5,81,0,snake_deadmansmoose,2020,173.36864105262885,0.4952880144119262,0.23744731527971188,5.155420200544216,-1.437809510516657,0.79376603386828,1.555819591164476,86.52941390269902,0.48695599569680686,0,-9.210340371976182,1,-0.6819171054196009,-1.0910029067932832,-0.5580228640724171,connected,0,1.0364036792330612e-4,1.0364036792330612e-4,-9.210340371976182,-8.4991550221978,-8.4991550221978,-0.24954335540271758,-0.28251582852119533,-0.25794582105070835,-0.4166342281125043,-0.11496477845774382,-0.29722369527450193
snake_deadmansmoose_2020,fordspring_NA,0,81,0,snake_deadmansmoose,2020,0.371298460979693,0.36350199580192566,0.3083825652441645,-0.9907490627586949,-1.1764141718217336,-3.540054770157885,1.910163470339593,47.46374554395788,-0.5179871864300182,0,-9.210340371976182,1,-0.6819171054196009,-1.0910029067932832,-0.5580228640724171,connected,0,0,0,-9.210340371976182,-9.210340371976182,-9.210340371976182,-0.24954335540271758,-0.3336384980437742,-0.25991197094852375,-0.4166342281125043,-0.7119043022658508,-0.6342699898538559
snake_deadmansmoose_2020,goosewing_NA,4.8829464869009345e-5,81,0,snake_deadmansmoose,2020,40.396075600271566,0.12725499272346497,0.04498435530865712,3.698732641641705,-3.1014405094671185,-0.23338154005733883,-0.6993754120336815,87.41670747294091,0.5097811427228667,0,-9.210340371976182,0,-0.6819171054196009,-1.0910029067932832,-0.5580228640724171,low flow,0,0,0,-9.210340371976182,-9.210340371976182,-9.210340371976182,-0.24954335540271758,-0.3336384980437742,-0.25991197094852375,-0.4166342281125043,-0.7119043022658508,-0.6342699898538559
snake_deadmansmoose_2020,granite_lower,4.058798037501349e-6,81,0,snake_deadmansmoose,2020,220.38266084017036,0.4365609884262085,0.07926979243391333,5.395365402859918,-2.5348981506061192,0.9629575196659279,0.06862151613696778,89.05550148041728,0.5519382318989736,0.01361268617305474,-4.289433876586555,1,-0.18466329924203148,0.6483019714825007,0.0820621858930025,connected,0,1.7526340459353155e-4,1.7526340459353155e-4,-9.210340371976182,-8.197782083843256,-8.197782083843256,-0.24954335540271758,-0.24718634342514625,-0.25658706838461787,-0.4166342281125043,0.13799518249487042,-0.1543964671959935
snake_deadmansmoose_2020,granite_upper,2.1484086756988312e-4,81,0,snake_deadmansmoose,2020,131.17478860877102,0.06855929642915726,0.05121030340437559,4.876530698050768,-2.9718145288156883,0.5971139281172764,-0.5236562387108771,104.04775280709262,0.9376057857500794,0.02287024840533575,-3.7735554480019577,1,0.15350346647974358,0.8306403004621478,0.0820621858930025,connected,0,0,0,-9.210340371976182,-9.210340371976182,-9.210340371976182,-0.24954335540271758,-0.3336384980437742,-0.25991197094852375,-0.4166342281125043,-0.7119043022658508,-0.6342699898538559
snake_deadmansmoose_2020,grosventre_lower,0.060955606088100904,81,5,snake_deadmansmoose,2020,1589.6465467527958,0.11285000294446944,0.12772197756082734,7.371266972862744,-2.0578994276911646,2.3562161436863795,0.7152343390095599,35.76593183833315,-0.8189071149284874,0.01761397843891535,-4.033401208773123,0,-0.03850127188504782,0.7387972630599943,5.416104268938166,low flow,4.402174527288961e-4,8.985182924761807e-5,5.300692819765142e-4,-7.523538809225212,-8.569266636107082,-7.369680773233814,-0.2411087917422351,-0.2893172990296571,-0.2498560855297801,0.36361174228060683,-0.17381356300240194,0.2380588587808339
snake_deadmansmoose_2020,hoback_upper,0,81,0,snake_deadmansmoose,2020,114.07783296671197,0.13229399919509888,0.0672652044873204,4.736880960751974,-2.699112197023675,0.4986433343450082,-0.1539847572310184,134.68010421198858,1.7256064520685204,0.03506377966670531,-3.3477387128897176,1,0.598917380631602,0.981146132126715,0.29542386921480907,connected,0,4.72481868508296e-5,4.72481868508296e-5,-9.210340371976182,-8.823391048915319,-8.823391048915319,-0.24954335540271758,-0.310332391646087,-0.25901563084852075,-0.4166342281125043,-0.3871150687449412,-0.4508862410627788
snake_deadmansmoose_2020,horse_NA,1.3488589946003923e-4,81,0,snake_deadmansmoose,2020,63.20355466451241,0.3199459910392761,0.05410708739882333,4.14636054426279,-2.916790096186639,0.08225231799871911,-0.44906588448140466,68.19787838452241,0.01538716273236928,0.03164378982505175,-3.450058168836203,0,0.4739895784159695,0.94498110256621,-0.13129949742880404,culvert_diversion,0,0,0,-9.210340371976182,-9.210340371976182,-9.210340371976182,-0.24954335540271758,-0.3336384980437742,-0.25991197094852375,-0.4166342281125043,-0.7119043022658508,-0.6342699898538559
snake_deadmansmoose_2020,lava_NA,0,81,0,snake_deadmansmoose,2020,65.33372895413697,0.15424099564552307,0.03712820915992983,4.179508425964538,-3.2933782435768575,0.10562573535417148,-0.9595635301695766,38.727021623515355,-0.7427346822963856,0,-9.210340371976182,0,-0.6819171054196009,-1.0910029067932832,-0.5580228640724171,culvert_diversion,0,1.3745704467353953e-5,1.3745704467353953e-5,-9.210340371976182,-9.081545263770613,-9.081545263770613,-0.24954335540271758,-0.3268581563591559,-0.259651202717231,-0.4166342281125043,-0.6037990234028876,-0.5732311706569175
snake_deadmansmoose_2020,leidy_NA,0,81,0,snake_deadmansmoose,2020,10.736033129626785,0.0376180000603199,0.04548522459554739,2.3736056660690865,-3.090367739926582,-1.1677623891175724,-0.6843653199188215,56.55174872168028,-0.28420322172906576,0,-9.210340371976182,1,-0.6819171054196009,-1.0910029067932832,-0.5580228640724171,connected,0,0,0,-9.210340371976182,-9.210340371976182,-9.210340371976182,-0.24954335540271758,-0.3336384980437742,-0.25991197094852375,-0.4166342281125043,-0.7119043022658508,-0.6342699898538559
snake_deadmansmoose_2020,littlegreys_steer,2.4894128076893433e-4,81,0,snake_deadmansmoose,2020,179.34572943407238,0.18192599713802335,0.05653151460733583,5.1893153923430955,-2.872957015670742,0.8176663986453313,-0.38964637125004736,133.64905923179987,1.6990833777979917,0.01672746827853964,-4.084742711177624,1,-0.0708843405797834,0.7206504997199836,0.0820621858930025,connected,0,2.003345587130508e-4,2.003345587130508e-4,-9.210340371976182,-8.110613508966717,-8.110613508966717,-0.24954335540271758,-0.23481949880384692,-0.25611144630706323,-0.4166342281125043,0.21116087354017601,-0.11308537273228468
snake_deadmansmoose_2020,lowerbarbc_NA,0.14283911435424174,81,12,snake_deadmansmoose,2020,6.396831141622167,0.3782680034637451,0.2384034549706952,1.8558027336247136,-1.4337908515692135,-1.532878451639943,1.5612672292426015,27.582509389365345,-1.0294212298038232,0,-9.210340371976182,1,-0.6819171054196009,-1.0910029067932832,-0.5580228640724171,connected,0.3226711560044893,0,0.3226711560044893,-1.1308117022030537,-9.210340371976182,-1.1308117022030537,5.932833989816739,-0.3336384980437742,5.861446657145803,3.3206279528550064,-0.7119043022658508,3.1947953880300908
snake_deadmansmoose_2020,mosquito_NA,0.031539035490705934,81,3,snake_deadmansmoose,2020,61.64128666828233,0.5507169961929321,0.08812801689048827,4.121331884151681,-2.428964784217375,0.06460397099759342,0.21222331166889216,45.558752998071384,-0.5669920889805384,0.06489157212966175,-2.7334976770366906,1,1.6884880313851962,1.1982509340767773,0.29542386921480907,connected,0,1.4571312000932565e-5,1.4571312000932565e-5,-9.210340371976182,-9.07431311660181,-9.07431311660181,-0.24954335540271758,-0.3264509090486704,-0.2596355402084971,-0.4166342281125043,-0.59772865864017,-0.5698036979089801
snake_deadmansmoose_2020,northbuffalofork_NA,0.03244680722527852,81,3,snake_deadmansmoose,2020,211.7277106985484,0.4812009930610657,0.10908345246553668,5.3553010656471765,-2.215642070739795,0.9347071330147165,0.5014006098839496,77.70277783938494,0.25989555860185365,0.03778437868905201,-3.2732164236527206,1,0.6982973414818484,1.0074861939286666,1.1488706025020352,connected,0,4.2428973897695254e-6,4.2428973897695254e-6,-9.210340371976182,-9.168786830160125,-9.168786830160125,-0.24954335540271758,-0.33154560465269795,-0.25983147941383994,-0.4166342281125043,-0.67702598050072,-0.6145768573953277
snake_deadmansmoose_2020,deadman_greys,1.1088494466327438e-4,81,0,snake_deadmansmoose,2020,42.60696343033698,0.05682190135121345,0.0415623772348318,3.7520177007230955,-3.1805599143188346,-0.19580888501031607,-0.8066285748986248,154.57900126663003,2.2374948125406893,0.14082205153648392,-1.9595483674509768,1,4.462130162698441,1.471804965424821,0.7221472358584221,connected,0,0,0,-9.210340371976182,-9.210340371976182,-9.210340371976182,-0.24954335540271758,-0.3336384980437742,-0.25991197094852375,-0.4166342281125043,-0.7119043022658508,-0.6342699898538559
snake_deadmansmoose_2020,pacific_NA,0,81,0,snake_deadmansmoose,2020,415.0574929301797,0.1369519978761673,0.04158214126053129,6.028417047816465,-3.1800845005109393,1.409338390644628,-0.8059841105644706,31.464263831075172,-0.9295651970063207,0.01927443820739732,-3.9438006999103465,1,0.02215317422396,0.7704667536928741,1.1488706025020352,connected,0,1.0388508578094532e-4,1.0388508578094532e-4,-9.210340371976182,-8.49795402783129,-8.49795402783129,-0.24954335540271758,-0.2823951165784162,-0.2579411785354372,-0.4166342281125043,-0.11395671353421293,-0.2966545177722249
snake_deadmansmoose_2020,rock_NA,0,81,0,snake_deadmansmoose,2020,11.98579900144692,0.02564449980854988,0.01921974716928189,2.48372253245161,-3.9518170300904103,-1.090116176337176,-1.8521339752947334,33.05708246554217,-0.888590799425996,0,-9.210340371976182,1,-0.6819171054196009,-1.0910029067932832,-0.5580228640724171,connected,0,0,0,-9.210340371976182,-9.210340371976182,-9.210340371976182,-0.24954335540271758,-0.3336384980437742,-0.25991197094852375,-0.4166342281125043,-0.7119043022658508,-0.6342699898538559
snake_deadmansmoose_2020,shoal_NA,0.024391081062494352,81,2,snake_deadmansmoose,2020,82.64969488421343,0.1540520042181015,0.06550537569878219,4.414611132599159,-2.725623067971499,0.2714026538616901,-0.18992252451816394,92.2150638102019,0.633216263357799,0.01209925821747958,-4.40638013093737,1,-0.23994686353773353,0.6069670688829447,-0.3446611807506106,connected,0,0,0,-9.210340371976182,-9.210340371976182,-9.210340371976182,-0.24954335540271758,-0.3336384980437742,-0.25991197094852375,-0.4166342281125043,-0.7119043022658508,-0.6342699898538559
snake_deadmansmoose_2020,slate_NA,0,81,0,snake_deadmansmoose,2020,97.25682381756316,0.03599809855222702,0.03336693660136213,4.577355147826764,-3.4001897914108823,0.3861576123909513,-1.1043557762332283,73.10627677233539,0.14165305557972013,0.01028205488054828,-4.567676455466213,0,-0.3063269493195021,0.5499565395498207,-0.3446611807506106,waterfall,0,7.388457382454261e-5,7.388457382454261e-5,-9.210340371976182,-8.657118847700668,-8.657118847700668,-0.24954335540271758,-0.29719346483775755,-0.2585103149125016,-0.4166342281125043,-0.24755307039032232,-0.3720862076700571
snake_deadmansmoose_2020,snakeriversidechannel_NA,0.07903445209757845,81,6,snake_deadmansmoose,2020,18.81037955717093,0.5644689798355103,0.3722616615355763,2.934408821587343,-0.9881582807479885,-0.7723257718965152,2.1653605333541472,6.712200490790223,-1.566298634380749,0,-9.210340371976182,1,-0.6819171054196009,-1.0910029067932832,-0.5580228640724171,connected,0,1.4316392269148176e-4,1.4316392269148176e-4,-9.210340371976182,-8.321774763072561,-8.321774763072561,-0.24954335540271758,-0.2630200502905912,-0.25719602408717135,-0.4166342281125043,0.03392086358785493,-0.21315931024700205
snake_deadmansmoose_2020,spread_southfork,1.0233851095130357e-4,81,0,snake_deadmansmoose,2020,98.90320211647273,0.01897189952433109,0.03276703860723393,4.594141615419727,-3.41833218937435,0.3979941790984226,-1.1289493581387449,51.350183335200335,-0.4180106769997057,0.01011089609436867,-4.584299884313153,1,-0.31257915823746063,0.5440809532296494,-0.3446611807506106,connected,0,0,0,-9.210340371976182,-9.210340371976182,-9.210340371976182,-0.24954335540271758,-0.3336384980437742,-0.25991197094852375,-0.4166342281125043,-0.7119043022658508,-0.6342699898538559
snake_deadmansmoose_2020,spread_uppermainstem,0,81,0,snake_deadmansmoose,2020,202.6088598876728,0.07364709675312042,0.04527153653174867,5.3112773217946065,-3.095076776609305,0.9036648676936901,-0.6907488244360215,41.41849222851486,-0.6734980571975653,0.02467809158381336,-3.697795420120856,1,0.2195416377886189,0.8574178436232227,0.5087855525366156,connected,0,3.546791040805831e-5,3.546791040805831e-5,-9.210340371976182,-8.90677576924841,-8.90677576924841,-0.24954335540271758,-0.31614324692898294,-0.25923911316326254,-0.4166342281125043,-0.4571047490217056,-0.49040408408578545
snake_deadmansmoose_2020,spring_nps,0,81,0,snake_deadmansmoose,2020,4.013031939407464,0.25288400053977966,0.09214421894145744,1.3895470502382712,-2.384400332141274,-1.8616472333135063,0.2726342619972348,36.81575242877299,-0.791901048242755,0,-9.210340371976182,0,-0.6819171054196009,-1.0910029067932832,-0.5580228640724171,culvert_diversion,0,6.727965911639381e-4,6.727965911639381e-4,-9.210340371976182,-7.165494686095443,-7.165494686095443,-0.24954335540271758,-0.00176821935618749,-0.24714842161467337,-0.4166342281125043,1.0044544646450324,0.33482711208651617
snake_deadmansmoose_2020,spring_tss,9.828790922147699e-5,81,0,snake_deadmansmoose,2020,24.857829441667217,0.359358012676239,0.20042810356345644,3.2131727709942544,-1.6072996822611672,-0.5757621968310707,1.326061075814283,61.29249286063321,-0.16225014372464347,0,-9.210340371976182,1,-0.6819171054196009,-1.0910029067932832,-0.5580228640724171,connected,0.18503922773780687,0.00325391373513142,0.1882931414729383,-1.6866471545853954,-5.6976273359084795,-1.6692243215739715,3.295807098937877,1.271419066583958,3.3121762827357326,3.0635210224964284,2.2365215162330907,2.9396298698282872
snake_deadmansmoose_2020,threechannel_NA,0.006361959387456438,81,1,snake_deadmansmoose,2020,32.364754827547884,0.2897590100765228,0.117843813057241,3.477070016734667,-2.138395149431708,-0.38968151393422557,0.6061154601460216,25.063804805623143,-1.0942135424805102,0,-9.210340371976182,1,-0.6819171054196009,-1.0910029067932832,-0.5580228640724171,connected,0.02484110022481889,0.01035277137861167,0.03519387160343057,-3.691238224834839,-4.560888132036704,-3.3440459390826396,0.2264119706386022,4.7730715651936615,0.4077470546159004,2.136278518465708,3.1906533178297867,2.1458952682386987
snake_deadmansmoose_2020,upperbarbc_NA,0.058866390740708895,81,5,snake_deadmansmoose,2020,5.737050517642647,0.4632450044155121,0.3517652148147659,1.7469452311662268,-1.044791329296893,-1.609636654777257,2.0885895617961863,6.444855234876355,-1.5731759464425168,0,-9.210340371976182,1,-0.6819171054196009,-1.0910029067932832,-0.5580228640724171,connected,0,6.263701847792045e-4,6.263701847792045e-4,-9.210340371976182,-7.22745077670238,-7.22745077670238,-0.24954335540271758,-0.024668966220421217,-0.2480291718088142,-0.4166342281125043,0.9524510885414027,0.30546476544622353
snake_deadmansmoose_2020,white_NA,3.0909569232547273e-4,81,0,snake_deadmansmoose,2020,32.672161808639686,0.1206509992480278,0.06405398730038497,3.4865233944871217,-2.7480289996436165,-0.3830156960211845,-0.22029569331631507,143.23427515904203,1.9456578714643755,0.06121419242821969,-2.7917439387230294,1,1.5541581107467735,1.1776636688671474,-0.13129949742880404,connected,0,0,0,-9.210340371976182,-9.210340371976182,-9.210340371976182,-0.24954335540271758,-0.3336384980437742,-0.25991197094852375,-0.4166342281125043,-0.7119043022658508,-0.6342699898538559
snake_deadmansmoose_2020,willow_NA,0.02502069926357057,81,2,snake_deadmansmoose,2020,185.7033360595004,0.3712950050830841,0.07220654056398042,5.224150432976511,-2.6282246476575253,0.8422294748215096,-0.057890582969804004,74.52194209616476,0.17807028009233658,0.01076986575706528,-4.521760927781279,1,-0.2885078494034962,0.5661854805723404,-0.13129949742880404,connected,0,1.934516612661411e-5,1.934516612661411e-5,-9.210340371976182,-9.03349070766187,-9.03349070766187,-0.24954335540271758,-0.32409611070410244,-0.2595449759526047,-0.4166342281125043,-0.5634640195261876,-0.5504570653141193
snake_southparkastoria_2020,bailey_NA,0.026246882822129954,66,2,snake_southparkastoria,2020,41.571436204356225,0.00952018983662128,0.02815868421076803,3.7274133017261057,-3.5698994742538495,-0.21315807467230266,-1.3344118577700934,20.797118428217956,-1.2039717410571211,0,-9.210340371976182,1,-0.6819171054196009,-1.0910029067932832,-0.5580228640724171,connected,0,0,0,-9.210340371976182,-9.210340371976182,-9.210340371976182,-0.24954335540271758,-0.3336384980437742,-0.25991197094852375,-0.4166342281125043,-0.7119043022658508,-0.6342699898538559
snake_southparkastoria_2020,blackrock_lower,2.2734593048048842e-4,66,0,snake_southparkastoria,2020,124.92159198396442,0.13935300707817078,0.04385356876906868,4.8276862763615664,-3.1268991776359423,0.5626724798250547,-0.7338868278937084,115.84903841493484,1.2411874729498278,0.02401506378805271,-3.7249185803038998,1,0.19532209060651237,0.8478311049065204,0.0820621858930025,connected,0,8.272310060567697e-4,8.272310060567697e-4,-9.210340371976182,-6.983307825970708,-6.983307825970708,-0.24954335540271758,0.0744096224797411,-0.24421866349874877,-0.4166342281125043,1.157374568470067,0.42116945047302
snake_southparkastoria_2020,blackrock_upper,4.0691252117789604e-5,66,0,snake_southparkastoria,2020,80.686204569364,0.1924089938402176,0.06852655983759876,4.390567613566922,-2.6805338740082356,0.25444895497707576,-0.12880024139868984,134.0747593977367,1.7100342842424927,0.02478738479117143,-3.6933942387870102,1,0.22353397718859186,0.8589734505365639,-0.13129949742880404,connected,0,4.900268401064695e-4,4.900268401064695e-4,-9.210340371976182,-7.435342530393345,-7.435342530393345,-0.24954335540271758,-0.09192302842584753,-0.2506157262428401,-0.4166342281125043,0.7779553618077346,0.20694031569908214
snake_southparkastoria_2020,blacktail_NA,0,66,0,snake_southparkastoria,2020,61.14455063095294,0.17830100655555725,0.2664974502977697,4.1132407433781335,-1.3223906027849708,0.05889870114404863,1.7122798543810784,56.48487356841682,-0.2859235488641002,0,-9.210340371976182,1,-0.6819171054196009,-1.0910029067932832,-0.5580228640724171,connected,0,1.46864444118079e-4,1.46864444118079e-4,-9.210340371976182,-8.306671181225756,-8.306671181225756,-0.24954335540271758,-0.2611946946136107,-0.2571258219065871,-0.4166342281125043,0.04659818456787542,-0.20600139241597806
snake_southparkastoria_2020,blindbull_NA,0,66,0,snake_southparkastoria,2020,36.35174492325697,0.04732979834079742,0.07027445956149014,3.5932422062182408,-2.6553468525572104,-0.3077655382972935,-0.09465706604452084,93.2826149456956,0.6606784387219662,0.08252698753067757,-2.493418926265378,1,2.332686929398121,1.2831072797070224,0.0820621858930025,connected,0,4.9432759089448577e-5,4.9432759089448577e-5,-9.210340371976182,-8.80866403828822,-8.80866403828822,-0.24954335540271758,-0.30925480800912264,-0.25897418757144836,-0.4166342281125043,-0.37475382604836954,-0.44390678857034355
snake_southparkastoria_2020,cody_bluecrane,1.297351546231971e-4,66,0,snake_southparkastoria,2020,18.511707107521175,0.5193600058555603,0.29697441361563093,2.918403348563038,-1.214109293332834,-0.7836116394018523,1.8590644888164,18.59828731244239,-1.2605354818372667,0,-9.210340371976182,1,-0.6819171054196009,-1.0910029067932832,-0.5580228640724171,connected,0.08362064779293935,0.00689554703054436,0.0905161948234837,-2.4802696438215244,-4.9624814708424285,-2.401122331096148,1.3526277370157538,3.067727003483424,1.457260698049786,2.696423455767853,2.8535725040786315,2.5927673927028443
snake_southparkastoria_2020,boulder_NA,0.14804825695600538,66,10,snake_southparkastoria,2020,53.69998009443431,0.1402049958705902,0.04973721661138328,3.983412630833825,-3.0010018009305037,-0.032646414356009776,-0.5632220981303292,28.84967790993819,-0.9968240052110823,0,-9.210340371976182,1,-0.6819171054196009,-1.0910029067932832,-0.5580228640724171,connected,0,1.338956952533976e-4,1.338956952533976e-4,-9.210340371976182,-8.360635288761552,-8.360635288761552,-0.24954335540271758,-0.26759178751877144,-0.2573718505995184,-0.4166342281125043,0.0013029480093809025,-0.23157616345265597
snake_southparkastoria_2020,box_NA,8.154642050938034e-5,66,0,snake_southparkastoria,2020,29.14147010476363,0.05944409966468811,0.02514578939696184,3.372162249211866,-3.6830648160565183,-0.4636546581671469,-1.487817218411723,127.48282096770994,1.5404602346851677,0,-9.210340371976182,0,-0.6819171054196009,-1.0910029067932832,-0.5580228640724171,low flow,0,0,0,-9.210340371976182,-9.210340371976182,-9.210340371976182,-0.24954335540271758,-0.3336384980437742,-0.25991197094852375,-0.4166342281125043,-0.7119043022658508,-0.6342699898538559
snake_southparkastoria_2020,cabin_NA,0,66,0,snake_southparkastoria,2020,23.51004271715979,0.0558410994708538,0.04978562821142316,3.1574276795286256,-3.0000289267337403,-0.6150694834947404,-0.5619032834240238,18.909787927906343,-1.2525222970412422,0,-9.210340371976182,1,-0.6819171054196009,-1.0910029067932832,-0.5580228640724171,connected,0,0,0,-9.210340371976182,-9.210340371976182,-9.210340371976182,-0.24954335540271758,-0.3336384980437742,-0.25991197094852375,-0.4166342281125043,-0.7119043022658508,-0.6342699898538559
snake_southparkastoria_2020,clear_NA,0,66,0,snake_southparkastoria,2020,16.604101618688585,0.07531759887933731,0.02877694341500888,2.8096497503050797,-3.548180788339982,-0.860296577035633,-1.304970309746593,129.53367933296184,1.593217456518453,0,-9.210340371976182,1,-0.6819171054196009,-1.0910029067932832,-0.5580228640724171,connected,0,5.4124269322364146e-5,5.4124269322364146e-5,-9.210340371976182,-8.777751337302915,-8.777751337302915,-0.24954335540271758,-0.30694062742481,-0.25888518545239114,-0.4166342281125043,-0.34880698531052073,-0.42925658335199407
snake_southparkastoria_2020,cliff_NA,0.02769922817118311,66,2,snake_southparkastoria,2020,158.3813173763604,0.2303059995174408,0.0598667292930114,5.065005526567855,-2.8156343656856224,0.7300123397733954,-0.31194058559320764,31.62758697777242,-0.9253637974231961,0.05682488407779412,-2.866022703436794,1,1.3938223580533489,1.151409681326439,1.3622322858238418,connected,0,1.701915221929745e-4,1.701915221929745e-4,-9.210340371976182,-8.21637950897418,-8.21637950897418,-0.24954335540271758,-0.24968815013440973,-0.25668328650178013,-0.4166342281125043,0.12238527418451206,-0.16321019378787024
snake_southparkastoria_2020,fall_coburn,6.897194600981662e-4,66,0,snake_southparkastoria,2020,116.5315084203892,0.2628070116043091,0.10592850612511062,4.75816169498255,-2.2449908829454603,0.5136489231569016,0.46161576896804113,5.31439316197158,-1.6022564716337468,0.00858137008226551,-4.746575919186889,0,-0.36845076370144103,0.4867241431891463,-0.3446611807506106,waterfall,0,1.2334543660430012e-4,1.2334543660430012e-4,-9.210340371976182,-8.406790941965202,-8.406790941965202,-0.24954335540271758,-0.27279591209979054,-0.25757199838344175,-0.4166342281125043,-0.03743819542534349,-0.2534503371698559
snake_southparkastoria_2020,cottonwood_grosventre,0,66,0,snake_southparkastoria,2020,89.17802924901731,0.14260199666023254,0.07427305852988855,4.490634700379434,-2.6000069969197113,0.3250088117020927,-0.019639128779508592,101.854599544518,0.8811881046715366,0.02242704864463058,-3.7930385298063016,0,0.13731395288147488,0.8237539637154752,-0.13129949742880404,low flow,2.0141392575882696e-5,0,2.0141392575882696e-5,-9.026841237333569,-9.210340371976182,-9.026841237333569,-0.24915744644604412,-0.3336384980437742,-0.25952987082915485,-0.33175497287751304,-0.7119043022658508,-0.5473057358670669
snake_southparkastoria_2020,cottonwood_nps,0,66,0,snake_southparkastoria,2020,187.15270214946145,0.4438450038433075,0.15160907633961737,5.2319248726617085,-1.8864499372519228,0.8477114306551253,0.9476488794836052,57.735923671083015,-0.25374096185117023,0.07480522503393781,-2.591531630759407,1,2.05062094013706,1.2484291354043062,2.4290407024328746,connected,4.801044707328315e-6,4.0328775541557846e-4,4.080888001229067e-4,-9.16344681754564,-7.5943484730779875,-7.584854322270576,-0.24945136741594023,-0.1347088043758597,-0.2521701636900334,-0.39494317227653003,0.6444923598794643,0.13608340692861376
snake_southparkastoria_2020,cowboycabin_NA,3.8266328673920865e-4,66,0,snake_southparkastoria,2020,6.639295264034606,NA,0.15103490929646746,1.8930058229210844,-1.890244281493076,-1.5066456039165121,0.942505319296003,66.13394482800733,-0.037706411321855315,0,-9.210340371976182,1,-0.6819171054196009,-1.0910029067932832,-0.5580228640724171,connected,0,0,0,-9.210340371976182,-9.210340371976182,-9.210340371976182,-0.24954335540271758,-0.3336384980437742,-0.25991197094852375,-0.4166342281125043,-0.7119043022658508,-0.6342699898538559
snake_southparkastoria_2020,crystal_lower,0,66,0,snake_southparkastoria,2020,185.11488744216464,0.08405669778585434,0.05345949334579199,5.220976645530312,-2.9288310455741864,0.8399915562949208,-0.4653884277074507,79.90449634494179,0.31653357592190656,0,-9.210340371976182,0,-0.6819171054196009,-1.0910029067932832,-0.5580228640724171,low flow,0.00159203207362177,1.4561268966052827e-4,0.0017376447632823,-6.381825061936533,-8.311754695027139,-6.299270547241813,-0.21904003075883446,-0.26181214735658187,-0.22694730532426494,0.8917222031291218,0.0423312936528489,0.745349680312629
snake_southparkastoria_2020,crystal_upper,0,66,0,snake_southparkastoria,2020,155.6115004101287,0.01565520092844963,0.0350789321250407,5.047362519103877,-3.350154553074885,0.7175718049431052,-1.0365287042741476,88.62488009704046,0.5408607297984439,0,-9.210340371976182,0,-0.6819171054196009,-1.0910029067932832,-0.5580228640724171,waterfall,0,0,0,-9.210340371976182,-9.210340371976182,-9.210340371976182,-0.24954335540271758,-0.3336384980437742,-0.25991197094852375,-0.4166342281125043,-0.7119043022658508,-0.6342699898538559
snake_southparkastoria_2020,deadmansbar_NA,0,66,0,snake_southparkastoria,2020,11.761208318342591,0.4607529938220978,0.12284876516395296,2.464806685350634,-2.096801231640941,-1.1034542228796713,0.6624995955849202,74.38014273596742,0.17442256827152047,0,-9.210340371976182,1,-0.6819171054196009,-1.0910029067932832,-0.5580228640724171,connected,0.00183668783959592,0.00107140123976429,0.00290808907936022,-6.246776064180481,-6.749554605947969,-5.806450259184024,-0.2143524278021114,0.19485143888006076,-0.20474293632628776,0.954190390633608,1.353577338806193,0.9789079953639275
snake_southparkastoria_2020,dell_NA,0.03708164422809078,66,2,snake_southparkastoria,2020,118.1568591435451,0.21458500623703003,0.05066461454892191,4.772013056484806,-2.9825275499481214,0.5234158716529316,-0.5381786608960017,39.629648365115045,-0.7195150977331282,0.00846332584708545,-4.760266630750077,1,-0.37276276682076614,0.48188513203719124,-0.3446611807506106,connected,0.02027330174976997,5.170984692364432e-4,0.02079040021900641,-3.8935299730335315,-7.390481953216503,-3.868465545195727,0.13889298022324095,-0.07856940978109699,0.13450040026564955,2.0427065626048213,0.815609472070334,1.8973613451196976
snake_southparkastoria_2020,ditch_NA,0,66,0,snake_southparkastoria,2020,67.69148631266991,0.03313380107283592,0.03794501053647849,4.214960415919721,-3.271617258448648,0.13062383824230042,-0.9300646419204589,70.30483032945452,0.06958736155360876,0.01477290652743177,-4.208214075106562,0,-0.14228195144010805,0.6770092832469276,-0.3446611807506106,low flow,0,0,0,-9.210340371976182,-9.210340371976182,-9.210340371976182,-0.24954335540271758,-0.3336384980437742,-0.25991197094852375,-0.4166342281125043,-0.7119043022658508,-0.6342699898538559
snake_southparkastoria_2020,dog_NA,0.029418104989402834,66,2,snake_southparkastoria,2020,31.090483742564395,0.06368420273065567,0.06185985047343163,3.4369017833759394,-2.7828839289051213,-0.4180051604095067,-0.26754454979768644,13.692136441067042,-1.3867435585402739,0.03216418272163939,-3.433797558098338,1,0.49299885735227406,0.9507284500532249,-0.3446611807506106,connected,0,0,0,-9.210340371976182,-9.210340371976182,-9.210340371976182,-0.24954335540271758,-0.3336384980437742,-0.25991197094852375,-0.4166342281125043,-0.7119043022658508,-0.6342699898538559
snake_southparkastoria_2020,fish_grosventre,1.2293880197884985e-4,66,0,snake_southparkastoria,2020,587.8758585030148,0.0790754035115242,0.05700038366984491,6.376515800613735,-2.8646972801203296,1.6547917050750964,-0.37844958881885943,103.05706890601796,0.9121209784024784,0.0136083152323544,-4.289752679001736,0,-0.1848229640482416,0.6481892900900684,1.1488706025020352,low flow,4.584436144917083e-6,1.11554612859649e-4,1.161390490045661e-4,-9.16551581143003,-8.461027375979677,-8.439588612003783,-0.24945551763465085,-0.2786119700487823,-0.2577087099614373,-0.39590020490959804,-0.08296201154970495,-0.26899387045662126
snake_southparkastoria_2020,fish_NA,0.14865245579554376,66,10,snake_southparkastoria,2020,233.3741440851509,0.18696600198745728,0.19327329665870344,5.452642934303585,-1.643650046859559,1.0033453688675344,1.2767850280257762,23.86171266050645,-1.1251367125240843,0.02999475382091136,-3.5034044140819387,1,0.4137524276318896,0.926125758600513,0.9355089191802287,connected,0.03691386252184423,0.00802943870913108,0.04494330123097531,-3.296462773753929,-4.812263397273023,-3.1001310022999364,0.45772602127630674,3.62704159026381,0.5927024002022878,2.3188856263306405,2.979659332683629,2.261491892467229
snake_southparkastoria_2020,spreadnf_flagstaff,0,66,0,snake_southparkastoria,2020,62.105753464464634,0.05579309910535812,0.07693418338645021,4.12883863302891,-2.564804983860054,0.06989717121077008,0.02808022966280149,116.82810084861612,1.2663733243365056,0.04830470339139393,-3.02815829247284,1,1.0825911857650083,1.0941025121663015,0.0820621858930025,connected,0,7.227731359680823e-5,7.227731359680823e-5,-9.210340371976182,-8.666405091138806,-8.666405091138806,-0.24954335540271758,-0.29798627786134746,-0.2585408060675972,-0.4166342281125043,-0.25534755847652363,-0.37648716157379225
snake_southparkastoria_2020,flat_NA,1.7717934473388328e-4,66,0,snake_southparkastoria,2020,173.36864105262885,0.4952880144119262,0.23744731527971188,5.155420200544216,-1.437809510516657,0.79376603386828,1.555819591164476,36.78093346098291,-0.7927967473504218,0,-9.210340371976182,1,-0.6819171054196009,-1.0910029067932832,-0.5580228640724171,connected,0,1.0364036792330612e-4,1.0364036792330612e-4,-9.210340371976182,-8.4991550221978,-8.4991550221978,-0.24954335540271758,-0.28251582852119533,-0.25794582105070835,-0.4166342281125043,-0.11496477845774382,-0.29722369527450193
snake_southparkastoria_2020,fordspring_NA,0,66,0,snake_southparkastoria,2020,0.371298460979693,0.36350199580192566,0.3083825652441645,-0.9907490627586949,-1.1764141718217336,-3.540054770157885,1.910163470339593,22.970958067804357,-1.1480508924803534,0,-9.210340371976182,1,-0.6819171054196009,-1.0910029067932832,-0.5580228640724171,connected,0,0,0,-9.210340371976182,-9.210340371976182,-9.210340371976182,-0.24954335540271758,-0.3336384980437742,-0.25991197094852375,-0.4166342281125043,-0.7119043022658508,-0.6342699898538559
snake_southparkastoria_2020,goosewing_NA,1.6150169858433798e-4,66,0,snake_southparkastoria,2020,40.396075600271566,0.12725499272346497,0.04498435530865712,3.698732641641705,-3.1014405094671185,-0.23338154005733883,-0.6993754120336815,98.54433712528116,0.7960333949475353,0,-9.210340371976182,0,-0.6819171054196009,-1.0910029067932832,-0.5580228640724171,low flow,0,0,0,-9.210340371976182,-9.210340371976182,-9.210340371976182,-0.24954335540271758,-0.3336384980437742,-0.25991197094852375,-0.4166342281125043,-0.7119043022658508,-0.6342699898538559
snake_southparkastoria_2020,granite_lower,0.06505687866418813,66,4,snake_southparkastoria,2020,220.38266084017036,0.4365609884262085,0.07926979243391333,5.395365402859918,-2.5348981506061192,0.9629575196659279,0.06862151613696778,25.398237932771817,-1.0856104312289854,0.01361268617305474,-4.289433876586555,1,-0.18466329924203148,0.6483019714825007,0.0820621858930025,connected,0,1.7526340459353155e-4,1.7526340459353155e-4,-9.210340371976182,-8.197782083843256,-8.197782083843256,-0.24954335540271758,-0.24718634342514625,-0.25658706838461787,-0.4166342281125043,0.13799518249487042,-0.1543964671959935
snake_southparkastoria_2020,granite_upper,1.0144422502586307e-4,66,0,snake_southparkastoria,2020,131.17478860877102,0.06855929642915726,0.05121030340437559,4.876530698050768,-2.9718145288156883,0.5971139281172764,-0.5236562387108771,40.39048925944716,-0.69994287737788,0.02287024840533575,-3.7735554480019577,1,0.15350346647974358,0.8306403004621478,0.0820621858930025,connected,0,0,0,-9.210340371976182,-9.210340371976182,-9.210340371976182,-0.24954335540271758,-0.3336384980437742,-0.25991197094852375,-0.4166342281125043,-0.7119043022658508,-0.6342699898538559
snake_southparkastoria_2020,grosventre_lower,0,66,0,snake_southparkastoria,2020,1589.6465467527958,0.11285000294446944,0.12772197756082734,7.371266972862744,-2.0578994276911646,2.3562161436863795,0.7152343390095599,46.893561490673406,-0.5326548627038187,0.01761397843891535,-4.033401208773123,0,-0.03850127188504782,0.7387972630599943,5.416104268938166,low flow,4.402174527288961e-4,8.985182924761807e-5,5.300692819765142e-4,-7.523538809225212,-8.569266636107082,-7.369680773233814,-0.2411087917422351,-0.2893172990296571,-0.2498560855297801,0.36361174228060683,-0.17381356300240194,0.2380588587808339
snake_southparkastoria_2020,hoback_upper,0.09185818155305064,66,6,snake_southparkastoria,2020,114.07783296671197,0.13229399919509888,0.0672652044873204,4.736880960751974,-2.699112197023675,0.4986433343450082,-0.1539847572310184,71.02284066434312,0.08805778894056136,0.03506377966670531,-3.3477387128897176,1,0.598917380631602,0.981146132126715,0.29542386921480907,connected,0,4.72481868508296e-5,4.72481868508296e-5,-9.210340371976182,-8.823391048915319,-8.823391048915319,-0.24954335540271758,-0.310332391646087,-0.25901563084852075,-0.4166342281125043,-0.3871150687449412,-0.4508862410627788
snake_southparkastoria_2020,horse_NA,0.03703128720162784,66,2,snake_southparkastoria,2020,63.20355466451241,0.3199459910392761,0.05410708739882333,4.14636054426279,-2.916790096186639,0.08225231799871911,-0.44906588448140466,4.894165732153976,-1.6130665949025935,0.03164378982505175,-3.450058168836203,0,0.4739895784159695,0.94498110256621,-0.13129949742880404,culvert_diversion,0,0,0,-9.210340371976182,-9.210340371976182,-9.210340371976182,-0.24954335540271758,-0.3336384980437742,-0.25991197094852375,-0.4166342281125043,-0.7119043022658508,-0.6342699898538559
snake_southparkastoria_2020,lava_NA,0,66,0,snake_southparkastoria,2020,65.33372895413697,0.15424099564552307,0.03712820915992983,4.179508425964538,-3.2933782435768575,0.10562573535417148,-0.9595635301695766,102.38428517116084,0.8948139808315742,0,-9.210340371976182,0,-0.6819171054196009,-1.0910029067932832,-0.5580228640724171,culvert_diversion,0,1.3745704467353953e-5,1.3745704467353953e-5,-9.210340371976182,-9.081545263770613,-9.081545263770613,-0.24954335540271758,-0.3268581563591559,-0.259651202717231,-0.4166342281125043,-0.6037990234028876,-0.5732311706569175
snake_southparkastoria_2020,leidy_NA,0,66,0,snake_southparkastoria,2020,10.736033129626785,0.0376180000603199,0.04548522459554739,2.3736056660690865,-3.090367739926582,-1.1677623891175724,-0.6843653199188215,120.20901226932575,1.3533454413988937,0,-9.210340371976182,1,-0.6819171054196009,-1.0910029067932832,-0.5580228640724171,connected,0,0,0,-9.210340371976182,-9.210340371976182,-9.210340371976182,-0.24954335540271758,-0.3336384980437742,-0.25991197094852375,-0.4166342281125043,-0.7119043022658508,-0.6342699898538559
snake_southparkastoria_2020,littlegreys_steer,0.012208097966072532,66,1,snake_southparkastoria,2020,179.34572943407238,0.18192599713802335,0.05653151460733583,5.1893153923430955,-2.872957015670742,0.8176663986453313,-0.38964637125004736,69.99179568415444,0.061534714670033464,0.01672746827853964,-4.084742711177624,1,-0.0708843405797834,0.7206504997199836,0.0820621858930025,connected,0,2.003345587130508e-4,2.003345587130508e-4,-9.210340371976182,-8.110613508966717,-8.110613508966717,-0.24954335540271758,-0.23481949880384692,-0.25611144630706323,-0.4166342281125043,0.21116087354017601,-0.11308537273228468
snake_southparkastoria_2020,lowerbarbc_NA,0.06851847620032273,66,5,snake_southparkastoria,2020,6.396831141622167,0.3782680034637451,0.2384034549706952,1.8558027336247136,-1.4337908515692135,-1.532878451639943,1.5612672292426015,38.710139041705595,-0.7431689775791546,0,-9.210340371976182,1,-0.6819171054196009,-1.0910029067932832,-0.5580228640724171,connected,0.3226711560044893,0,0.3226711560044893,-1.1308117022030537,-9.210340371976182,-1.1308117022030537,5.932833989816739,-0.3336384980437742,5.861446657145803,3.3206279528550064,-0.7119043022658508,3.1947953880300908
snake_southparkastoria_2020,mosquito_NA,0.05075457898936063,66,3,snake_southparkastoria,2020,61.64128666828233,0.5507169961929321,0.08812801689048827,4.121331884151681,-2.428964784217375,0.06460397099759342,0.21222331166889216,23.921130913155498,-1.1236082101228144,0.06489157212966175,-2.7334976770366906,1,1.6884880313851962,1.1982509340767773,0.29542386921480907,connected,0,1.4571312000932565e-5,1.4571312000932565e-5,-9.210340371976182,-9.07431311660181,-9.07431311660181,-0.24954335540271758,-0.3264509090486704,-0.2596355402084971,-0.4166342281125043,-0.59772865864017,-0.5698036979089801
snake_southparkastoria_2020,northbuffalofork_NA,0.02044563040889568,66,1,snake_southparkastoria,2020,211.7277106985484,0.4812009930610657,0.10908345246553668,5.3553010656471765,-2.215642070739795,0.9347071330147165,0.5014006098839496,141.3600413870304,1.897444221729813,0.03778437868905201,-3.2732164236527206,1,0.6982973414818484,1.0074861939286666,1.1488706025020352,connected,0,4.2428973897695254e-6,4.2428973897695254e-6,-9.210340371976182,-9.168786830160125,-9.168786830160125,-0.24954335540271758,-0.33154560465269795,-0.25983147941383994,-0.4166342281125043,-0.67702598050072,-0.6145768573953277
snake_southparkastoria_2020,deadman_greys,0.016302970789410114,66,1,snake_southparkastoria,2020,42.60696343033698,0.05682190135121345,0.0415623772348318,3.7520177007230955,-3.1805599143188346,-0.19580888501031607,-0.8066285748986248,90.9217377189846,0.599946149412731,0.14082205153648392,-1.9595483674509768,1,4.462130162698441,1.471804965424821,0.7221472358584221,connected,0,0,0,-9.210340371976182,-9.210340371976182,-9.210340371976182,-0.24954335540271758,-0.3336384980437742,-0.25991197094852375,-0.4166342281125043,-0.7119043022658508,-0.6342699898538559
snake_southparkastoria_2020,pacific_NA,2.152461316278516e-4,66,0,snake_southparkastoria,2020,415.0574929301797,0.1369519978761673,0.04158214126053129,6.028417047816465,-3.1800845005109393,1.409338390644628,-0.8059841105644706,95.12152737872064,0.7079834661216386,0.01927443820739732,-3.9438006999103465,1,0.02215317422396,0.7704667536928741,1.1488706025020352,connected,0,1.0388508578094532e-4,1.0388508578094532e-4,-9.210340371976182,-8.49795402783129,-8.49795402783129,-0.24954335540271758,-0.2823951165784162,-0.2579411785354372,-0.4166342281125043,-0.11395671353421293,-0.2966545177722249
snake_southparkastoria_2020,rock_NA,6.682917172591464e-5,66,0,snake_southparkastoria,2020,11.98579900144692,0.02564449980854988,0.01921974716928189,2.48372253245161,-3.9518170300904103,-1.090116176337176,-1.8521339752947334,96.71434601318764,0.7489578637019633,0,-9.210340371976182,1,-0.6819171054196009,-1.0910029067932832,-0.5580228640724171,connected,0,0,0,-9.210340371976182,-9.210340371976182,-9.210340371976182,-0.24954335540271758,-0.3336384980437742,-0.25991197094852375,-0.4166342281125043,-0.7119043022658508,-0.6342699898538559
snake_southparkastoria_2020,shoal_NA,0.08998189667976599,66,6,snake_southparkastoria,2020,82.64969488421343,0.1540520042181015,0.06550537569878219,4.414611132599159,-2.725623067971499,0.2714026538616901,-0.18992252451816394,28.557800262556444,-1.00433239977016,0.01209925821747958,-4.40638013093737,1,-0.23994686353773353,0.6069670688829447,-0.3446611807506106,connected,0,0,0,-9.210340371976182,-9.210340371976182,-9.210340371976182,-0.24954335540271758,-0.3336384980437742,-0.25991197094852375,-0.4166342281125043,-0.7119043022658508,-0.6342699898538559
snake_southparkastoria_2020,slate_NA,0,66,0,snake_southparkastoria,2020,97.25682381756316,0.03599809855222702,0.03336693660136213,4.577355147826764,-3.4001897914108823,0.3861576123909513,-1.1043557762332283,84.23390642467565,0.42790530780438907,0.01028205488054828,-4.567676455466213,0,-0.3063269493195021,0.5499565395498207,-0.3446611807506106,waterfall,0,7.388457382454261e-5,7.388457382454261e-5,-9.210340371976182,-8.657118847700668,-8.657118847700668,-0.24954335540271758,-0.29719346483775755,-0.2585103149125016,-0.4166342281125043,-0.24755307039032232,-0.3720862076700571
snake_southparkastoria_2020,snakeriversidechannel_NA,1.6154794621951935e-4,66,0,snake_southparkastoria,2020,18.81037955717093,0.5644689798355103,0.3722616615355763,2.934408821587343,-0.9881582807479885,-0.7723257718965152,2.1653605333541472,58.306586459123594,-0.2390609703847873,0,-9.210340371976182,1,-0.6819171054196009,-1.0910029067932832,-0.5580228640724171,connected,0,1.4316392269148176e-4,1.4316392269148176e-4,-9.210340371976182,-8.321774763072561,-8.321774763072561,-0.24954335540271758,-0.2630200502905912,-0.25719602408717135,-0.4166342281125043,0.03392086358785493,-0.21315931024700205
snake_southparkastoria_2020,spread_southfork,0,66,0,snake_southparkastoria,2020,98.90320211647273,0.01897189952433109,0.03276703860723393,4.594141615419727,-3.41833218937435,0.3979941790984226,-1.1289493581387449,115.0074468828458,1.2195379861282536,0.01011089609436867,-4.584299884313153,1,-0.31257915823746063,0.5440809532296494,-0.3446611807506106,connected,0,0,0,-9.210340371976182,-9.210340371976182,-9.210340371976182,-0.24954335540271758,-0.3336384980437742,-0.25991197094852375,-0.4166342281125043,-0.7119043022658508,-0.6342699898538559
snake_southparkastoria_2020,spread_uppermainstem,0,66,0,snake_southparkastoria,2020,202.6088598876728,0.07364709675312042,0.04527153653174867,5.3112773217946065,-3.095076776609305,0.9036648676936901,-0.6907488244360215,105.07575577616034,0.9640506059303944,0.02467809158381336,-3.697795420120856,1,0.2195416377886189,0.8574178436232227,0.5087855525366156,connected,0,3.546791040805831e-5,3.546791040805831e-5,-9.210340371976182,-8.90677576924841,-8.90677576924841,-0.24954335540271758,-0.31614324692898294,-0.25923911316326254,-0.4166342281125043,-0.4571047490217056,-0.49040408408578545
snake_southparkastoria_2020,spring_nps,0,66,0,snake_southparkastoria,2020,4.013031939407464,0.25288400053977966,0.09214421894145744,1.3895470502382712,-2.384400332141274,-1.8616472333135063,0.2726342619972348,100.47301597641848,0.845647614885205,0,-9.210340371976182,0,-0.6819171054196009,-1.0910029067932832,-0.5580228640724171,culvert_diversion,0,6.727965911639381e-4,6.727965911639381e-4,-9.210340371976182,-7.165494686095443,-7.165494686095443,-0.24954335540271758,-0.00176821935618749,-0.24714842161467337,-0.4166342281125043,1.0044544646450324,0.33482711208651617
snake_southparkastoria_2020,spring_tss,1.0790901359634133e-5,66,0,snake_southparkastoria,2020,24.857829441667217,0.359358012676239,0.20042810356345644,3.2131727709942544,-1.6072996822611672,-0.5757621968310707,1.326061075814283,22.9821749576658,-1.1477623440575435,0,-9.210340371976182,1,-0.6819171054196009,-1.0910029067932832,-0.5580228640724171,connected,0.18503922773780687,0.00325391373513142,0.1882931414729383,-1.6866471545853954,-5.6976273359084795,-1.6692243215739715,3.295807098937877,1.271419066583958,3.3121762827357326,3.0635210224964284,2.2365215162330907,2.9396298698282872
snake_southparkastoria_2020,threechannel_NA,0,66,0,snake_southparkastoria,2020,32.364754827547884,0.2897590100765228,0.117843813057241,3.477070016734667,-2.138395149431708,-0.38968151393422557,0.6061154601460216,38.70366100957769,-0.7433356214507186,0,-9.210340371976182,1,-0.6819171054196009,-1.0910029067932832,-0.5580228640724171,connected,0.02484110022481889,0.01035277137861167,0.03519387160343057,-3.691238224834839,-4.560888132036704,-3.3440459390826396,0.2264119706386022,4.7730715651936615,0.4077470546159004,2.136278518465708,3.1906533178297867,2.1458952682386987
snake_southparkastoria_2020,upperbarbc_NA,0,66,0,snake_southparkastoria,2020,5.737050517642647,0.4632450044155121,0.3517652148147659,1.7469452311662268,-1.044791329296893,-1.609636654777257,2.0885895617961863,57.75327069145179,-0.2532947191377542,0,-9.210340371976182,1,-0.6819171054196009,-1.0910029067932832,-0.5580228640724171,connected,0,6.263701847792045e-4,6.263701847792045e-4,-9.210340371976182,-7.22745077670238,-7.22745077670238,-0.24954335540271758,-0.024668966220421217,-0.2480291718088142,-0.4166342281125043,0.9524510885414027,0.30546476544622353
snake_southparkastoria_2020,white_NA,1.1681130996884428e-4,66,0,snake_southparkastoria,2020,32.672161808639686,0.1206509992480278,0.06405398730038497,3.4865233944871217,-2.7480289996436165,-0.3830156960211845,-0.22029569331631507,79.57701161139661,0.3081092083364175,0.06121419242821969,-2.7917439387230294,1,1.5541581107467735,1.1776636688671474,-0.13129949742880404,connected,0,0,0,-9.210340371976182,-9.210340371976182,-9.210340371976182,-0.24954335540271758,-0.3336384980437742,-0.25991197094852375,-0.4166342281125043,-0.7119043022658508,-0.6342699898538559
snake_southparkastoria_2020,willow_NA,0.12800943754915686,66,8,snake_southparkastoria,2020,185.7033360595004,0.3712950050830841,0.07220654056398042,5.224150432976511,-2.6282246476575253,0.8422294748215096,-0.057890582969804004,10.864678548519292,-1.4594783830356228,0.01076986575706528,-4.521760927781279,1,-0.2885078494034962,0.5661854805723404,-0.13129949742880404,connected,0,1.934516612661411e-5,1.934516612661411e-5,-9.210340371976182,-9.03349070766187,-9.03349070766187,-0.24954335540271758,-0.32409611070410244,-0.2595449759526047,-0.4166342281125043,-0.5634640195261876,-0.5504570653141193
snake_astoriawesttable_2020,bailey_NA,0.2033177390728131,80,16,snake_astoriawesttable,2020,41.571436204356225,0.00952018983662128,0.02815868421076803,3.7274133017261057,-3.5698994742538495,-0.21315807467230266,-1.3344118577700934,4.742187407220427,-1.6169761550839403,0,-9.210340371976182,1,-0.6819171054196009,-1.0910029067932832,-0.5580228640724171,connected,0,0,0,-9.210340371976182,-9.210340371976182,-9.210340371976182,-0.24954335540271758,-0.3336384980437742,-0.25991197094852375,-0.4166342281125043,-0.7119043022658508,-0.6342699898538559
snake_astoriawesttable_2020,blackrock_lower,0,80,0,snake_astoriawesttable,2020,124.92159198396442,0.13935300707817078,0.04385356876906868,4.8276862763615664,-3.1268991776359423,0.5626724798250547,-0.7338868278937084,133.89319997398962,1.7053637662989627,0.02401506378805271,-3.7249185803038998,1,0.19532209060651237,0.8478311049065204,0.0820621858930025,connected,0,8.272310060567697e-4,8.272310060567697e-4,-9.210340371976182,-6.983307825970708,-6.983307825970708,-0.24954335540271758,0.0744096224797411,-0.24421866349874877,-0.4166342281125043,1.157374568470067,0.42116945047302
snake_astoriawesttable_2020,blackrock_upper,9.78611724792898e-6,80,0,snake_astoriawesttable,2020,80.686204569364,0.1924089938402176,0.06852655983759876,4.390567613566922,-2.6805338740082356,0.25444895497707576,-0.12880024139868984,152.11892095679144,2.1742105775916265,0.02478738479117143,-3.6933942387870102,1,0.22353397718859186,0.8589734505365639,-0.13129949742880404,connected,0,4.900268401064695e-4,4.900268401064695e-4,-9.210340371976182,-7.435342530393345,-7.435342530393345,-0.24954335540271758,-0.09192302842584753,-0.2506157262428401,-0.4166342281125043,0.7779553618077346,0.20694031569908214
snake_astoriawesttable_2020,blacktail_NA,0,80,0,snake_astoriawesttable,2020,61.14455063095294,0.17830100655555725,0.2664974502977697,4.1132407433781335,-1.3223906027849708,0.05889870114404863,1.7122798543810784,74.52903512747156,0.17825274448503345,0,-9.210340371976182,1,-0.6819171054196009,-1.0910029067932832,-0.5580228640724171,connected,0,1.46864444118079e-4,1.46864444118079e-4,-9.210340371976182,-8.306671181225756,-8.306671181225756,-0.24954335540271758,-0.2611946946136107,-0.2571258219065871,-0.4166342281125043,0.04659818456787542,-0.20600139241597806
snake_astoriawesttable_2020,blindbull_NA,0.025810432042981897,80,2,snake_astoriawesttable,2020,36.35174492325697,0.04732979834079742,0.07027445956149014,3.5932422062182408,-2.6553468525572104,-0.3077655382972935,-0.09465706604452084,77.22768392469807,0.2476740246951471,0.08252698753067757,-2.493418926265378,1,2.332686929398121,1.2831072797070224,0.0820621858930025,connected,0,4.9432759089448577e-5,4.9432759089448577e-5,-9.210340371976182,-8.80866403828822,-8.80866403828822,-0.24954335540271758,-0.30925480800912264,-0.25897418757144836,-0.4166342281125043,-0.37475382604836954,-0.44390678857034355
snake_astoriawesttable_2020,cody_bluecrane,2.0750369229706591e-4,80,0,snake_astoriawesttable,2020,18.511707107521175,0.5193600058555603,0.29697441361563093,2.918403348563038,-1.214109293332834,-0.7836116394018523,1.8590644888164,36.64244887149714,-0.7963591884881329,0,-9.210340371976182,1,-0.6819171054196009,-1.0910029067932832,-0.5580228640724171,connected,0.08362064779293935,0.00689554703054436,0.0905161948234837,-2.4802696438215244,-4.9624814708424285,-2.401122331096148,1.3526277370157538,3.067727003483424,1.457260698049786,2.696423455767853,2.8535725040786315,2.5927673927028443
snake_astoriawesttable_2020,boulder_NA,0.1439223145708435,80,12,snake_astoriawesttable,2020,53.69998009443431,0.1402049958705902,0.04973721661138328,3.983412630833825,-3.0010018009305037,-0.032646414356009776,-0.5632220981303292,42.26840688350419,-0.6516344625425902,0,-9.210340371976182,1,-0.6819171054196009,-1.0910029067932832,-0.5580228640724171,connected,0,1.338956952533976e-4,1.338956952533976e-4,-9.210340371976182,-8.360635288761552,-8.360635288761552,-0.24954335540271758,-0.26759178751877144,-0.2573718505995184,-0.4166342281125043,0.0013029480093809025,-0.23157616345265597
snake_astoriawesttable_2020,box_NA,7.32431801802241e-5,80,0,snake_astoriawesttable,2020,29.14147010476363,0.05944409966468811,0.02514578939696184,3.372162249211866,-3.6830648160565183,-0.4636546581671469,-1.487817218411723,145.52698252676467,2.0046365280343013,0,-9.210340371976182,0,-0.6819171054196009,-1.0910029067932832,-0.5580228640724171,low flow,0,0,0,-9.210340371976182,-9.210340371976182,-9.210340371976182,-0.24954335540271758,-0.3336384980437742,-0.25991197094852375,-0.4166342281125043,-0.7119043022658508,-0.6342699898538559
snake_astoriawesttable_2020,cabin_NA,0.1272215264127571,80,10,snake_astoriawesttable,2020,23.51004271715979,0.0558410994708538,0.04978562821142316,3.1574276795286256,-3.0000289267337403,-0.6150694834947404,-0.5619032834240238,0.8656263688515878,-1.7166985903903762,0,-9.210340371976182,1,-0.6819171054196009,-1.0910029067932832,-0.5580228640724171,connected,0,0,0,-9.210340371976182,-9.210340371976182,-9.210340371976182,-0.24954335540271758,-0.3336384980437742,-0.25991197094852375,-0.4166342281125043,-0.7119043022658508,-0.6342699898538559
snake_astoriawesttable_2020,clear_NA,0,80,0,snake_astoriawesttable,2020,16.604101618688585,0.07531759887933731,0.02877694341500888,2.8096497503050797,-3.548180788339982,-0.860296577035633,-1.304970309746593,147.5778408920166,2.0573937498675874,0,-9.210340371976182,1,-0.6819171054196009,-1.0910029067932832,-0.5580228640724171,connected,0,5.4124269322364146e-5,5.4124269322364146e-5,-9.210340371976182,-8.777751337302915,-8.777751337302915,-0.24954335540271758,-0.30694062742481,-0.25888518545239114,-0.4166342281125043,-0.34880698531052073,-0.42925658335199407
snake_astoriawesttable_2020,cliff_NA,0.0299101092025437,80,2,snake_astoriawesttable,2020,158.3813173763604,0.2303059995174408,0.0598667292930114,5.065005526567855,-2.8156343656856224,0.7300123397733954,-0.31194058559320764,45.04631595133841,-0.5801742547547043,0.05682488407779412,-2.866022703436794,1,1.3938223580533489,1.151409681326439,1.3622322858238418,connected,0,1.701915221929745e-4,1.701915221929745e-4,-9.210340371976182,-8.21637950897418,-8.21637950897418,-0.24954335540271758,-0.24968815013440973,-0.25668328650178013,-0.4166342281125043,0.12238527418451206,-0.16321019378787024
snake_astoriawesttable_2020,fall_coburn,0,80,0,snake_astoriawesttable,2020,116.5315084203892,0.2628070116043091,0.10592850612511062,4.75816169498255,-2.2449908829454603,0.5136489231569016,0.46161576896804113,17.38830663589507,-1.2916615800838198,0.00858137008226551,-4.746575919186889,0,-0.36845076370144103,0.4867241431891463,-0.3446611807506106,waterfall,0,1.2334543660430012e-4,1.2334543660430012e-4,-9.210340371976182,-8.406790941965202,-8.406790941965202,-0.24954335540271758,-0.27279591209979054,-0.25757199838344175,-0.4166342281125043,-0.03743819542534349,-0.2534503371698559
snake_astoriawesttable_2020,cottonwood_grosventre,1.0178096118827709e-4,80,0,snake_astoriawesttable,2020,89.17802924901731,0.14260199666023254,0.07427305852988855,4.490634700379434,-2.6000069969197113,0.3250088117020927,-0.019639128779508592,119.89876110357277,1.3453643980206713,0.02242704864463058,-3.7930385298063016,0,0.13731395288147488,0.8237539637154752,-0.13129949742880404,low flow,2.0141392575882696e-5,0,2.0141392575882696e-5,-9.026841237333569,-9.210340371976182,-9.026841237333569,-0.24915744644604412,-0.3336384980437742,-0.25952987082915485,-0.33175497287751304,-0.7119043022658508,-0.5473057358670669
snake_astoriawesttable_2020,cottonwood_nps,0,80,0,snake_astoriawesttable,2020,187.15270214946145,0.4438450038433075,0.15160907633961737,5.2319248726617085,-1.8864499372519228,0.8477114306551253,0.9476488794836052,75.78008523013776,0.21043533149796365,0.07480522503393781,-2.591531630759407,1,2.05062094013706,1.2484291354043062,2.4290407024328746,connected,4.801044707328315e-6,4.0328775541557846e-4,4.080888001229067e-4,-9.16344681754564,-7.5943484730779875,-7.584854322270576,-0.24945136741594023,-0.1347088043758597,-0.2521701636900334,-0.39494317227653003,0.6444923598794643,0.13608340692861376
snake_astoriawesttable_2020,cowboycabin_NA,3.234683831376615e-4,80,0,snake_astoriawesttable,2020,6.639295264034606,NA,0.15103490929646746,1.8930058229210844,-1.890244281493076,-1.5066456039165121,0.942505319296003,84.17810638706209,0.4264698820272789,0,-9.210340371976182,1,-0.6819171054196009,-1.0910029067932832,-0.5580228640724171,connected,0,0,0,-9.210340371976182,-9.210340371976182,-9.210340371976182,-0.24954335540271758,-0.3336384980437742,-0.25991197094852375,-0.4166342281125043,-0.7119043022658508,-0.6342699898538559
snake_astoriawesttable_2020,crystal_lower,1.257068764943321e-4,80,0,snake_astoriawesttable,2020,185.11488744216464,0.08405669778585434,0.05345949334579199,5.220976645530312,-2.9288310455741864,0.8399915562949208,-0.4653884277074507,97.94865790399656,0.7807098692710411,0,-9.210340371976182,0,-0.6819171054196009,-1.0910029067932832,-0.5580228640724171,low flow,0.00159203207362177,1.4561268966052827e-4,0.0017376447632823,-6.381825061936533,-8.311754695027139,-6.299270547241813,-0.21904003075883446,-0.26181214735658187,-0.22694730532426494,0.8917222031291218,0.0423312936528489,0.745349680312629
snake_astoriawesttable_2020,crystal_upper,1.3031127480905283e-4,80,0,snake_astoriawesttable,2020,155.6115004101287,0.01565520092844963,0.0350789321250407,5.047362519103877,-3.350154553074885,0.7175718049431052,-1.0365287042741476,106.6690416560952,1.0050370231475778,0,-9.210340371976182,0,-0.6819171054196009,-1.0910029067932832,-0.5580228640724171,waterfall,0,0,0,-9.210340371976182,-9.210340371976182,-9.210340371976182,-0.24954335540271758,-0.3336384980437742,-0.25991197094852375,-0.4166342281125043,-0.7119043022658508,-0.6342699898538559
snake_astoriawesttable_2020,deadmansbar_NA,1.2999054547563024e-5,80,0,snake_astoriawesttable,2020,11.761208318342591,0.4607529938220978,0.12284876516395296,2.464806685350634,-2.096801231640941,-1.1034542228796713,0.6624995955849202,92.42430429502215,0.6385988616206539,0,-9.210340371976182,1,-0.6819171054196009,-1.0910029067932832,-0.5580228640724171,connected,0.00183668783959592,0.00107140123976429,0.00290808907936022,-6.246776064180481,-6.749554605947969,-5.806450259184024,-0.2143524278021114,0.19485143888006076,-0.20474293632628776,0.954190390633608,1.353577338806193,0.9789079953639275
snake_astoriawesttable_2020,dell_NA,0.00529726613952852,80,0,snake_astoriawesttable,2020,118.1568591435451,0.21458500623703003,0.05066461454892191,4.772013056484806,-2.9825275499481214,0.5234158716529316,-0.5381786608960017,53.04837733868104,-0.3743255550646361,0.00846332584708545,-4.760266630750077,1,-0.37276276682076614,0.48188513203719124,-0.3446611807506106,connected,0.02027330174976997,5.170984692364432e-4,0.02079040021900641,-3.8935299730335315,-7.390481953216503,-3.868465545195727,0.13889298022324095,-0.07856940978109699,0.13450040026564955,2.0427065626048213,0.815609472070334,1.8973613451196976
snake_astoriawesttable_2020,ditch_NA,9.439417408820787e-5,80,0,snake_astoriawesttable,2020,67.69148631266991,0.03313380107283592,0.03794501053647849,4.214960415919721,-3.271617258448648,0.13062383824230042,-0.9300646419204589,88.34899188850926,0.5337636549027426,0.01477290652743177,-4.208214075106562,0,-0.14228195144010805,0.6770092832469276,-0.3446611807506106,low flow,0,0,0,-9.210340371976182,-9.210340371976182,-9.210340371976182,-0.24954335540271758,-0.3336384980437742,-0.25991197094852375,-0.4166342281125043,-0.7119043022658508,-0.6342699898538559
snake_astoriawesttable_2020,dog_NA,0.09748711921204924,80,8,snake_astoriawesttable,2020,31.090483742564395,0.06368420273065567,0.06185985047343163,3.4369017833759394,-2.7828839289051213,-0.4180051604095067,-0.26754454979768644,8.55324049125396,-1.5189388764598322,0.03216418272163939,-3.433797558098338,1,0.49299885735227406,0.9507284500532249,-0.3446611807506106,connected,0,0,0,-9.210340371976182,-9.210340371976182,-9.210340371976182,-0.24954335540271758,-0.3336384980437742,-0.25991197094852375,-0.4166342281125043,-0.7119043022658508,-0.6342699898538559
snake_astoriawesttable_2020,fish_grosventre,2.221839234308894e-5,80,0,snake_astoriawesttable,2020,587.8758585030148,0.0790754035115242,0.05700038366984491,6.376515800613735,-2.8646972801203296,1.6547917050750964,-0.37844958881885943,121.10123046507272,1.3762972717516126,0.0136083152323544,-4.289752679001736,0,-0.1848229640482416,0.6481892900900684,1.1488706025020352,low flow,4.584436144917083e-6,1.11554612859649e-4,1.161390490045661e-4,-9.16551581143003,-8.461027375979677,-8.439588612003783,-0.24945551763465085,-0.2786119700487823,-0.2577087099614373,-0.39590020490959804,-0.08296201154970495,-0.26899387045662126
snake_astoriawesttable_2020,fish_NA,0,80,0,snake_astoriawesttable,2020,233.3741440851509,0.18696600198745728,0.19327329665870344,5.452642934303585,-1.643650046859559,1.0033453688675344,1.2767850280257762,41.9058742195612,-0.6609604191749503,0.02999475382091136,-3.5034044140819387,1,0.4137524276318896,0.926125758600513,0.9355089191802287,connected,0.03691386252184423,0.00802943870913108,0.04494330123097531,-3.296462773753929,-4.812263397273023,-3.1001310022999364,0.45772602127630674,3.62704159026381,0.5927024002022878,2.3188856263306405,2.979659332683629,2.261491892467229
snake_astoriawesttable_2020,spreadnf_flagstaff,0,80,0,snake_astoriawesttable,2020,62.105753464464634,0.05579309910535812,0.07693418338645021,4.12883863302891,-2.564804983860054,0.06989717121077008,0.02808022966280149,134.87226240767083,1.7305496176856388,0.04830470339139393,-3.02815829247284,1,1.0825911857650083,1.0941025121663015,0.0820621858930025,connected,0,7.227731359680823e-5,7.227731359680823e-5,-9.210340371976182,-8.666405091138806,-8.666405091138806,-0.24954335540271758,-0.29798627786134746,-0.2585408060675972,-0.4166342281125043,-0.25534755847652363,-0.37648716157379225
snake_astoriawesttable_2020,flat_NA,4.036646553146387e-5,80,0,snake_astoriawesttable,2020,173.36864105262885,0.4952880144119262,0.23744731527971188,5.155420200544216,-1.437809510516657,0.79376603386828,1.555819591164476,54.82509502003766,-0.3286204540012878,0,-9.210340371976182,1,-0.6819171054196009,-1.0910029067932832,-0.5580228640724171,connected,0,1.0364036792330612e-4,1.0364036792330612e-4,-9.210340371976182,-8.4991550221978,-8.4991550221978,-0.24954335540271758,-0.28251582852119533,-0.25794582105070835,-0.4166342281125043,-0.11496477845774382,-0.29722369527450193
snake_astoriawesttable_2020,fordspring_NA,0,80,0,snake_astoriawesttable,2020,0.371298460979693,0.36350199580192566,0.3083825652441645,-0.9907490627586949,-1.1764141718217336,-3.540054770157885,1.910163470339593,41.01511962685911,-0.6838745991312194,0,-9.210340371976182,1,-0.6819171054196009,-1.0910029067932832,-0.5580228640724171,connected,0,0,0,-9.210340371976182,-9.210340371976182,-9.210340371976182,-0.24954335540271758,-0.3336384980437742,-0.25991197094852375,-0.4166342281125043,-0.7119043022658508,-0.6342699898538559
snake_astoriawesttable_2020,goosewing_NA,0,80,0,snake_astoriawesttable,2020,40.396075600271566,0.12725499272346497,0.04498435530865712,3.698732641641705,-3.1014405094671185,-0.23338154005733883,-0.6993754120336815,116.5884986843359,1.2602096882966691,0,-9.210340371976182,0,-0.6819171054196009,-1.0910029067932832,-0.5580228640724171,low flow,0,0,0,-9.210340371976182,-9.210340371976182,-9.210340371976182,-0.24954335540271758,-0.3336384980437742,-0.25991197094852375,-0.4166342281125043,-0.7119043022658508,-0.6342699898538559
snake_astoriawesttable_2020,granite_lower,0.03516442618721207,80,3,snake_astoriawesttable,2020,220.38266084017036,0.4365609884262085,0.07926979243391333,5.395365402859918,-2.5348981506061192,0.9629575196659279,0.06862151613696778,38.81696690633781,-0.7404208885604935,0.01361268617305474,-4.289433876586555,1,-0.18466329924203148,0.6483019714825007,0.0820621858930025,connected,0,1.7526340459353155e-4,1.7526340459353155e-4,-9.210340371976182,-8.197782083843256,-8.197782083843256,-0.24954335540271758,-0.24718634342514625,-0.25658706838461787,-0.4166342281125043,0.13799518249487042,-0.1543964671959935
snake_astoriawesttable_2020,granite_upper,2.1983255773471935e-4,80,0,snake_astoriawesttable,2020,131.17478860877102,0.06855929642915726,0.05121030340437559,4.876530698050768,-2.9718145288156883,0.5971139281172764,-0.5236562387108771,53.80921823301315,-0.35475333470938797,0.02287024840533575,-3.7735554480019577,1,0.15350346647974358,0.8306403004621478,0.0820621858930025,connected,0,0,0,-9.210340371976182,-9.210340371976182,-9.210340371976182,-0.24954335540271758,-0.3336384980437742,-0.25991197094852375,-0.4166342281125043,-0.7119043022658508,-0.6342699898538559
snake_astoriawesttable_2020,grosventre_lower,0,80,0,snake_astoriawesttable,2020,1589.6465467527958,0.11285000294446944,0.12772197756082734,7.371266972862744,-2.0578994276911646,2.3562161436863795,0.7152343390095599,64.93772304972816,-0.06847856935468445,0.01761397843891535,-4.033401208773123,0,-0.03850127188504782,0.7387972630599943,5.416104268938166,low flow,4.402174527288961e-4,8.985182924761807e-5,5.300692819765142e-4,-7.523538809225212,-8.569266636107082,-7.369680773233814,-0.2411087917422351,-0.2893172990296571,-0.2498560855297801,0.36361174228060683,-0.17381356300240194,0.2380588587808339
snake_astoriawesttable_2020,hoback_upper,0,80,0,snake_astoriawesttable,2020,114.07783296671197,0.13229399919509888,0.0672652044873204,4.736880960751974,-2.699112197023675,0.4986433343450082,-0.1539847572310184,84.44156963790911,0.4332473316090533,0.03506377966670531,-3.3477387128897176,1,0.598917380631602,0.981146132126715,0.29542386921480907,connected,0,4.72481868508296e-5,4.72481868508296e-5,-9.210340371976182,-8.823391048915319,-8.823391048915319,-0.24954335540271758,-0.310332391646087,-0.25901563084852075,-0.4166342281125043,-0.3871150687449412,-0.4508862410627788
snake_astoriawesttable_2020,horse_NA,0.016452511269346524,80,1,snake_astoriawesttable,2020,63.20355466451241,0.3199459910392761,0.05410708739882333,4.14636054426279,-2.916790096186639,0.08225231799871911,-0.44906588448140466,22.93832729120873,-1.1488903015534595,0.03164378982505175,-3.450058168836203,0,0.4739895784159695,0.94498110256621,-0.13129949742880404,culvert_diversion,0,0,0,-9.210340371976182,-9.210340371976182,-9.210340371976182,-0.24954335540271758,-0.3336384980437742,-0.25991197094852375,-0.4166342281125043,-0.7119043022658508,-0.6342699898538559
snake_astoriawesttable_2020,lava_NA,0,80,0,snake_astoriawesttable,2020,65.33372895413697,0.15424099564552307,0.03712820915992983,4.179508425964538,-3.2933782435768575,0.10562573535417148,-0.9595635301695766,120.42844673021558,1.358990274180708,0,-9.210340371976182,0,-0.6819171054196009,-1.0910029067932832,-0.5580228640724171,culvert_diversion,0,1.3745704467353953e-5,1.3745704467353953e-5,-9.210340371976182,-9.081545263770613,-9.081545263770613,-0.24954335540271758,-0.3268581563591559,-0.259651202717231,-0.4166342281125043,-0.6037990234028876,-0.5732311706569175
snake_astoriawesttable_2020,leidy_NA,0,80,0,snake_astoriawesttable,2020,10.736033129626785,0.0376180000603199,0.04548522459554739,2.3736056660690865,-3.090367739926582,-1.1677623891175724,-0.6843653199188215,138.2531738283805,1.817521734748028,0,-9.210340371976182,1,-0.6819171054196009,-1.0910029067932832,-0.5580228640724171,connected,0,0,0,-9.210340371976182,-9.210340371976182,-9.210340371976182,-0.24954335540271758,-0.3336384980437742,-0.25991197094852375,-0.4166342281125043,-0.7119043022658508,-0.6342699898538559
snake_astoriawesttable_2020,littlegreys_steer,0.056904963486055185,80,5,snake_astoriawesttable,2020,179.34572943407238,0.18192599713802335,0.05653151460733583,5.1893153923430955,-2.872957015670742,0.8176663986453313,-0.38964637125004736,53.9368646631569,-0.3514696993567858,0.01672746827853964,-4.084742711177624,1,-0.0708843405797834,0.7206504997199836,0.0820621858930025,connected,0,2.003345587130508e-4,2.003345587130508e-4,-9.210340371976182,-8.110613508966717,-8.110613508966717,-0.24954335540271758,-0.23481949880384692,-0.25611144630706323,-0.4166342281125043,0.21116087354017601,-0.11308537273228468
snake_astoriawesttable_2020,lowerbarbc_NA,0.039048256462357656,80,3,snake_astoriawesttable,2020,6.396831141622167,0.3782680034637451,0.2384034549706952,1.8558027336247136,-1.4337908515692135,-1.532878451639943,1.5612672292426015,56.754300600760345,-0.2789926842300205,0,-9.210340371976182,1,-0.6819171054196009,-1.0910029067932832,-0.5580228640724171,connected,0.3226711560044893,0,0.3226711560044893,-1.1308117022030537,-9.210340371976182,-1.1308117022030537,5.932833989816739,-0.3336384980437742,5.861446657145803,3.3206279528550064,-0.7119043022658508,3.1947953880300908
snake_astoriawesttable_2020,mosquito_NA,0.030360433097715193,80,2,snake_astoriawesttable,2020,61.64128666828233,0.5507169961929321,0.08812801689048827,4.121331884151681,-2.428964784217375,0.06460397099759342,0.21222331166889216,41.96529247221024,-0.6594319167736806,0.06489157212966175,-2.7334976770366906,1,1.6884880313851962,1.1982509340767773,0.29542386921480907,connected,0,1.4571312000932565e-5,1.4571312000932565e-5,-9.210340371976182,-9.07431311660181,-9.07431311660181,-0.24954335540271758,-0.3264509090486704,-0.2596355402084971,-0.4166342281125043,-0.59772865864017,-0.5698036979089801
snake_astoriawesttable_2020,northbuffalofork_NA,0,80,0,snake_astoriawesttable,2020,211.7277106985484,0.4812009930610657,0.10908345246553668,5.3553010656471765,-2.215642070739795,0.9347071330147165,0.5014006098839496,159.40420294608515,2.361620515078947,0.03778437868905201,-3.2732164236527206,1,0.6982973414818484,1.0074861939286666,1.1488706025020352,connected,0,4.2428973897695254e-6,4.2428973897695254e-6,-9.210340371976182,-9.168786830160125,-9.168786830160125,-0.24954335540271758,-0.33154560465269795,-0.25983147941383994,-0.4166342281125043,-0.67702598050072,-0.6145768573953277
snake_astoriawesttable_2020,deadman_greys,0,80,0,snake_astoriawesttable,2020,42.60696343033698,0.05682190135121345,0.0415623772348318,3.7520177007230955,-3.1805599143188346,-0.19580888501031607,-0.8066285748986248,74.86680669798704,0.18694173538591113,0.14082205153648392,-1.9595483674509768,1,4.462130162698441,1.471804965424821,0.7221472358584221,connected,0,0,0,-9.210340371976182,-9.210340371976182,-9.210340371976182,-0.24954335540271758,-0.3336384980437742,-0.25991197094852375,-0.4166342281125043,-0.7119043022658508,-0.6342699898538559
snake_astoriawesttable_2020,pacific_NA,0,80,0,snake_astoriawesttable,2020,415.0574929301797,0.1369519978761673,0.04158214126053129,6.028417047816465,-3.1800845005109393,1.409338390644628,-0.8059841105644706,113.1656889377754,1.1721597594707729,0.01927443820739732,-3.9438006999103465,1,0.02215317422396,0.7704667536928741,1.1488706025020352,connected,0,1.0388508578094532e-4,1.0388508578094532e-4,-9.210340371976182,-8.49795402783129,-8.49795402783129,-0.24954335540271758,-0.2823951165784162,-0.2579411785354372,-0.4166342281125043,-0.11395671353421293,-0.2966545177722249
snake_astoriawesttable_2020,rock_NA,0,80,0,snake_astoriawesttable,2020,11.98579900144692,0.02564449980854988,0.01921974716928189,2.48372253245161,-3.9518170300904103,-1.090116176337176,-1.8521339752947334,114.7585075722424,1.2131341570510974,0,-9.210340371976182,1,-0.6819171054196009,-1.0910029067932832,-0.5580228640724171,connected,0,0,0,-9.210340371976182,-9.210340371976182,-9.210340371976182,-0.24954335540271758,-0.3336384980437742,-0.25991197094852375,-0.4166342281125043,-0.7119043022658508,-0.6342699898538559
snake_astoriawesttable_2020,shoal_NA,0.030558136606982575,80,2,snake_astoriawesttable,2020,82.64969488421343,0.1540520042181015,0.06550537569878219,4.414611132599159,-2.725623067971499,0.2714026538616901,-0.18992252451816394,41.976529236122424,-0.6591428571016683,0.01209925821747958,-4.40638013093737,1,-0.23994686353773353,0.6069670688829447,-0.3446611807506106,connected,0,0,0,-9.210340371976182,-9.210340371976182,-9.210340371976182,-0.24954335540271758,-0.3336384980437742,-0.25991197094852375,-0.4166342281125043,-0.7119043022658508,-0.6342699898538559
snake_astoriawesttable_2020,slate_NA,0,80,0,snake_astoriawesttable,2020,97.25682381756316,0.03599809855222702,0.03336693660136213,4.577355147826764,-3.4001897914108823,0.3861576123909513,-1.1043557762332283,102.2780679837304,0.892081601153523,0.01028205488054828,-4.567676455466213,0,-0.3063269493195021,0.5499565395498207,-0.3446611807506106,waterfall,0,7.388457382454261e-5,7.388457382454261e-5,-9.210340371976182,-8.657118847700668,-8.657118847700668,-0.24954335540271758,-0.29719346483775755,-0.2585103149125016,-0.4166342281125043,-0.24755307039032232,-0.3720862076700571
snake_astoriawesttable_2020,snakeriversidechannel_NA,0,80,0,snake_astoriawesttable,2020,18.81037955717093,0.5644689798355103,0.3722616615355763,2.934408821587343,-0.9881582807479885,-0.7723257718965152,2.1653605333541472,76.35074801817835,0.22511532296434694,0,-9.210340371976182,1,-0.6819171054196009,-1.0910029067932832,-0.5580228640724171,connected,0,1.4316392269148176e-4,1.4316392269148176e-4,-9.210340371976182,-8.321774763072561,-8.321774763072561,-0.24954335540271758,-0.2630200502905912,-0.25719602408717135,-0.4166342281125043,0.03392086358785493,-0.21315931024700205
snake_astoriawesttable_2020,spread_southfork,8.562016892107229e-5,80,0,snake_astoriawesttable,2020,98.90320211647273,0.01897189952433109,0.03276703860723393,4.594141615419727,-3.41833218937435,0.3979941790984226,-1.1289493581387449,133.05160844190058,1.6837142794773885,0.01011089609436867,-4.584299884313153,1,-0.31257915823746063,0.5440809532296494,-0.3446611807506106,connected,0,0,0,-9.210340371976182,-9.210340371976182,-9.210340371976182,-0.24954335540271758,-0.3336384980437742,-0.25991197094852375,-0.4166342281125043,-0.7119043022658508,-0.6342699898538559
snake_astoriawesttable_2020,spread_uppermainstem,0,80,0,snake_astoriawesttable,2020,202.6088598876728,0.07364709675312042,0.04527153653174867,5.3112773217946065,-3.095076776609305,0.9036648676936901,-0.6907488244360215,123.11991733521508,1.4282268992795282,0.02467809158381336,-3.697795420120856,1,0.2195416377886189,0.8574178436232227,0.5087855525366156,connected,0,3.546791040805831e-5,3.546791040805831e-5,-9.210340371976182,-8.90677576924841,-8.90677576924841,-0.24954335540271758,-0.31614324692898294,-0.25923911316326254,-0.4166342281125043,-0.4571047490217056,-0.49040408408578545
snake_astoriawesttable_2020,spring_nps,2.0616955637093044e-4,80,0,snake_astoriawesttable,2020,4.013031939407464,0.25288400053977966,0.09214421894145744,1.3895470502382712,-2.384400332141274,-1.8616472333135063,0.2726342619972348,118.51717753547322,1.3098239082343388,0,-9.210340371976182,0,-0.6819171054196009,-1.0910029067932832,-0.5580228640724171,culvert_diversion,0,6.727965911639381e-4,6.727965911639381e-4,-9.210340371976182,-7.165494686095443,-7.165494686095443,-0.24954335540271758,-0.00176821935618749,-0.24714842161467337,-0.4166342281125043,1.0044544646450324,0.33482711208651617
snake_astoriawesttable_2020,spring_tss,0.0105677329757063,80,1,snake_astoriawesttable,2020,24.857829441667217,0.359358012676239,0.20042810356345644,3.2131727709942544,-1.6072996822611672,-0.5757621968310707,1.326061075814283,41.02633651672055,-0.6835860507084097,0,-9.210340371976182,1,-0.6819171054196009,-1.0910029067932832,-0.5580228640724171,connected,0.18503922773780687,0.00325391373513142,0.1882931414729383,-1.6866471545853954,-5.6976273359084795,-1.6692243215739715,3.295807098937877,1.271419066583958,3.3121762827357326,3.0635210224964284,2.2365215162330907,2.9396298698282872
snake_astoriawesttable_2020,threechannel_NA,0,80,0,snake_astoriawesttable,2020,32.364754827547884,0.2897590100765228,0.117843813057241,3.477070016734667,-2.138395149431708,-0.38968151393422557,0.6061154601460216,56.74782256863244,-0.2791593281015846,0,-9.210340371976182,1,-0.6819171054196009,-1.0910029067932832,-0.5580228640724171,connected,0.02484110022481889,0.01035277137861167,0.03519387160343057,-3.691238224834839,-4.560888132036704,-3.3440459390826396,0.2264119706386022,4.7730715651936615,0.4077470546159004,2.136278518465708,3.1906533178297867,2.1458952682386987
snake_astoriawesttable_2020,upperbarbc_NA,0.015133300402646713,80,1,snake_astoriawesttable,2020,5.737050517642647,0.4632450044155121,0.3517652148147659,1.7469452311662268,-1.044791329296893,-1.609636654777257,2.0885895617961863,75.79743225050653,0.21088157421137965,0,-9.210340371976182,1,-0.6819171054196009,-1.0910029067932832,-0.5580228640724171,connected,0,6.263701847792045e-4,6.263701847792045e-4,-9.210340371976182,-7.22745077670238,-7.22745077670238,-0.24954335540271758,-0.024668966220421217,-0.2480291718088142,-0.4166342281125043,0.9524510885414027,0.30546476544622353
snake_astoriawesttable_2020,white_NA,1.7422970878221828e-4,80,0,snake_astoriawesttable,2020,32.672161808639686,0.1206509992480278,0.06405398730038497,3.4865233944871217,-2.7480289996436165,-0.3830156960211845,-0.22029569331631507,63.52208059039906,-0.10489520569040232,0.06121419242821969,-2.7917439387230294,1,1.5541581107467735,1.1776636688671474,-0.13129949742880404,connected,0,0,0,-9.210340371976182,-9.210340371976182,-9.210340371976182,-0.24954335540271758,-0.3336384980437742,-0.25991197094852375,-0.4166342281125043,-0.7119043022658508,-0.6342699898538559
snake_astoriawesttable_2020,willow_NA,0.13101610229478697,80,10,snake_astoriawesttable,2020,185.7033360595004,0.3712950050830841,0.07220654056398042,5.224150432976511,-2.6282246476575253,0.8422294748215096,-0.057890582969804004,24.283407522085284,-1.114288840367131,0.01076986575706528,-4.521760927781279,1,-0.2885078494034962,0.5661854805723404,-0.13129949742880404,connected,0,1.934516612661411e-5,1.934516612661411e-5,-9.210340371976182,-9.03349070766187,-9.03349070766187,-0.24954335540271758,-0.32409611070410244,-0.2595449759526047,-0.4166342281125043,-0.5634640195261876,-0.5504570653141193
snake_moosewilson_2020,bailey_NA,0,129,0,snake_moosewilson,2020,41.571436204356225,0.00952018983662128,0.02815868421076803,3.7274133017261057,-3.5698994742538495,-0.21315807467230266,-1.3344118577700934,63.97750679454014,-0.0931796129963105,0,-9.210340371976182,1,-0.6819171054196009,-1.0910029067932832,-0.5580228640724171,connected,0,0,0,-9.210340371976182,-9.210340371976182,-9.210340371976182,-0.24954335540271758,-0.3336384980437742,-0.25991197094852375,-0.4166342281125043,-0.7119043022658508,-0.6342699898538559
snake_moosewilson_2020,blackrock_lower,0,129,0,snake_moosewilson,2020,124.92159198396442,0.13935300707817078,0.04385356876906868,4.8276862763615664,-3.1268991776359423,0.5626724798250547,-0.7338868278937084,72.66865004861268,0.13039534488901752,0.02401506378805271,-3.7249185803038998,1,0.19532209060651237,0.8478311049065204,0.0820621858930025,connected,0,8.272310060567697e-4,8.272310060567697e-4,-9.210340371976182,-6.983307825970708,-6.983307825970708,-0.24954335540271758,0.0744096224797411,-0.24421866349874877,-0.4166342281125043,1.157374568470067,0.42116945047302
snake_moosewilson_2020,blackrock_upper,1.3352744042716077e-5,129,0,snake_moosewilson,2020,80.686204569364,0.1924089938402176,0.06852655983759876,4.390567613566922,-2.6805338740082356,0.25444895497707576,-0.12880024139868984,90.89437103141452,0.5992421561816823,0.02478738479117143,-3.6933942387870102,1,0.22353397718859186,0.8589734505365639,-0.13129949742880404,connected,0,4.900268401064695e-4,4.900268401064695e-4,-9.210340371976182,-7.435342530393345,-7.435342530393345,-0.24954335540271758,-0.09192302842584753,-0.2506157262428401,-0.4166342281125043,0.7779553618077346,0.20694031569908214
snake_moosewilson_2020,blacktail_NA,0.0615249077252612,129,8,snake_moosewilson,2020,61.14455063095294,0.17830100655555725,0.2664974502977697,4.1132407433781335,-1.3223906027849708,0.05889870114404863,1.7122798543810784,13.304485202094634,-1.3967156769249112,0,-9.210340371976182,1,-0.6819171054196009,-1.0910029067932832,-0.5580228640724171,connected,0,1.46864444118079e-4,1.46864444118079e-4,-9.210340371976182,-8.306671181225756,-8.306671181225756,-0.24954335540271758,-0.2611946946136107,-0.2571258219065871,-0.4166342281125043,0.04659818456787542,-0.20600139241597806
snake_moosewilson_2020,blindbull_NA,0,129,0,snake_moosewilson,2020,36.35174492325697,0.04732979834079742,0.07027445956149014,3.5932422062182408,-2.6553468525572104,-0.3077655382972935,-0.09465706604452084,136.4630033120178,1.7714705667827775,0.08252698753067757,-2.493418926265378,1,2.332686929398121,1.2831072797070224,0.0820621858930025,connected,0,4.9432759089448577e-5,4.9432759089448577e-5,-9.210340371976182,-8.80866403828822,-8.80866403828822,-0.24954335540271758,-0.30925480800912264,-0.25897418757144836,-0.4166342281125043,-0.37475382604836954,-0.44390678857034355
snake_moosewilson_2020,cody_bluecrane,0,129,0,snake_moosewilson,2020,18.511707107521175,0.5193600058555603,0.29697441361563093,2.918403348563038,-1.214109293332834,-0.7836116394018523,1.8590644888164,36.43173003408652,-0.8017798165715152,0,-9.210340371976182,1,-0.6819171054196009,-1.0910029067932832,-0.5580228640724171,connected,0.08362064779293935,0.00689554703054436,0.0905161948234837,-2.4802696438215244,-4.9624814708424285,-2.401122331096148,1.3526277370157538,3.067727003483424,1.457260698049786,2.696423455767853,2.8535725040786315,2.5927673927028443
snake_moosewilson_2020,boulder_NA,0,129,0,snake_moosewilson,2020,53.69998009443431,0.1402049958705902,0.04973721661138328,3.983412630833825,-3.0010018009305037,-0.032646414356009776,-0.5632220981303292,72.03006627626036,0.1139681228497279,0,-9.210340371976182,1,-0.6819171054196009,-1.0910029067932832,-0.5580228640724171,connected,0,1.338956952533976e-4,1.338956952533976e-4,-9.210340371976182,-8.360635288761552,-8.360635288761552,-0.24954335540271758,-0.26759178751877144,-0.2573718505995184,-0.4166342281125043,0.0013029480093809025,-0.23157616345265597
snake_moosewilson_2020,box_NA,1.655326726169739e-4,129,0,snake_moosewilson,2020,29.14147010476363,0.05944409966468811,0.02514578939696184,3.372162249211866,-3.6830648160565183,-0.4636546581671469,-1.487817218411723,84.30243260138776,0.42966810662435717,0,-9.210340371976182,0,-0.6819171054196009,-1.0910029067932832,-0.5580228640724171,low flow,0,0,0,-9.210340371976182,-9.210340371976182,-9.210340371976182,-0.24954335540271758,-0.3336384980437742,-0.25991197094852375,-0.4166342281125043,-0.7119043022658508,-0.6342699898538559
snake_moosewilson_2020,cabin_NA,0,129,0,snake_moosewilson,2020,23.51004271715979,0.0558410994708538,0.04978562821142316,3.1574276795286256,-3.0000289267337403,-0.6150694834947404,-0.5619032834240238,62.09017629422853,-0.14173016898043148,0,-9.210340371976182,1,-0.6819171054196009,-1.0910029067932832,-0.5580228640724171,connected,0,0,0,-9.210340371976182,-9.210340371976182,-9.210340371976182,-0.24954335540271758,-0.3336384980437742,-0.25991197094852375,-0.4166342281125043,-0.7119043022658508,-0.6342699898538559
snake_moosewilson_2020,clear_NA,1.3235510228220591e-4,129,0,snake_moosewilson,2020,16.604101618688585,0.07531759887933731,0.02877694341500888,2.8096497503050797,-3.548180788339982,-0.860296577035633,-1.304970309746593,86.35329096663968,0.48242532845764285,0,-9.210340371976182,1,-0.6819171054196009,-1.0910029067932832,-0.5580228640724171,connected,0,5.4124269322364146e-5,5.4124269322364146e-5,-9.210340371976182,-8.777751337302915,-8.777751337302915,-0.24954335540271758,-0.30694062742481,-0.25888518545239114,-0.4166342281125043,-0.34880698531052073,-0.42925658335199407
snake_moosewilson_2020,cliff_NA,0.006688392368540882,129,1,snake_moosewilson,2020,158.3813173763604,0.2303059995174408,0.0598667292930114,5.065005526567855,-2.8156343656856224,0.7300123397733954,-0.31194058559320764,74.80797534409459,0.1854283306376141,0.05682488407779412,-2.866022703436794,1,1.3938223580533489,1.151409681326439,1.3622322858238418,connected,0,1.701915221929745e-4,1.701915221929745e-4,-9.210340371976182,-8.21637950897418,-8.21637950897418,-0.24954335540271758,-0.24968815013440973,-0.25668328650178013,-0.4166342281125043,0.12238527418451206,-0.16321019378787024
snake_moosewilson_2020,fall_coburn,0,129,0,snake_moosewilson,2020,116.5315084203892,0.2628070116043091,0.10592850612511062,4.75816169498255,-2.2449908829454603,0.5136489231569016,0.46161576896804113,48.49478152829376,-0.4914643435729364,0.00858137008226551,-4.746575919186889,0,-0.36845076370144103,0.4867241431891463,-0.3446611807506106,waterfall,0,1.2334543660430012e-4,1.2334543660430012e-4,-9.210340371976182,-8.406790941965202,-8.406790941965202,-0.24954335540271758,-0.27279591209979054,-0.25757199838344175,-0.4166342281125043,-0.03743819542534349,-0.2534503371698559
snake_moosewilson_2020,cottonwood_grosventre,0,129,0,snake_moosewilson,2020,89.17802924901731,0.14260199666023254,0.07427305852988855,4.490634700379434,-2.6000069969197113,0.3250088117020927,-0.019639128779508592,70.25009471085448,0.06817931737971993,0.02242704864463058,-3.7930385298063016,0,0.13731395288147488,0.8237539637154752,-0.13129949742880404,low flow,2.0141392575882696e-5,0,2.0141392575882696e-5,-9.026841237333569,-9.210340371976182,-9.026841237333569,-0.24915744644604412,-0.3336384980437742,-0.25952987082915485,-0.33175497287751304,-0.7119043022658508,-0.5473057358670669
snake_moosewilson_2020,cottonwood_nps,0.06642968602041181,129,9,snake_moosewilson,2020,187.15270214946145,0.4438450038433075,0.15160907633961737,5.2319248726617085,-1.8864499372519228,0.8477114306551253,0.9476488794836052,14.555535304760827,-1.3645330899119812,0.07480522503393781,-2.591531630759407,1,2.05062094013706,1.2484291354043062,2.4290407024328746,connected,4.801044707328315e-6,4.0328775541557846e-4,4.080888001229067e-4,-9.16344681754564,-7.5943484730779875,-7.584854322270576,-0.24945136741594023,-0.1347088043758597,-0.2521701636900334,-0.39494317227653003,0.6444923598794643,0.13608340692861376
snake_moosewilson_2020,cowboycabin_NA,2.920787408989516e-4,129,0,snake_moosewilson,2020,6.639295264034606,NA,0.15103490929646746,1.8930058229210844,-1.890244281493076,-1.5066456039165121,0.942505319296003,22.953556461685157,-1.1484985393826659,0,-9.210340371976182,1,-0.6819171054196009,-1.0910029067932832,-0.5580228640724171,connected,0,0,0,-9.210340371976182,-9.210340371976182,-9.210340371976182,-0.24954335540271758,-0.3336384980437742,-0.25991197094852375,-0.4166342281125043,-0.7119043022658508,-0.6342699898538559
snake_moosewilson_2020,crystal_lower,8.691006059156803e-6,129,0,snake_moosewilson,2020,185.11488744216464,0.08405669778585434,0.05345949334579199,5.220976645530312,-2.9288310455741864,0.8399915562949208,-0.4653884277074507,48.299991511278265,-0.4964752113699105,0,-9.210340371976182,0,-0.6819171054196009,-1.0910029067932832,-0.5580228640724171,low flow,0.00159203207362177,1.4561268966052827e-4,0.0017376447632823,-6.381825061936533,-8.311754695027139,-6.299270547241813,-0.21904003075883446,-0.26181214735658187,-0.22694730532426494,0.8917222031291218,0.0423312936528489,0.745349680312629
snake_moosewilson_2020,crystal_upper,0,129,0,snake_moosewilson,2020,155.6115004101287,0.01565520092844963,0.0350789321250407,5.047362519103877,-3.350154553074885,0.7175718049431052,-1.0365287042741476,57.02037526337692,-0.27214805749337356,0,-9.210340371976182,0,-0.6819171054196009,-1.0910029067932832,-0.5580228640724171,waterfall,0,0,0,-9.210340371976182,-9.210340371976182,-9.210340371976182,-0.24954335540271758,-0.3336384980437742,-0.25991197094852375,-0.4166342281125043,-0.7119043022658508,-0.6342699898538559
snake_moosewilson_2020,deadmansbar_NA,1.1536365961835896e-4,129,0,snake_moosewilson,2020,11.761208318342591,0.4607529938220978,0.12284876516395296,2.464806685350634,-2.096801231640941,-1.1034542228796713,0.6624995955849202,31.19975436964523,-0.9363695597892904,0,-9.210340371976182,1,-0.6819171054196009,-1.0910029067932832,-0.5580228640724171,connected,0.00183668783959592,0.00107140123976429,0.00290808907936022,-6.246776064180481,-6.749554605947969,-5.806450259184024,-0.2143524278021114,0.19485143888006076,-0.20474293632628776,0.954190390633608,1.353577338806193,0.9789079953639275
snake_moosewilson_2020,dell_NA,0,129,0,snake_moosewilson,2020,118.1568591435451,0.21458500623703003,0.05066461454892191,4.772013056484806,-2.9825275499481214,0.5234158716529316,-0.5381786608960017,82.81003673143721,0.3912770303276819,0.00846332584708545,-4.760266630750077,1,-0.37276276682076614,0.48188513203719124,-0.3446611807506106,connected,0.02027330174976997,5.170984692364432e-4,0.02079040021900641,-3.8935299730335315,-7.390481953216503,-3.868465545195727,0.13889298022324095,-0.07856940978109699,0.13450040026564955,2.0427065626048213,0.815609472070334,1.8973613451196976
snake_moosewilson_2020,ditch_NA,0.0025725354844937575,129,0,snake_moosewilson,2020,67.69148631266991,0.03313380107283592,0.03794501053647849,4.214960415919721,-3.271617258448648,0.13062383824230042,-0.9300646419204589,27.12444196313233,-1.0412047665072022,0.01477290652743177,-4.208214075106562,0,-0.14228195144010805,0.6770092832469276,-0.3446611807506106,low flow,0,0,0,-9.210340371976182,-9.210340371976182,-9.210340371976182,-0.24954335540271758,-0.3336384980437742,-0.25991197094852375,-0.4166342281125043,-0.7119043022658508,-0.6342699898538559
snake_moosewilson_2020,dog_NA,8.610371310567264e-5,129,0,snake_moosewilson,2020,31.090483742564395,0.06368420273065567,0.06185985047343163,3.4369017833759394,-2.7828839289051213,-0.4180051604095067,-0.26754454979768644,56.872524807389226,-0.2759514304794633,0.03216418272163939,-3.433797558098338,1,0.49299885735227406,0.9507284500532249,-0.3446611807506106,connected,0,0,0,-9.210340371976182,-9.210340371976182,-9.210340371976182,-0.24954335540271758,-0.3336384980437742,-0.25991197094852375,-0.4166342281125043,-0.7119043022658508,-0.6342699898538559
snake_moosewilson_2020,fish_grosventre,1.2458833776693884e-4,129,0,snake_moosewilson,2020,587.8758585030148,0.0790754035115242,0.05700038366984491,6.376515800613735,-2.8646972801203296,1.6547917050750964,-0.37844958881885943,71.45256407235442,0.09911219111066094,0.0136083152323544,-4.289752679001736,0,-0.1848229640482416,0.6481892900900684,1.1488706025020352,low flow,4.584436144917083e-6,1.11554612859649e-4,1.161390490045661e-4,-9.16551581143003,-8.461027375979677,-8.439588612003783,-0.24945551763465085,-0.2786119700487823,-0.2577087099614373,-0.39590020490959804,-0.08296201154970495,-0.26899387045662126
snake_moosewilson_2020,fish_NA,0.23056602496934575,129,30,snake_moosewilson,2020,233.3741440851509,0.18696600198745728,0.19327329665870344,5.452642934303585,-1.643650046859559,1.0033453688675344,1.2767850280257762,25.022459564099044,-1.0952771264489571,0.02999475382091136,-3.5034044140819387,1,0.4137524276318896,0.926125758600513,0.9355089191802287,connected,0.03691386252184423,0.00802943870913108,0.04494330123097531,-3.296462773753929,-4.812263397273023,-3.1001310022999364,0.45772602127630674,3.62704159026381,0.5927024002022878,2.3188856263306405,2.979659332683629,2.261491892467229
snake_moosewilson_2020,spreadnf_flagstaff,0.002023928523893874,129,0,snake_moosewilson,2020,62.105753464464634,0.05579309910535812,0.07693418338645021,4.12883863302891,-2.564804983860054,0.06989717121077008,0.02808022966280149,73.64771248229395,0.1555811962756954,0.04830470339139393,-3.02815829247284,1,1.0825911857650083,1.0941025121663015,0.0820621858930025,connected,0,7.227731359680823e-5,7.227731359680823e-5,-9.210340371976182,-8.666405091138806,-8.666405091138806,-0.24954335540271758,-0.29798627786134746,-0.2585408060675972,-0.4166342281125043,-0.25534755847652363,-0.37648716157379225
snake_moosewilson_2020,flat_NA,1.3536531082522903e-4,129,0,snake_moosewilson,2020,173.36864105262885,0.4952880144119262,0.23744731527971188,5.155420200544216,-1.437809510516657,0.79376603386828,1.555819591164476,66.05253872137573,-0.03980053937034204,0,-9.210340371976182,1,-0.6819171054196009,-1.0910029067932832,-0.5580228640724171,connected,0,1.0364036792330612e-4,1.0364036792330612e-4,-9.210340371976182,-8.4991550221978,-8.4991550221978,-0.24954335540271758,-0.28251582852119533,-0.25794582105070835,-0.4166342281125043,-0.11496477845774382,-0.29722369527450193
snake_moosewilson_2020,fordspring_NA,0,129,0,snake_moosewilson,2020,0.371298460979693,0.36350199580192566,0.3083825652441645,-0.9907490627586949,-1.1764141718217336,-3.540054770157885,1.910163470339593,26.98687036263459,-1.0447437214971669,0,-9.210340371976182,1,-0.6819171054196009,-1.0910029067932832,-0.5580228640724171,connected,0,0,0,-9.210340371976182,-9.210340371976182,-9.210340371976182,-0.24954335540271758,-0.3336384980437742,-0.25991197094852375,-0.4166342281125043,-0.7119043022658508,-0.6342699898538559
snake_moosewilson_2020,goosewing_NA,1.5366909202694247e-5,129,0,snake_moosewilson,2020,40.396075600271566,0.12725499272346497,0.04498435530865712,3.698732641641705,-3.1014405094671185,-0.23338154005733883,-0.6993754120336815,66.93983229161762,-0.016975392344282185,0,-9.210340371976182,0,-0.6819171054196009,-1.0910029067932832,-0.5580228640724171,low flow,0,0,0,-9.210340371976182,-9.210340371976182,-9.210340371976182,-0.24954335540271758,-0.3336384980437742,-0.25991197094852375,-0.4166342281125043,-0.7119043022658508,-0.6342699898538559
snake_moosewilson_2020,granite_lower,0.0014790500438889348,129,0,snake_moosewilson,2020,220.38266084017036,0.4365609884262085,0.07926979243391333,5.395365402859918,-2.5348981506061192,0.9629575196659279,0.06862151613696778,68.57862629909398,0.025181696831824727,0.01361268617305474,-4.289433876586555,1,-0.18466329924203148,0.6483019714825007,0.0820621858930025,connected,0,1.7526340459353155e-4,1.7526340459353155e-4,-9.210340371976182,-8.197782083843256,-8.197782083843256,-0.24954335540271758,-0.24718634342514625,-0.25658706838461787,-0.4166342281125043,0.13799518249487042,-0.1543964671959935
snake_moosewilson_2020,granite_upper,1.7489180707806193e-5,129,0,snake_moosewilson,2020,131.17478860877102,0.06855929642915726,0.05121030340437559,4.876530698050768,-2.9718145288156883,0.5971139281172764,-0.5236562387108771,83.57087762576934,0.41084925068293077,0.02287024840533575,-3.7735554480019577,1,0.15350346647974358,0.8306403004621478,0.0820621858930025,connected,0,0,0,-9.210340371976182,-9.210340371976182,-9.210340371976182,-0.24954335540271758,-0.3336384980437742,-0.25991197094852375,-0.4166342281125043,-0.7119043022658508,-0.6342699898538559
snake_moosewilson_2020,grosventre_lower,0.10933364820904565,129,14,snake_moosewilson,2020,1589.6465467527958,0.11285000294446944,0.12772197756082734,7.371266972862744,-2.0578994276911646,2.3562161436863795,0.7152343390095599,15.289056657009874,-1.345663649995636,0.01761397843891535,-4.033401208773123,0,-0.03850127188504782,0.7387972630599943,5.416104268938166,low flow,4.402174527288961e-4,8.985182924761807e-5,5.300692819765142e-4,-7.523538809225212,-8.569266636107082,-7.369680773233814,-0.2411087917422351,-0.2893172990296571,-0.2498560855297801,0.36361174228060683,-0.17381356300240194,0.2380588587808339
snake_moosewilson_2020,hoback_upper,0,129,0,snake_moosewilson,2020,114.07783296671197,0.13229399919509888,0.0672652044873204,4.736880960751974,-2.699112197023675,0.4986433343450082,-0.1539847572310184,114.20322903066528,1.1988499170013716,0.03506377966670531,-3.3477387128897176,1,0.598917380631602,0.981146132126715,0.29542386921480907,connected,0,4.72481868508296e-5,4.72481868508296e-5,-9.210340371976182,-8.823391048915319,-8.823391048915319,-0.24954335540271758,-0.310332391646087,-0.25901563084852075,-0.4166342281125043,-0.3871150687449412,-0.4508862410627788
snake_moosewilson_2020,horse_NA,4.931121562484624e-6,129,0,snake_moosewilson,2020,63.20355466451241,0.3199459910392761,0.05410708739882333,4.14636054426279,-2.916790096186639,0.08225231799871911,-0.44906588448140466,47.72100320319913,-0.5113693723347793,0.03164378982505175,-3.450058168836203,0,0.4739895784159695,0.94498110256621,-0.13129949742880404,culvert_diversion,0,0,0,-9.210340371976182,-9.210340371976182,-9.210340371976182,-0.24954335540271758,-0.3336384980437742,-0.25991197094852375,-0.4166342281125043,-0.7119043022658508,-0.6342699898538559
snake_moosewilson_2020,lava_NA,0,129,0,snake_moosewilson,2020,65.33372895413697,0.15424099564552307,0.03712820915992983,4.179508425964538,-3.2933782435768575,0.10562573535417148,-0.9595635301695766,59.203896804838635,-0.21597814722923708,0,-9.210340371976182,0,-0.6819171054196009,-1.0910029067932832,-0.5580228640724171,culvert_diversion,0,1.3745704467353953e-5,1.3745704467353953e-5,-9.210340371976182,-9.081545263770613,-9.081545263770613,-0.24954335540271758,-0.3268581563591559,-0.259651202717231,-0.4166342281125043,-0.6037990234028876,-0.5732311706569175
snake_moosewilson_2020,leidy_NA,3.0037450658563747e-5,129,0,snake_moosewilson,2020,10.736033129626785,0.0376180000603199,0.04548522459554739,2.3736056660690865,-3.090367739926582,-1.1677623891175724,-0.6843653199188215,77.02862390300358,0.24255331333808317,0,-9.210340371976182,1,-0.6819171054196009,-1.0910029067932832,-0.5580228640724171,connected,0,0,0,-9.210340371976182,-9.210340371976182,-9.210340371976182,-0.24954335540271758,-0.3336384980437742,-0.25991197094852375,-0.4166342281125043,-0.7119043022658508,-0.6342699898538559
snake_moosewilson_2020,littlegreys_steer,0.0014239906072060166,129,0,snake_moosewilson,2020,179.34572943407238,0.18192599713802335,0.05653151460733583,5.1893153923430955,-2.872957015670742,0.8176663986453313,-0.38964637125004736,113.17218405047662,1.172326842730844,0.01672746827853964,-4.084742711177624,1,-0.0708843405797834,0.7206504997199836,0.0820621858930025,connected,0,2.003345587130508e-4,2.003345587130508e-4,-9.210340371976182,-8.110613508966717,-8.110613508966717,-0.24954335540271758,-0.23481949880384692,-0.25611144630706323,-0.4166342281125043,0.21116087354017601,-0.11308537273228468
snake_moosewilson_2020,lowerbarbc_NA,0.14709775439965425,129,19,snake_moosewilson,2020,6.396831141622167,0.3782680034637451,0.2384034549706952,1.8558027336247136,-1.4337908515692135,-1.532878451639943,1.5612672292426015,7.105634208042065,-1.5561777648709718,0,-9.210340371976182,1,-0.6819171054196009,-1.0910029067932832,-0.5580228640724171,connected,0.3226711560044893,0,0.3226711560044893,-1.1308117022030537,-9.210340371976182,-1.1308117022030537,5.932833989816739,-0.3336384980437742,5.861446657145803,3.3206279528550064,-0.7119043022658508,3.1947953880300908
snake_moosewilson_2020,mosquito_NA,0.11481656172476046,129,15,snake_moosewilson,2020,61.64128666828233,0.5507169961929321,0.08812801689048827,4.121331884151681,-2.428964784217375,0.06460397099759342,0.21222331166889216,25.081877816748097,-1.0937486240476872,0.06489157212966175,-2.7334976770366906,1,1.6884880313851962,1.1982509340767773,0.29542386921480907,connected,0,1.4571312000932565e-5,1.4571312000932565e-5,-9.210340371976182,-9.07431311660181,-9.07431311660181,-0.24954335540271758,-0.3264509090486704,-0.2596355402084971,-0.4166342281125043,-0.59772865864017,-0.5698036979089801
snake_moosewilson_2020,northbuffalofork_NA,0.01306611482010089,129,2,snake_moosewilson,2020,211.7277106985484,0.4812009930610657,0.10908345246553668,5.3553010656471765,-2.215642070739795,0.9347071330147165,0.5014006098839496,98.17965302070822,0.7866520936690022,0.03778437868905201,-3.2732164236527206,1,0.6982973414818484,1.0074861939286666,1.1488706025020352,connected,0,4.2428973897695254e-6,4.2428973897695254e-6,-9.210340371976182,-9.168786830160125,-9.168786830160125,-0.24954335540271758,-0.33154560465269795,-0.25983147941383994,-0.4166342281125043,-0.67702598050072,-0.6145768573953277
snake_moosewilson_2020,deadman_greys,0.0071874901989385075,129,1,snake_moosewilson,2020,42.60696343033698,0.05682190135121345,0.0415623772348318,3.7520177007230955,-3.1805599143188346,-0.19580888501031607,-0.8066285748986248,134.10212608530676,1.7107382774735411,0.14082205153648392,-1.9595483674509768,1,4.462130162698441,1.471804965424821,0.7221472358584221,connected,0,0,0,-9.210340371976182,-9.210340371976182,-9.210340371976182,-0.24954335540271758,-0.3336384980437742,-0.25991197094852375,-0.4166342281125043,-0.7119043022658508,-0.6342699898538559
snake_moosewilson_2020,pacific_NA,0,129,0,snake_moosewilson,2020,415.0574929301797,0.1369519978761673,0.04158214126053129,6.028417047816465,-3.1800845005109393,1.409338390644628,-0.8059841105644706,51.94113901239845,-0.4028086619391722,0.01927443820739732,-3.9438006999103465,1,0.02215317422396,0.7704667536928741,1.1488706025020352,connected,0,1.0388508578094532e-4,1.0388508578094532e-4,-9.210340371976182,-8.49795402783129,-8.49795402783129,-0.24954335540271758,-0.2823951165784162,-0.2579411785354372,-0.4166342281125043,-0.11395671353421293,-0.2966545177722249
snake_moosewilson_2020,rock_NA,1.4393012640928e-4,129,0,snake_moosewilson,2020,11.98579900144692,0.02564449980854988,0.01921974716928189,2.48372253245161,-3.9518170300904103,-1.090116176337176,-1.8521339752947334,53.53395764686547,-0.3618342643588471,0,-9.210340371976182,1,-0.6819171054196009,-1.0910029067932832,-0.5580228640724171,connected,0,0,0,-9.210340371976182,-9.210340371976182,-9.210340371976182,-0.24954335540271758,-0.3336384980437742,-0.25991197094852375,-0.4166342281125043,-0.7119043022658508,-0.6342699898538559
snake_moosewilson_2020,shoal_NA,0.019731983995694705,129,3,snake_moosewilson,2020,82.64969488421343,0.1540520042181015,0.06550537569878219,4.414611132599159,-2.725623067971499,0.2714026538616901,-0.18992252451816394,71.73818862887862,0.10645972829065045,0.01209925821747958,-4.40638013093737,1,-0.23994686353773353,0.6069670688829447,-0.3446611807506106,connected,0,0,0,-9.210340371976182,-9.210340371976182,-9.210340371976182,-0.24954335540271758,-0.3336384980437742,-0.25991197094852375,-0.4166342281125043,-0.7119043022658508,-0.6342699898538559
snake_moosewilson_2020,slate_NA,0,129,0,snake_moosewilson,2020,97.25682381756316,0.03599809855222702,0.03336693660136213,4.577355147826764,-3.4001897914108823,0.3861576123909513,-1.1043557762332283,52.629401591012126,-0.38510347948742807,0.01028205488054828,-4.567676455466213,0,-0.3063269493195021,0.5499565395498207,-0.3446611807506106,waterfall,0,7.388457382454261e-5,7.388457382454261e-5,-9.210340371976182,-8.657118847700668,-8.657118847700668,-0.24954335540271758,-0.29719346483775755,-0.2585103149125016,-0.4166342281125043,-0.24755307039032232,-0.3720862076700571
snake_moosewilson_2020,snakeriversidechannel_NA,0.07775395245528514,129,10,snake_moosewilson,2020,18.81037955717093,0.5644689798355103,0.3722616615355763,2.934408821587343,-0.9881582807479885,-0.7723257718965152,2.1653605333541472,15.126198092801406,-1.349853098445598,0,-9.210340371976182,1,-0.6819171054196009,-1.0910029067932832,-0.5580228640724171,connected,0,1.4316392269148176e-4,1.4316392269148176e-4,-9.210340371976182,-8.321774763072561,-8.321774763072561,-0.24954335540271758,-0.2630200502905912,-0.25719602408717135,-0.4166342281125043,0.03392086358785493,-0.21315931024700205
snake_moosewilson_2020,spread_southfork,0.00407122500410489,129,1,snake_moosewilson,2020,98.90320211647273,0.01897189952433109,0.03276703860723393,4.594141615419727,-3.41833218937435,0.3979941790984226,-1.1289493581387449,71.82705851652364,0.10874585806744344,0.01011089609436867,-4.584299884313153,1,-0.31257915823746063,0.5440809532296494,-0.3446611807506106,connected,0,0,0,-9.210340371976182,-9.210340371976182,-9.210340371976182,-0.24954335540271758,-0.3336384980437742,-0.25991197094852375,-0.4166342281125043,-0.7119043022658508,-0.6342699898538559
snake_moosewilson_2020,spread_uppermainstem,0,129,0,snake_moosewilson,2020,202.6088598876728,0.07364709675312042,0.04527153653174867,5.3112773217946065,-3.095076776609305,0.9036648676936901,-0.6907488244360215,61.895367409838144,-0.14674152213041652,0.02467809158381336,-3.697795420120856,1,0.2195416377886189,0.8574178436232227,0.5087855525366156,connected,0,3.546791040805831e-5,3.546791040805831e-5,-9.210340371976182,-8.90677576924841,-8.90677576924841,-0.24954335540271758,-0.31614324692898294,-0.25923911316326254,-0.4166342281125043,-0.4571047490217056,-0.49040408408578545
snake_moosewilson_2020,spring_nps,0,129,0,snake_moosewilson,2020,4.013031939407464,0.25288400053977966,0.09214421894145744,1.3895470502382712,-2.384400332141274,-1.8616472333135063,0.2726342619972348,57.292627610096275,-0.2651445131756062,0,-9.210340371976182,0,-0.6819171054196009,-1.0910029067932832,-0.5580228640724171,culvert_diversion,0,6.727965911639381e-4,6.727965911639381e-4,-9.210340371976182,-7.165494686095443,-7.165494686095443,-0.24954335540271758,-0.00176821935618749,-0.24714842161467337,-0.4166342281125043,1.0044544646450324,0.33482711208651617
snake_moosewilson_2020,spring_tss,0.002499145842950704,129,0,snake_moosewilson,2020,24.857829441667217,0.359358012676239,0.20042810356345644,3.2131727709942544,-1.6072996822611672,-0.5757621968310707,1.326061075814283,40.81561767930993,-0.689006678791792,0,-9.210340371976182,1,-0.6819171054196009,-1.0910029067932832,-0.5580228640724171,connected,0.18503922773780687,0.00325391373513142,0.1882931414729383,-1.6866471545853954,-5.6976273359084795,-1.6692243215739715,3.295807098937877,1.271419066583958,3.3121762827357326,3.0635210224964284,2.2365215162330907,2.9396298698282872
snake_moosewilson_2020,threechannel_NA,0.07752105231684014,129,10,snake_moosewilson,2020,32.364754827547884,0.2897590100765228,0.117843813057241,3.477070016734667,-2.138395149431708,-0.38968151393422557,0.6061154601460216,4.586929624299862,-1.6209700775476585,0,-9.210340371976182,1,-0.6819171054196009,-1.0910029067932832,-0.5580228640724171,connected,0.02484110022481889,0.01035277137861167,0.03519387160343057,-3.691238224834839,-4.560888132036704,-3.3440459390826396,0.2264119706386022,4.7730715651936615,0.4077470546159004,2.136278518465708,3.1906533178297867,2.1458952682386987
snake_moosewilson_2020,upperbarbc_NA,0.05274522311669634,129,7,snake_moosewilson,2020,5.737050517642647,0.4632450044155121,0.3517652148147659,1.7469452311662268,-1.044791329296893,-1.609636654777257,2.0885895617961863,14.5728823251296,-1.364086847198565,0,-9.210340371976182,1,-0.6819171054196009,-1.0910029067932832,-0.5580228640724171,connected,0,6.263701847792045e-4,6.263701847792045e-4,-9.210340371976182,-7.22745077670238,-7.22745077670238,-0.24954335540271758,-0.024668966220421217,-0.2480291718088142,-0.4166342281125043,0.9524510885414027,0.30546476544622353
snake_moosewilson_2020,white_NA,1.8214609712907123e-4,129,0,snake_moosewilson,2020,32.672161808639686,0.1206509992480278,0.06405398730038497,3.4865233944871217,-2.7480289996436165,-0.3830156960211845,-0.22029569331631507,122.75739997771878,1.4189013363972276,0.06121419242821969,-2.7917439387230294,1,1.5541581107467735,1.1776636688671474,-0.13129949742880404,connected,0,0,0,-9.210340371976182,-9.210340371976182,-9.210340371976182,-0.24954335540271758,-0.3336384980437742,-0.25991197094852375,-0.4166342281125043,-0.7119043022658508,-0.6342699898538559
snake_moosewilson_2020,willow_NA,0,129,0,snake_moosewilson,2020,185.7033360595004,0.3712950050830841,0.07220654056398042,5.224150432976511,-2.6282246476575253,0.8422294748215096,-0.057890582969804004,54.04506691484148,-0.34868625497481215,0.01076986575706528,-4.521760927781279,1,-0.2885078494034962,0.5661854805723404,-0.13129949742880404,connected,0,1.934516612661411e-5,1.934516612661411e-5,-9.210340371976182,-9.03349070766187,-9.03349070766187,-0.24954335540271758,-0.32409611070410244,-0.2595449759526047,-0.4166342281125043,-0.5634640195261876,-0.5504570653141193
snake_deadmansmoose_2021,bailey_NA,0,101,0,snake_deadmansmoose,2021,41.571436204356225,0.00952018983662128,0.02815868421076803,3.7274133017261057,-3.5698994742538495,-0.21315807467230266,-1.3344118577700934,84.45438197586344,0.4335769220708386,0,-9.210340371976182,1,-0.6819171054196009,-1.0910029067932832,-0.5580228640724171,connected,0,0,0,-9.210340371976182,-9.210340371976182,-9.210340371976182,-0.24954335540271758,-0.3336384980437742,-0.25991197094852375,-0.4166342281125043,-0.7119043022658508,-0.6342699898538559
snake_deadmansmoose_2021,blackrock_lower,0,101,0,snake_deadmansmoose,2021,124.92159198396442,0.13935300707817078,0.04385356876906868,4.8276862763615664,-3.1268991776359423,0.5626724798250547,-0.7338868278937084,52.1917748672894,-0.3963611901781308,0.02401506378805271,-3.7249185803038998,1,0.19532209060651237,0.8478311049065204,0.0820621858930025,connected,0,8.272310060567697e-4,8.272310060567697e-4,-9.210340371976182,-6.983307825970708,-6.983307825970708,-0.24954335540271758,0.0744096224797411,-0.24421866349874877,-0.4166342281125043,1.157374568470067,0.42116945047302
snake_deadmansmoose_2021,blackrock_upper,4.7536755878894016e-5,101,0,snake_deadmansmoose,2021,80.686204569364,0.1924089938402176,0.06852655983759876,4.390567613566922,-2.6805338740082356,0.25444895497707576,-0.12880024139868984,70.41749585009123,0.07248562111453336,0.02478738479117143,-3.6933942387870102,1,0.22353397718859186,0.8589734505365639,-0.13129949742880404,connected,0,4.900268401064695e-4,4.900268401064695e-4,-9.210340371976182,-7.435342530393345,-7.435342530393345,-0.24954335540271758,-0.09192302842584753,-0.2506157262428401,-0.4166342281125043,0.7779553618077346,0.20694031569908214
snake_deadmansmoose_2021,blacktail_NA,0.23090625001380585,101,23,snake_deadmansmoose,2021,61.14455063095294,0.17830100655555725,0.2664974502977697,4.1132407433781335,-1.3223906027849708,0.05889870114404863,1.7122798543810784,7.495611002680863,-1.5461458228250542,0,-9.210340371976182,1,-0.6819171054196009,-1.0910029067932832,-0.5580228640724171,connected,0,1.46864444118079e-4,1.46864444118079e-4,-9.210340371976182,-8.306671181225756,-8.306671181225756,-0.24954335540271758,-0.2611946946136107,-0.2571258219065871,-0.4166342281125043,0.04659818456787542,-0.20600139241597806
snake_deadmansmoose_2021,blindbull_NA,5.98824952591283e-5,101,0,snake_deadmansmoose,2021,36.35174492325697,0.04732979834079742,0.07027445956149014,3.5932422062182408,-2.6553468525572104,-0.3077655382972935,-0.09465706604452084,156.93987849334107,2.2982271018499256,0.08252698753067757,-2.493418926265378,1,2.332686929398121,1.2831072797070224,0.0820621858930025,connected,0,4.9432759089448577e-5,4.9432759089448577e-5,-9.210340371976182,-8.80866403828822,-8.80866403828822,-0.24954335540271758,-0.30925480800912264,-0.25897418757144836,-0.4166342281125043,-0.37475382604836954,-0.44390678857034355
snake_deadmansmoose_2021,cody_bluecrane,5.198851330030867e-5,101,0,snake_deadmansmoose,2021,18.511707107521175,0.5193600058555603,0.29697441361563093,2.918403348563038,-1.214109293332834,-0.7836116394018523,1.8590644888164,56.9086052154098,-0.27502328150436667,0,-9.210340371976182,1,-0.6819171054196009,-1.0910029067932832,-0.5580228640724171,connected,0.08362064779293935,0.00689554703054436,0.0905161948234837,-2.4802696438215244,-4.9624814708424285,-2.401122331096148,1.3526277370157538,3.067727003483424,1.457260698049786,2.696423455767853,2.8535725040786315,2.5927673927028443
snake_deadmansmoose_2021,boulder_NA,0,101,0,snake_deadmansmoose,2021,53.69998009443431,0.1402049958705902,0.04973721661138328,3.983412630833825,-3.0010018009305037,-0.032646414356009776,-0.5632220981303292,92.50694145758364,0.6407246579168765,0,-9.210340371976182,1,-0.6819171054196009,-1.0910029067932832,-0.5580228640724171,connected,0,1.338956952533976e-4,1.338956952533976e-4,-9.210340371976182,-8.360635288761552,-8.360635288761552,-0.24954335540271758,-0.26759178751877144,-0.2573718505995184,-0.4166342281125043,0.0013029480093809025,-0.23157616345265597
snake_deadmansmoose_2021,box_NA,9.730204610210844e-5,101,0,snake_deadmansmoose,2021,29.14147010476363,0.05944409966468811,0.02514578939696184,3.372162249211866,-3.6830648160565183,-0.4636546581671469,-1.487817218411723,63.825557420064456,-0.0970884284427921,0,-9.210340371976182,0,-0.6819171054196009,-1.0910029067932832,-0.5580228640724171,low flow,0,0,0,-9.210340371976182,-9.210340371976182,-9.210340371976182,-0.24954335540271758,-0.3336384980437742,-0.25991197094852375,-0.4166342281125043,-0.7119043022658508,-0.6342699898538559
snake_deadmansmoose_2021,cabin_NA,0,101,0,snake_deadmansmoose,2021,23.51004271715979,0.0558410994708538,0.04978562821142316,3.1574276795286256,-3.0000289267337403,-0.6150694834947404,-0.5619032834240238,82.5670514755518,0.3850263660867171,0,-9.210340371976182,1,-0.6819171054196009,-1.0910029067932832,-0.5580228640724171,connected,0,0,0,-9.210340371976182,-9.210340371976182,-9.210340371976182,-0.24954335540271758,-0.3336384980437742,-0.25991197094852375,-0.4166342281125043,-0.7119043022658508,-0.6342699898538559
snake_deadmansmoose_2021,clear_NA,2.8701847560637767e-5,101,0,snake_deadmansmoose,2021,16.604101618688585,0.07531759887933731,0.02877694341500888,2.8096497503050797,-3.548180788339982,-0.860296577035633,-1.304970309746593,65.87641578531638,-0.044331206609506076,0,-9.210340371976182,1,-0.6819171054196009,-1.0910029067932832,-0.5580228640724171,connected,0,5.4124269322364146e-5,5.4124269322364146e-5,-9.210340371976182,-8.777751337302915,-8.777751337302915,-0.24954335540271758,-0.30694062742481,-0.25888518545239114,-0.4166342281125043,-0.34880698531052073,-0.42925658335199407
snake_deadmansmoose_2021,cliff_NA,0.006961178761126741,101,1,snake_deadmansmoose,2021,158.3813173763604,0.2303059995174408,0.0598667292930114,5.065005526567855,-2.8156343656856224,0.7300123397733954,-0.31194058559320764,95.2848505254179,0.7121848657047634,0.05682488407779412,-2.866022703436794,1,1.3938223580533489,1.151409681326439,1.3622322858238418,connected,0,1.701915221929745e-4,1.701915221929745e-4,-9.210340371976182,-8.21637950897418,-8.21637950897418,-0.24954335540271758,-0.24968815013440973,-0.25668328650178013,-0.4166342281125043,0.12238527418451206,-0.16321019378787024
snake_deadmansmoose_2021,fall_coburn,4.25009953144521e-4,101,0,snake_deadmansmoose,2021,116.5315084203892,0.2628070116043091,0.10592850612511062,4.75816169498255,-2.2449908829454603,0.5136489231569016,0.46161576896804113,68.97165670961705,0.03529219149421252,0.00858137008226551,-4.746575919186889,0,-0.36845076370144103,0.4867241431891463,-0.3446611807506106,waterfall,0,1.2334543660430012e-4,1.2334543660430012e-4,-9.210340371976182,-8.406790941965202,-8.406790941965202,-0.24954335540271758,-0.27279591209979054,-0.25757199838344175,-0.4166342281125043,-0.03743819542534349,-0.2534503371698559
snake_deadmansmoose_2021,cottonwood_grosventre,0.006031940878356405,101,1,snake_deadmansmoose,2021,89.17802924901731,0.14260199666023254,0.07427305852988855,4.490634700379434,-2.6000069969197113,0.3250088117020927,-0.019639128779508592,90.72696989217776,0.5949358524468684,0.02242704864463058,-3.7930385298063016,0,0.13731395288147488,0.8237539637154752,-0.13129949742880404,low flow,2.0141392575882696e-5,0,2.0141392575882696e-5,-9.026841237333569,-9.210340371976182,-9.026841237333569,-0.24915744644604412,-0.3336384980437742,-0.25952987082915485,-0.33175497287751304,-0.7119043022658508,-0.5473057358670669
snake_deadmansmoose_2021,cottonwood_nps,0.04748616436006626,101,5,snake_deadmansmoose,2021,187.15270214946145,0.4438450038433075,0.15160907633961737,5.2319248726617085,-1.8864499372519228,0.8477114306551253,0.9476488794836052,6.4275082145075775,-1.573622189155933,0.07480522503393781,-2.591531630759407,1,2.05062094013706,1.2484291354043062,2.4290407024328746,connected,4.801044707328315e-6,4.0328775541557846e-4,4.080888001229067e-4,-9.16344681754564,-7.5943484730779875,-7.584854322270576,-0.24945136741594023,-0.1347088043758597,-0.2521701636900334,-0.39494317227653003,0.6444923598794643,0.13608340692861376
snake_deadmansmoose_2021,cowboycabin_NA,0.0015317972665689825,101,0,snake_deadmansmoose,2021,6.639295264034606,NA,0.15103490929646746,1.8930058229210844,-1.890244281493076,-1.5066456039165121,0.942505319296003,2.4766812803618685,-1.6752550744498145,0,-9.210340371976182,1,-0.6819171054196009,-1.0910029067932832,-0.5580228640724171,connected,0,0,0,-9.210340371976182,-9.210340371976182,-9.210340371976182,-0.24954335540271758,-0.3336384980437742,-0.25991197094852375,-0.4166342281125043,-0.7119043022658508,-0.6342699898538559
snake_deadmansmoose_2021,crystal_lower,0.004631350360694666,101,0,snake_deadmansmoose,2021,185.11488744216464,0.08405669778585434,0.05345949334579199,5.220976645530312,-2.9288310455741864,0.8399915562949208,-0.4653884277074507,68.77686669260154,0.03028132369723802,0,-9.210340371976182,0,-0.6819171054196009,-1.0910029067932832,-0.5580228640724171,low flow,0.00159203207362177,1.4561268966052827e-4,0.0017376447632823,-6.381825061936533,-8.311754695027139,-6.299270547241813,-0.21904003075883446,-0.26181214735658187,-0.22694730532426494,0.8917222031291218,0.0423312936528489,0.745349680312629
snake_deadmansmoose_2021,crystal_upper,0,101,0,snake_deadmansmoose,2021,155.6115004101287,0.01565520092844963,0.0350789321250407,5.047362519103877,-3.350154553074885,0.7175718049431052,-1.0365287042741476,77.49725044470021,0.2546084775737753,0,-9.210340371976182,0,-0.6819171054196009,-1.0910029067932832,-0.5580228640724171,waterfall,0,0,0,-9.210340371976182,-9.210340371976182,-9.210340371976182,-0.24954335540271758,-0.3336384980437742,-0.25991197094852375,-0.4166342281125043,-0.7119043022658508,-0.6342699898538559
snake_deadmansmoose_2021,deadmansbar_NA,8.067970909907336e-5,101,0,snake_deadmansmoose,2021,11.761208318342591,0.4607529938220978,0.12284876516395296,2.464806685350634,-2.096801231640941,-1.1034542228796713,0.6624995955849202,10.72287918832195,-1.4631260948564389,0,-9.210340371976182,1,-0.6819171054196009,-1.0910029067932832,-0.5580228640724171,connected,0.00183668783959592,0.00107140123976429,0.00290808907936022,-6.246776064180481,-6.749554605947969,-5.806450259184024,-0.2143524278021114,0.19485143888006076,-0.20474293632628776,0.954190390633608,1.353577338806193,0.9789079953639275
snake_deadmansmoose_2021,dell_NA,0,101,0,snake_deadmansmoose,2021,118.1568591435451,0.21458500623703003,0.05066461454892191,4.772013056484806,-2.9825275499481214,0.5234158716529316,-0.5381786608960017,103.2869119127605,0.9180335653948308,0.00846332584708545,-4.760266630750077,1,-0.37276276682076614,0.48188513203719124,-0.3446611807506106,connected,0.02027330174976997,5.170984692364432e-4,0.02079040021900641,-3.8935299730335315,-7.390481953216503,-3.868465545195727,0.13889298022324095,-0.07856940978109699,0.13450040026564955,2.0427065626048213,0.815609472070334,1.8973613451196976
snake_deadmansmoose_2021,ditch_NA,0,101,0,snake_deadmansmoose,2021,67.69148631266991,0.03313380107283592,0.03794501053647849,4.214960415919721,-3.271617258448648,0.13062383824230042,-0.9300646419204589,21.524590436401407,-1.185257917243878,0.01477290652743177,-4.208214075106562,0,-0.14228195144010805,0.6770092832469276,-0.3446611807506106,low flow,0,0,0,-9.210340371976182,-9.210340371976182,-9.210340371976182,-0.24954335540271758,-0.3336384980437742,-0.25991197094852375,-0.4166342281125043,-0.7119043022658508,-0.6342699898538559
snake_deadmansmoose_2021,dog_NA,0,101,0,snake_deadmansmoose,2021,31.090483742564395,0.06368420273065567,0.06185985047343163,3.4369017833759394,-2.7828839289051213,-0.4180051604095067,-0.26754454979768644,77.3493999887125,0.2508051045876853,0.03216418272163939,-3.433797558098338,1,0.49299885735227406,0.9507284500532249,-0.3446611807506106,connected,0,0,0,-9.210340371976182,-9.210340371976182,-9.210340371976182,-0.24954335540271758,-0.3336384980437742,-0.25991197094852375,-0.4166342281125043,-0.7119043022658508,-0.6342699898538559
snake_deadmansmoose_2021,fish_grosventre,0,101,0,snake_deadmansmoose,2021,587.8758585030148,0.0790754035115242,0.05700038366984491,6.376515800613735,-2.8646972801203296,1.6547917050750964,-0.37844958881885943,91.92943925367771,0.6258687261778099,0.0136083152323544,-4.289752679001736,0,-0.1848229640482416,0.6481892900900684,1.1488706025020352,low flow,4.584436144917083e-6,1.11554612859649e-4,1.161390490045661e-4,-9.16551581143003,-8.461027375979677,-8.439588612003783,-0.24945551763465085,-0.2786119700487823,-0.2577087099614373,-0.39590020490959804,-0.08296201154970495,-0.26899387045662126
snake_deadmansmoose_2021,fish_NA,0.07574182402859601,101,8,snake_deadmansmoose,2021,233.3741440851509,0.18696600198745728,0.19327329665870344,5.452642934303585,-1.643650046859559,1.0033453688675344,1.2767850280257762,45.49933474542233,-0.5685205913818085,0.02999475382091136,-3.5034044140819387,1,0.4137524276318896,0.926125758600513,0.9355089191802287,connected,0.03691386252184423,0.00802943870913108,0.04494330123097531,-3.296462773753929,-4.812263397273023,-3.1001310022999364,0.45772602127630674,3.62704159026381,0.5927024002022878,2.3188856263306405,2.979659332683629,2.261491892467229
snake_deadmansmoose_2021,spreadnf_flagstaff,1.1649102760720077e-4,101,0,snake_deadmansmoose,2021,62.105753464464634,0.05579309910535812,0.07693418338645021,4.12883863302891,-2.564804983860054,0.06989717121077008,0.02808022966280149,53.17083730097065,-0.3711753387914537,0.04830470339139393,-3.02815829247284,1,1.0825911857650083,1.0941025121663015,0.0820621858930025,connected,0,7.227731359680823e-5,7.227731359680823e-5,-9.210340371976182,-8.666405091138806,-8.666405091138806,-0.24954335540271758,-0.29798627786134746,-0.2585408060675972,-0.4166342281125043,-0.25534755847652363,-0.37648716157379225
snake_deadmansmoose_2021,flat_NA,1.6480102621947517e-4,101,0,snake_deadmansmoose,2021,173.36864105262885,0.4952880144119262,0.23744731527971188,5.155420200544216,-1.437809510516657,0.79376603386828,1.555819591164476,86.52941390269902,0.48695599569680686,0,-9.210340371976182,1,-0.6819171054196009,-1.0910029067932832,-0.5580228640724171,connected,0,1.0364036792330612e-4,1.0364036792330612e-4,-9.210340371976182,-8.4991550221978,-8.4991550221978,-0.24954335540271758,-0.28251582852119533,-0.25794582105070835,-0.4166342281125043,-0.11496477845774382,-0.29722369527450193
snake_deadmansmoose_2021,fordspring_NA,0,101,0,snake_deadmansmoose,2021,0.371298460979693,0.36350199580192566,0.3083825652441645,-0.9907490627586949,-1.1764141718217336,-3.540054770157885,1.910163470339593,47.46374554395788,-0.5179871864300182,0,-9.210340371976182,1,-0.6819171054196009,-1.0910029067932832,-0.5580228640724171,connected,0,0,0,-9.210340371976182,-9.210340371976182,-9.210340371976182,-0.24954335540271758,-0.3336384980437742,-0.25991197094852375,-0.4166342281125043,-0.7119043022658508,-0.6342699898538559
snake_deadmansmoose_2021,goosewing_NA,1.477693636299251e-4,101,0,snake_deadmansmoose,2021,40.396075600271566,0.12725499272346497,0.04498435530865712,3.698732641641705,-3.1014405094671185,-0.23338154005733883,-0.6993754120336815,87.41670747294091,0.5097811427228667,0,-9.210340371976182,0,-0.6819171054196009,-1.0910029067932832,-0.5580228640724171,low flow,0,0,0,-9.210340371976182,-9.210340371976182,-9.210340371976182,-0.24954335540271758,-0.3336384980437742,-0.25991197094852375,-0.4166342281125043,-0.7119043022658508,-0.6342699898538559
snake_deadmansmoose_2021,granite_lower,0,101,0,snake_deadmansmoose,2021,220.38266084017036,0.4365609884262085,0.07926979243391333,5.395365402859918,-2.5348981506061192,0.9629575196659279,0.06862151613696778,89.05550148041728,0.5519382318989736,0.01361268617305474,-4.289433876586555,1,-0.18466329924203148,0.6483019714825007,0.0820621858930025,connected,0,1.7526340459353155e-4,1.7526340459353155e-4,-9.210340371976182,-8.197782083843256,-8.197782083843256,-0.24954335540271758,-0.24718634342514625,-0.25658706838461787,-0.4166342281125043,0.13799518249487042,-0.1543964671959935
snake_deadmansmoose_2021,granite_upper,1.0645359649516002e-4,101,0,snake_deadmansmoose,2021,131.17478860877102,0.06855929642915726,0.05121030340437559,4.876530698050768,-2.9718145288156883,0.5971139281172764,-0.5236562387108771,104.04775280709262,0.9376057857500794,0.02287024840533575,-3.7735554480019577,1,0.15350346647974358,0.8306403004621478,0.0820621858930025,connected,0,0,0,-9.210340371976182,-9.210340371976182,-9.210340371976182,-0.24954335540271758,-0.3336384980437742,-0.25991197094852375,-0.4166342281125043,-0.7119043022658508,-0.6342699898538559
snake_deadmansmoose_2021,grosventre_lower,0.13705525819246148,101,14,snake_deadmansmoose,2021,1589.6465467527958,0.11285000294446944,0.12772197756082734,7.371266972862744,-2.0578994276911646,2.3562161436863795,0.7152343390095599,35.76593183833315,-0.8189071149284874,0.01761397843891535,-4.033401208773123,0,-0.03850127188504782,0.7387972630599943,5.416104268938166,low flow,4.402174527288961e-4,8.985182924761807e-5,5.300692819765142e-4,-7.523538809225212,-8.569266636107082,-7.369680773233814,-0.2411087917422351,-0.2893172990296571,-0.2498560855297801,0.36361174228060683,-0.17381356300240194,0.2380588587808339
snake_deadmansmoose_2021,hoback_upper,0,101,0,snake_deadmansmoose,2021,114.07783296671197,0.13229399919509888,0.0672652044873204,4.736880960751974,-2.699112197023675,0.4986433343450082,-0.1539847572310184,134.68010421198858,1.7256064520685204,0.03506377966670531,-3.3477387128897176,1,0.598917380631602,0.981146132126715,0.29542386921480907,connected,0,4.72481868508296e-5,4.72481868508296e-5,-9.210340371976182,-8.823391048915319,-8.823391048915319,-0.24954335540271758,-0.310332391646087,-0.25901563084852075,-0.4166342281125043,-0.3871150687449412,-0.4508862410627788
snake_deadmansmoose_2021,horse_NA,1.0630409828517113e-4,101,0,snake_deadmansmoose,2021,63.20355466451241,0.3199459910392761,0.05410708739882333,4.14636054426279,-2.916790096186639,0.08225231799871911,-0.44906588448140466,68.19787838452241,0.01538716273236928,0.03164378982505175,-3.450058168836203,0,0.4739895784159695,0.94498110256621,-0.13129949742880404,culvert_diversion,0,0,0,-9.210340371976182,-9.210340371976182,-9.210340371976182,-0.24954335540271758,-0.3336384980437742,-0.25991197094852375,-0.4166342281125043,-0.7119043022658508,-0.6342699898538559
snake_deadmansmoose_2021,lava_NA,6.056435956177157e-5,101,0,snake_deadmansmoose,2021,65.33372895413697,0.15424099564552307,0.03712820915992983,4.179508425964538,-3.2933782435768575,0.10562573535417148,-0.9595635301695766,38.727021623515355,-0.7427346822963856,0,-9.210340371976182,0,-0.6819171054196009,-1.0910029067932832,-0.5580228640724171,culvert_diversion,0,1.3745704467353953e-5,1.3745704467353953e-5,-9.210340371976182,-9.081545263770613,-9.081545263770613,-0.24954335540271758,-0.3268581563591559,-0.259651202717231,-0.4166342281125043,-0.6037990234028876,-0.5732311706569175
snake_deadmansmoose_2021,leidy_NA,1.9158229246833442e-4,101,0,snake_deadmansmoose,2021,10.736033129626785,0.0376180000603199,0.04548522459554739,2.3736056660690865,-3.090367739926582,-1.1677623891175724,-0.6843653199188215,56.55174872168028,-0.28420322172906576,0,-9.210340371976182,1,-0.6819171054196009,-1.0910029067932832,-0.5580228640724171,connected,0,0,0,-9.210340371976182,-9.210340371976182,-9.210340371976182,-0.24954335540271758,-0.3336384980437742,-0.25991197094852375,-0.4166342281125043,-0.7119043022658508,-0.6342699898538559
snake_deadmansmoose_2021,littlegreys_steer,0.009961826430258613,101,1,snake_deadmansmoose,2021,179.34572943407238,0.18192599713802335,0.05653151460733583,5.1893153923430955,-2.872957015670742,0.8176663986453313,-0.38964637125004736,133.64905923179987,1.6990833777979917,0.01672746827853964,-4.084742711177624,1,-0.0708843405797834,0.7206504997199836,0.0820621858930025,connected,0,2.003345587130508e-4,2.003345587130508e-4,-9.210340371976182,-8.110613508966717,-8.110613508966717,-0.24954335540271758,-0.23481949880384692,-0.25611144630706323,-0.4166342281125043,0.21116087354017601,-0.11308537273228468
snake_deadmansmoose_2021,lowerbarbc_NA,0.12482027359515449,101,13,snake_deadmansmoose,2021,6.396831141622167,0.3782680034637451,0.2384034549706952,1.8558027336247136,-1.4337908515692135,-1.532878451639943,1.5612672292426015,27.582509389365345,-1.0294212298038232,0,-9.210340371976182,1,-0.6819171054196009,-1.0910029067932832,-0.5580228640724171,connected,0.3226711560044893,0,0.3226711560044893,-1.1308117022030537,-9.210340371976182,-1.1308117022030537,5.932833989816739,-0.3336384980437742,5.861446657145803,3.3206279528550064,-0.7119043022658508,3.1947953880300908
snake_deadmansmoose_2021,mosquito_NA,0.027884558087637144,101,3,snake_deadmansmoose,2021,61.64128666828233,0.5507169961929321,0.08812801689048827,4.121331884151681,-2.428964784217375,0.06460397099759342,0.21222331166889216,45.558752998071384,-0.5669920889805384,0.06489157212966175,-2.7334976770366906,1,1.6884880313851962,1.1982509340767773,0.29542386921480907,connected,0,1.4571312000932565e-5,1.4571312000932565e-5,-9.210340371976182,-9.07431311660181,-9.07431311660181,-0.24954335540271758,-0.3264509090486704,-0.2596355402084971,-0.4166342281125043,-0.59772865864017,-0.5698036979089801
snake_deadmansmoose_2021,northbuffalofork_NA,0,101,0,snake_deadmansmoose,2021,211.7277106985484,0.4812009930610657,0.10908345246553668,5.3553010656471765,-2.215642070739795,0.9347071330147165,0.5014006098839496,77.70277783938494,0.25989555860185365,0.03778437868905201,-3.2732164236527206,1,0.6982973414818484,1.0074861939286666,1.1488706025020352,connected,0,4.2428973897695254e-6,4.2428973897695254e-6,-9.210340371976182,-9.168786830160125,-9.168786830160125,-0.24954335540271758,-0.33154560465269795,-0.25983147941383994,-0.4166342281125043,-0.67702598050072,-0.6145768573953277
snake_deadmansmoose_2021,deadman_greys,1.0203244105053496e-4,101,0,snake_deadmansmoose,2021,42.60696343033698,0.05682190135121345,0.0415623772348318,3.7520177007230955,-3.1805599143188346,-0.19580888501031607,-0.8066285748986248,154.57900126663003,2.2374948125406893,0.14082205153648392,-1.9595483674509768,1,4.462130162698441,1.471804965424821,0.7221472358584221,connected,0,0,0,-9.210340371976182,-9.210340371976182,-9.210340371976182,-0.24954335540271758,-0.3336384980437742,-0.25991197094852375,-0.4166342281125043,-0.7119043022658508,-0.6342699898538559
snake_deadmansmoose_2021,pacific_NA,5.251552262925455e-4,101,0,snake_deadmansmoose,2021,415.0574929301797,0.1369519978761673,0.04158214126053129,6.028417047816465,-3.1800845005109393,1.409338390644628,-0.8059841105644706,31.464263831075172,-0.9295651970063207,0.01927443820739732,-3.9438006999103465,1,0.02215317422396,0.7704667536928741,1.1488706025020352,connected,0,1.0388508578094532e-4,1.0388508578094532e-4,-9.210340371976182,-8.49795402783129,-8.49795402783129,-0.24954335540271758,-0.2823951165784162,-0.2579411785354372,-0.4166342281125043,-0.11395671353421293,-0.2966545177722249
snake_deadmansmoose_2021,rock_NA,0,101,0,snake_deadmansmoose,2021,11.98579900144692,0.02564449980854988,0.01921974716928189,2.48372253245161,-3.9518170300904103,-1.090116176337176,-1.8521339752947334,33.05708246554217,-0.888590799425996,0,-9.210340371976182,1,-0.6819171054196009,-1.0910029067932832,-0.5580228640724171,connected,0,0,0,-9.210340371976182,-9.210340371976182,-9.210340371976182,-0.24954335540271758,-0.3336384980437742,-0.25991197094852375,-0.4166342281125043,-0.7119043022658508,-0.6342699898538559
snake_deadmansmoose_2021,shoal_NA,0.01118271021669566,101,1,snake_deadmansmoose,2021,82.64969488421343,0.1540520042181015,0.06550537569878219,4.414611132599159,-2.725623067971499,0.2714026538616901,-0.18992252451816394,92.2150638102019,0.633216263357799,0.01209925821747958,-4.40638013093737,1,-0.23994686353773353,0.6069670688829447,-0.3446611807506106,connected,0,0,0,-9.210340371976182,-9.210340371976182,-9.210340371976182,-0.24954335540271758,-0.3336384980437742,-0.25991197094852375,-0.4166342281125043,-0.7119043022658508,-0.6342699898538559
snake_deadmansmoose_2021,slate_NA,0,101,0,snake_deadmansmoose,2021,97.25682381756316,0.03599809855222702,0.03336693660136213,4.577355147826764,-3.4001897914108823,0.3861576123909513,-1.1043557762332283,73.10627677233539,0.14165305557972013,0.01028205488054828,-4.567676455466213,0,-0.3063269493195021,0.5499565395498207,-0.3446611807506106,waterfall,0,7.388457382454261e-5,7.388457382454261e-5,-9.210340371976182,-8.657118847700668,-8.657118847700668,-0.24954335540271758,-0.29719346483775755,-0.2585103149125016,-0.4166342281125043,-0.24755307039032232,-0.3720862076700571
snake_deadmansmoose_2021,snakeriversidechannel_NA,0.00215924273067594,101,0,snake_deadmansmoose,2021,18.81037955717093,0.5644689798355103,0.3722616615355763,2.934408821587343,-0.9881582807479885,-0.7723257718965152,2.1653605333541472,6.712200490790223,-1.566298634380749,0,-9.210340371976182,1,-0.6819171054196009,-1.0910029067932832,-0.5580228640724171,connected,0,1.4316392269148176e-4,1.4316392269148176e-4,-9.210340371976182,-8.321774763072561,-8.321774763072561,-0.24954335540271758,-0.2630200502905912,-0.25719602408717135,-0.4166342281125043,0.03392086358785493,-0.21315931024700205
snake_deadmansmoose_2021,spread_southfork,1.4246689593242642e-5,101,0,snake_deadmansmoose,2021,98.90320211647273,0.01897189952433109,0.03276703860723393,4.594141615419727,-3.41833218937435,0.3979941790984226,-1.1289493581387449,51.350183335200335,-0.4180106769997057,0.01011089609436867,-4.584299884313153,1,-0.31257915823746063,0.5440809532296494,-0.3446611807506106,connected,0,0,0,-9.210340371976182,-9.210340371976182,-9.210340371976182,-0.24954335540271758,-0.3336384980437742,-0.25991197094852375,-0.4166342281125043,-0.7119043022658508,-0.6342699898538559
snake_deadmansmoose_2021,spread_uppermainstem,0,101,0,snake_deadmansmoose,2021,202.6088598876728,0.07364709675312042,0.04527153653174867,5.3112773217946065,-3.095076776609305,0.9036648676936901,-0.6907488244360215,41.41849222851486,-0.6734980571975653,0.02467809158381336,-3.697795420120856,1,0.2195416377886189,0.8574178436232227,0.5087855525366156,connected,0,3.546791040805831e-5,3.546791040805831e-5,-9.210340371976182,-8.90677576924841,-8.90677576924841,-0.24954335540271758,-0.31614324692898294,-0.25923911316326254,-0.4166342281125043,-0.4571047490217056,-0.49040408408578545
snake_deadmansmoose_2021,spring_nps,4.517771073274099e-5,101,0,snake_deadmansmoose,2021,4.013031939407464,0.25288400053977966,0.09214421894145744,1.3895470502382712,-2.384400332141274,-1.8616472333135063,0.2726342619972348,36.81575242877299,-0.791901048242755,0,-9.210340371976182,0,-0.6819171054196009,-1.0910029067932832,-0.5580228640724171,culvert_diversion,0,6.727965911639381e-4,6.727965911639381e-4,-9.210340371976182,-7.165494686095443,-7.165494686095443,-0.24954335540271758,-0.00176821935618749,-0.24714842161467337,-0.4166342281125043,1.0044544646450324,0.33482711208651617
snake_deadmansmoose_2021,spring_tss,1.0368582177060027e-6,101,0,snake_deadmansmoose,2021,24.857829441667217,0.359358012676239,0.20042810356345644,3.2131727709942544,-1.6072996822611672,-0.5757621968310707,1.326061075814283,61.29249286063321,-0.16225014372464347,0,-9.210340371976182,1,-0.6819171054196009,-1.0910029067932832,-0.5580228640724171,connected,0.18503922773780687,0.00325391373513142,0.1882931414729383,-1.6866471545853954,-5.6976273359084795,-1.6692243215739715,3.295807098937877,1.271419066583958,3.3121762827357326,3.0635210224964284,2.2365215162330907,2.9396298698282872
snake_deadmansmoose_2021,threechannel_NA,0,101,0,snake_deadmansmoose,2021,32.364754827547884,0.2897590100765228,0.117843813057241,3.477070016734667,-2.138395149431708,-0.38968151393422557,0.6061154601460216,25.063804805623143,-1.0942135424805102,0,-9.210340371976182,1,-0.6819171054196009,-1.0910029067932832,-0.5580228640724171,connected,0.02484110022481889,0.01035277137861167,0.03519387160343057,-3.691238224834839,-4.560888132036704,-3.3440459390826396,0.2264119706386022,4.7730715651936615,0.4077470546159004,2.136278518465708,3.1906533178297867,2.1458952682386987
snake_deadmansmoose_2021,upperbarbc_NA,0.28621420296914163,101,29,snake_deadmansmoose,2021,5.737050517642647,0.4632450044155121,0.3517652148147659,1.7469452311662268,-1.044791329296893,-1.609636654777257,2.0885895617961863,6.444855234876355,-1.5731759464425168,0,-9.210340371976182,1,-0.6819171054196009,-1.0910029067932832,-0.5580228640724171,connected,0,6.263701847792045e-4,6.263701847792045e-4,-9.210340371976182,-7.22745077670238,-7.22745077670238,-0.24954335540271758,-0.024668966220421217,-0.2480291718088142,-0.4166342281125043,0.9524510885414027,0.30546476544622353
snake_deadmansmoose_2021,white_NA,0,101,0,snake_deadmansmoose,2021,32.672161808639686,0.1206509992480278,0.06405398730038497,3.4865233944871217,-2.7480289996436165,-0.3830156960211845,-0.22029569331631507,143.23427515904203,1.9456578714643755,0.06121419242821969,-2.7917439387230294,1,1.5541581107467735,1.1776636688671474,-0.13129949742880404,connected,0,0,0,-9.210340371976182,-9.210340371976182,-9.210340371976182,-0.24954335540271758,-0.3336384980437742,-0.25991197094852375,-0.4166342281125043,-0.7119043022658508,-0.6342699898538559
snake_deadmansmoose_2021,willow_NA,0.025058706098261753,101,3,snake_deadmansmoose,2021,185.7033360595004,0.3712950050830841,0.07220654056398042,5.224150432976511,-2.6282246476575253,0.8422294748215096,-0.057890582969804004,74.52194209616476,0.17807028009233658,0.01076986575706528,-4.521760927781279,1,-0.2885078494034962,0.5661854805723404,-0.13129949742880404,connected,0,1.934516612661411e-5,1.934516612661411e-5,-9.210340371976182,-9.03349070766187,-9.03349070766187,-0.24954335540271758,-0.32409611070410244,-0.2595449759526047,-0.4166342281125043,-0.5634640195261876,-0.5504570653141193
snake_pacificdeadmans_2021,bailey_NA,6.175436225996187e-5,85,0,snake_pacificdeadmans,2021,41.571436204356225,0.00952018983662128,0.02815868421076803,3.7274133017261057,-3.5698994742538495,-0.21315807467230266,-1.3344118577700934,103.16878651575858,0.9149948534684664,0,-9.210340371976182,1,-0.6819171054196009,-1.0910029067932832,-0.5580228640724171,connected,0,0,0,-9.210340371976182,-9.210340371976182,-9.210340371976182,-0.24954335540271758,-0.3336384980437742,-0.25991197094852375,-0.4166342281125043,-0.7119043022658508,-0.6342699898538559
snake_pacificdeadmans_2021,blackrock_lower,1.0797478708929471e-4,85,0,snake_pacificdeadmans,2021,124.92159198396442,0.13935300707817078,0.04385356876906868,4.8276862763615664,-3.1268991776359423,0.5626724798250547,-0.7338868278937084,33.47737032739425,-0.8777791215757591,0.02401506378805271,-3.7249185803038998,1,0.19532209060651237,0.8478311049065204,0.0820621858930025,connected,0,8.272310060567697e-4,8.272310060567697e-4,-9.210340371976182,-6.983307825970708,-6.983307825970708,-0.24954335540271758,0.0744096224797411,-0.24421866349874877,-0.4166342281125043,1.157374568470067,0.42116945047302
snake_pacificdeadmans_2021,blackrock_upper,0,85,0,snake_pacificdeadmans,2021,80.686204569364,0.1924089938402176,0.06852655983759876,4.390567613566922,-2.6805338740082356,0.25444895497707576,-0.12880024139868984,51.70309131019605,-0.4089323102830954,0.02478738479117143,-3.6933942387870102,1,0.22353397718859186,0.8589734505365639,-0.13129949742880404,connected,0,4.900268401064695e-4,4.900268401064695e-4,-9.210340371976182,-7.435342530393345,-7.435342530393345,-0.24954335540271758,-0.09192302842584753,-0.2506157262428401,-0.4166342281125043,0.7779553618077346,0.20694031569908214
snake_pacificdeadmans_2021,blacktail_NA,0.24698565903884248,85,21,snake_pacificdeadmans,2021,61.14455063095294,0.17830100655555725,0.2664974502977697,4.1132407433781335,-1.3223906027849708,0.05889870114404863,1.7122798543810784,26.210015542576016,-1.0647278914274259,0,-9.210340371976182,1,-0.6819171054196009,-1.0910029067932832,-0.5580228640724171,connected,0,1.46864444118079e-4,1.46864444118079e-4,-9.210340371976182,-8.306671181225756,-8.306671181225756,-0.24954335540271758,-0.2611946946136107,-0.2571258219065871,-0.4166342281125043,0.04659818456787542,-0.20600139241597806
snake_pacificdeadmans_2021,blindbull_NA,2.6729075825516834e-4,85,0,snake_pacificdeadmans,2021,36.35174492325697,0.04732979834079742,0.07027445956149014,3.5932422062182408,-2.6553468525572104,-0.3077655382972935,-0.09465706604452084,175.65428303323625,2.7796450332475544,0.08252698753067757,-2.493418926265378,1,2.332686929398121,1.2831072797070224,0.0820621858930025,connected,0,4.9432759089448577e-5,4.9432759089448577e-5,-9.210340371976182,-8.80866403828822,-8.80866403828822,-0.24954335540271758,-0.30925480800912264,-0.25897418757144836,-0.4166342281125043,-0.37475382604836954,-0.44390678857034355
snake_pacificdeadmans_2021,cody_bluecrane,0,85,0,snake_pacificdeadmans,2021,18.511707107521175,0.5193600058555603,0.29697441361563093,2.918403348563038,-1.214109293332834,-0.7836116394018523,1.8590644888164,75.62300975530493,0.206394649893261,0,-9.210340371976182,1,-0.6819171054196009,-1.0910029067932832,-0.5580228640724171,connected,0.08362064779293935,0.00689554703054436,0.0905161948234837,-2.4802696438215244,-4.9624814708424285,-2.401122331096148,1.3526277370157538,3.067727003483424,1.457260698049786,2.696423455767853,2.8535725040786315,2.5927673927028443
snake_pacificdeadmans_2021,boulder_NA,1.8297185216174428e-4,85,0,snake_pacificdeadmans,2021,53.69998009443431,0.1402049958705902,0.04973721661138328,3.983412630833825,-3.0010018009305037,-0.032646414356009776,-0.5632220981303292,111.2213459974788,1.122142589314505,0,-9.210340371976182,1,-0.6819171054196009,-1.0910029067932832,-0.5580228640724171,connected,0,1.338956952533976e-4,1.338956952533976e-4,-9.210340371976182,-8.360635288761552,-8.360635288761552,-0.24954335540271758,-0.26759178751877144,-0.2573718505995184,-0.4166342281125043,0.0013029480093809025,-0.23157616345265597
snake_pacificdeadmans_2021,box_NA,1.8326266069114078e-4,85,0,snake_pacificdeadmans,2021,29.14147010476363,0.05944409966468811,0.02514578939696184,3.372162249211866,-3.6830648160565183,-0.4636546581671469,-1.487817218411723,45.1111528801693,-0.5785063598404203,0,-9.210340371976182,0,-0.6819171054196009,-1.0910029067932832,-0.5580228640724171,low flow,0,0,0,-9.210340371976182,-9.210340371976182,-9.210340371976182,-0.24954335540271758,-0.3336384980437742,-0.25991197094852375,-0.4166342281125043,-0.7119043022658508,-0.6342699898538559
snake_pacificdeadmans_2021,cabin_NA,0,85,0,snake_pacificdeadmans,2021,23.51004271715979,0.0558410994708538,0.04978562821142316,3.1574276795286256,-3.0000289267337403,-0.6150694834947404,-0.5619032834240238,101.28145601544696,0.8664442974843453,0,-9.210340371976182,1,-0.6819171054196009,-1.0910029067932832,-0.5580228640724171,connected,0,0,0,-9.210340371976182,-9.210340371976182,-9.210340371976182,-0.24954335540271758,-0.3336384980437742,-0.25991197094852375,-0.4166342281125043,-0.7119043022658508,-0.6342699898538559
snake_pacificdeadmans_2021,clear_NA,0.014388878405210937,85,1,snake_pacificdeadmans,2021,16.604101618688585,0.07531759887933731,0.02877694341500888,2.8096497503050797,-3.548180788339982,-0.860296577035633,-1.304970309746593,47.16201124542123,-0.5257491380071341,0,-9.210340371976182,1,-0.6819171054196009,-1.0910029067932832,-0.5580228640724171,connected,0,5.4124269322364146e-5,5.4124269322364146e-5,-9.210340371976182,-8.777751337302915,-8.777751337302915,-0.24954335540271758,-0.30694062742481,-0.25888518545239114,-0.4166342281125043,-0.34880698531052073,-0.42925658335199407
snake_pacificdeadmans_2021,cliff_NA,3.8423973247877486e-5,85,0,snake_pacificdeadmans,2021,158.3813173763604,0.2303059995174408,0.0598667292930114,5.065005526567855,-2.8156343656856224,0.7300123397733954,-0.31194058559320764,113.99925506531304,1.1936027971023913,0.05682488407779412,-2.866022703436794,1,1.3938223580533489,1.151409681326439,1.3622322858238418,connected,0,1.701915221929745e-4,1.701915221929745e-4,-9.210340371976182,-8.21637950897418,-8.21637950897418,-0.24954335540271758,-0.24968815013440973,-0.25668328650178013,-0.4166342281125043,0.12238527418451206,-0.16321019378787024
snake_pacificdeadmans_2021,fall_coburn,3.7539185087322375e-4,85,0,snake_pacificdeadmans,2021,116.5315084203892,0.2628070116043091,0.10592850612511062,4.75816169498255,-2.2449908829454603,0.5136489231569016,0.46161576896804113,87.6860612495122,0.5167101228918407,0.00858137008226551,-4.746575919186889,0,-0.36845076370144103,0.4867241431891463,-0.3446611807506106,waterfall,0,1.2334543660430012e-4,1.2334543660430012e-4,-9.210340371976182,-8.406790941965202,-8.406790941965202,-0.24954335540271758,-0.27279591209979054,-0.25757199838344175,-0.4166342281125043,-0.03743819542534349,-0.2534503371698559
snake_pacificdeadmans_2021,cottonwood_grosventre,1.3042360776919286e-5,85,0,snake_pacificdeadmans,2021,89.17802924901731,0.14260199666023254,0.07427305852988855,4.490634700379434,-2.6000069969197113,0.3250088117020927,-0.019639128779508592,109.44137443207292,1.0763537838444968,0.02242704864463058,-3.7930385298063016,0,0.13731395288147488,0.8237539637154752,-0.13129949742880404,low flow,2.0141392575882696e-5,0,2.0141392575882696e-5,-9.026841237333569,-9.210340371976182,-9.026841237333569,-0.24915744644604412,-0.3336384980437742,-0.25952987082915485,-0.33175497287751304,-0.7119043022658508,-0.5473057358670669
snake_pacificdeadmans_2021,cottonwood_nps,0.10486502274350783,85,9,snake_pacificdeadmans,2021,187.15270214946145,0.4438450038433075,0.15160907633961737,5.2319248726617085,-1.8864499372519228,0.8477114306551253,0.9476488794836052,25.141912754402735,-1.0922042577583047,0.07480522503393781,-2.591531630759407,1,2.05062094013706,1.2484291354043062,2.4290407024328746,connected,4.801044707328315e-6,4.0328775541557846e-4,4.080888001229067e-4,-9.16344681754564,-7.5943484730779875,-7.584854322270576,-0.24945136741594023,-0.1347088043758597,-0.2521701636900334,-0.39494317227653003,0.6444923598794643,0.13608340692861376
snake_pacificdeadmans_2021,cowboycabin_NA,8.918545728133079e-4,85,0,snake_pacificdeadmans,2021,6.639295264034606,NA,0.15103490929646746,1.8930058229210844,-1.890244281493076,-1.5066456039165121,0.942505319296003,20.37391472023513,-1.214858427471459,0,-9.210340371976182,1,-0.6819171054196009,-1.0910029067932832,-0.5580228640724171,connected,0,0,0,-9.210340371976182,-9.210340371976182,-9.210340371976182,-0.24954335540271758,-0.3336384980437742,-0.25991197094852375,-0.4166342281125043,-0.7119043022658508,-0.6342699898538559
snake_pacificdeadmans_2021,crystal_lower,8.307815022292744e-7,85,0,snake_pacificdeadmans,2021,185.11488744216464,0.08405669778585434,0.05345949334579199,5.220976645530312,-2.9288310455741864,0.8399915562949208,-0.4653884277074507,87.4912712324967,0.5116992550948662,0,-9.210340371976182,0,-0.6819171054196009,-1.0910029067932832,-0.5580228640724171,low flow,0.00159203207362177,1.4561268966052827e-4,0.0017376447632823,-6.381825061936533,-8.311754695027139,-6.299270547241813,-0.21904003075883446,-0.26181214735658187,-0.22694730532426494,0.8917222031291218,0.0423312936528489,0.745349680312629
snake_pacificdeadmans_2021,crystal_upper,0,85,0,snake_pacificdeadmans,2021,155.6115004101287,0.01565520092844963,0.0350789321250407,5.047362519103877,-3.350154553074885,0.7175718049431052,-1.0365287042741476,96.21165498459536,0.7360264089714031,0,-9.210340371976182,0,-0.6819171054196009,-1.0910029067932832,-0.5580228640724171,waterfall,0,0,0,-9.210340371976182,-9.210340371976182,-9.210340371976182,-0.24954335540271758,-0.3336384980437742,-0.25991197094852375,-0.4166342281125043,-0.7119043022658508,-0.6342699898538559
snake_pacificdeadmans_2021,deadmansbar_NA,1.7990427723564668e-4,85,0,snake_pacificdeadmans,2021,11.761208318342591,0.4607529938220978,0.12284876516395296,2.464806685350634,-2.096801231640941,-1.1034542228796713,0.6624995955849202,8.034947730125662,-1.532271677318595,0,-9.210340371976182,1,-0.6819171054196009,-1.0910029067932832,-0.5580228640724171,connected,0.00183668783959592,0.00107140123976429,0.00290808907936022,-6.246776064180481,-6.749554605947969,-5.806450259184024,-0.2143524278021114,0.19485143888006076,-0.20474293632628776,0.954190390633608,1.353577338806193,0.9789079953639275
snake_pacificdeadmans_2021,dell_NA,0,85,0,snake_pacificdeadmans,2021,118.1568591435451,0.21458500623703003,0.05066461454892191,4.772013056484806,-2.9825275499481214,0.5234158716529316,-0.5381786608960017,122.00131645265566,1.3994514967924592,0.00846332584708545,-4.760266630750077,1,-0.37276276682076614,0.48188513203719124,-0.3446611807506106,connected,0.02027330174976997,5.170984692364432e-4,0.02079040021900641,-3.8935299730335315,-7.390481953216503,-3.868465545195727,0.13889298022324095,-0.07856940978109699,0.13450040026564955,2.0427065626048213,0.815609472070334,1.8973613451196976
snake_pacificdeadmans_2021,ditch_NA,1.1619092528864942e-4,85,0,snake_pacificdeadmans,2021,67.69148631266991,0.03313380107283592,0.03794501053647849,4.214960415919721,-3.271617258448648,0.13062383824230042,-0.9300646419204589,40.23899497629655,-0.7038399858462501,0.01477290652743177,-4.208214075106562,0,-0.14228195144010805,0.6770092832469276,-0.3446611807506106,low flow,0,0,0,-9.210340371976182,-9.210340371976182,-9.210340371976182,-0.24954335540271758,-0.3336384980437742,-0.25991197094852375,-0.4166342281125043,-0.7119043022658508,-0.6342699898538559
snake_pacificdeadmans_2021,dog_NA,1.1123058103973823e-4,85,0,snake_pacificdeadmans,2021,31.090483742564395,0.06368420273065567,0.06185985047343163,3.4369017833759394,-2.7828839289051213,-0.4180051604095067,-0.26754454979768644,96.06380452860763,0.7322230359853128,0.03216418272163939,-3.433797558098338,1,0.49299885735227406,0.9507284500532249,-0.3446611807506106,connected,0,0,0,-9.210340371976182,-9.210340371976182,-9.210340371976182,-0.24954335540271758,-0.3336384980437742,-0.25991197094852375,-0.4166342281125043,-0.7119043022658508,-0.6342699898538559
snake_pacificdeadmans_2021,fish_grosventre,3.3685350986171984e-5,85,0,snake_pacificdeadmans,2021,587.8758585030148,0.0790754035115242,0.05700038366984491,6.376515800613735,-2.8646972801203296,1.6547917050750964,-0.37844958881885943,110.64384379357288,1.1072866575754385,0.0136083152323544,-4.289752679001736,0,-0.1848229640482416,0.6481892900900684,1.1488706025020352,low flow,4.584436144917083e-6,1.11554612859649e-4,1.161390490045661e-4,-9.16551581143003,-8.461027375979677,-8.439588612003783,-0.24945551763465085,-0.2786119700487823,-0.2577087099614373,-0.39590020490959804,-0.08296201154970495,-0.26899387045662126
snake_pacificdeadmans_2021,fish_NA,0.0602483825374485,85,5,snake_pacificdeadmans,2021,233.3741440851509,0.18696600198745728,0.19327329665870344,5.452642934303585,-1.643650046859559,1.0033453688675344,1.2767850280257762,64.21373928531749,-0.08710265998418026,0.02999475382091136,-3.5034044140819387,1,0.4137524276318896,0.926125758600513,0.9355089191802287,connected,0.03691386252184423,0.00802943870913108,0.04494330123097531,-3.296462773753929,-4.812263397273023,-3.1001310022999364,0.45772602127630674,3.62704159026381,0.5927024002022878,2.3188856263306405,2.979659332683629,2.261491892467229
snake_pacificdeadmans_2021,spreadnf_flagstaff,2.3356152473593086e-4,85,0,snake_pacificdeadmans,2021,62.105753464464634,0.05579309910535812,0.07693418338645021,4.12883863302891,-2.564804983860054,0.06989717121077008,0.02808022966280149,34.456432761075504,-0.8525932701890817,0.04830470339139393,-3.02815829247284,1,1.0825911857650083,1.0941025121663015,0.0820621858930025,connected,0,7.227731359680823e-5,7.227731359680823e-5,-9.210340371976182,-8.666405091138806,-8.666405091138806,-0.24954335540271758,-0.29798627786134746,-0.2585408060675972,-0.4166342281125043,-0.25534755847652363,-0.37648716157379225
snake_pacificdeadmans_2021,flat_NA,0.0062818870243677594,85,1,snake_pacificdeadmans,2021,173.36864105262885,0.4952880144119262,0.23744731527971188,5.155420200544216,-1.437809510516657,0.79376603386828,1.555819591164476,105.24381844259418,0.9683739270944351,0,-9.210340371976182,1,-0.6819171054196009,-1.0910029067932832,-0.5580228640724171,connected,0,1.0364036792330612e-4,1.0364036792330612e-4,-9.210340371976182,-8.4991550221978,-8.4991550221978,-0.24954335540271758,-0.28251582852119533,-0.25794582105070835,-0.4166342281125043,-0.11496477845774382,-0.29722369527450193
snake_pacificdeadmans_2021,fordspring_NA,0,85,0,snake_pacificdeadmans,2021,0.371298460979693,0.36350199580192566,0.3083825652441645,-0.9907490627586949,-1.1764141718217336,-3.540054770157885,1.910163470339593,66.17815008385305,-0.03656925503238937,0,-9.210340371976182,1,-0.6819171054196009,-1.0910029067932832,-0.5580228640724171,connected,0,0,0,-9.210340371976182,-9.210340371976182,-9.210340371976182,-0.24954335540271758,-0.3336384980437742,-0.25991197094852375,-0.4166342281125043,-0.7119043022658508,-0.6342699898538559
snake_pacificdeadmans_2021,goosewing_NA,0,85,0,snake_pacificdeadmans,2021,40.396075600271566,0.12725499272346497,0.04498435530865712,3.698732641641705,-3.1014405094671185,-0.23338154005733883,-0.6993754120336815,106.13111201283608,0.9911990741204953,0,-9.210340371976182,0,-0.6819171054196009,-1.0910029067932832,-0.5580228640724171,low flow,0,0,0,-9.210340371976182,-9.210340371976182,-9.210340371976182,-0.24954335540271758,-0.3336384980437742,-0.25991197094852375,-0.4166342281125043,-0.7119043022658508,-0.6342699898538559
snake_pacificdeadmans_2021,granite_lower,0,85,0,snake_pacificdeadmans,2021,220.38266084017036,0.4365609884262085,0.07926979243391333,5.395365402859918,-2.5348981506061192,0.9629575196659279,0.06862151613696778,107.76990602031243,1.033356163296602,0.01361268617305474,-4.289433876586555,1,-0.18466329924203148,0.6483019714825007,0.0820621858930025,connected,0,1.7526340459353155e-4,1.7526340459353155e-4,-9.210340371976182,-8.197782083843256,-8.197782083843256,-0.24954335540271758,-0.24718634342514625,-0.25658706838461787,-0.4166342281125043,0.13799518249487042,-0.1543964671959935
snake_pacificdeadmans_2021,granite_upper,1.310099989922952e-4,85,0,snake_pacificdeadmans,2021,131.17478860877102,0.06855929642915726,0.05121030340437559,4.876530698050768,-2.9718145288156883,0.5971139281172764,-0.5236562387108771,122.76215734698778,1.4190237171477076,0.02287024840533575,-3.7735554480019577,1,0.15350346647974358,0.8306403004621478,0.0820621858930025,connected,0,0,0,-9.210340371976182,-9.210340371976182,-9.210340371976182,-0.24954335540271758,-0.3336384980437742,-0.25991197094852375,-0.4166342281125043,-0.7119043022658508,-0.6342699898538559
snake_pacificdeadmans_2021,grosventre_lower,0.1110336715119504,85,9,snake_pacificdeadmans,2021,1589.6465467527958,0.11285000294446944,0.12772197756082734,7.371266972862744,-2.0578994276911646,2.3562161436863795,0.7152343390095599,54.4803363782283,-0.3374891835308594,0.01761397843891535,-4.033401208773123,0,-0.03850127188504782,0.7387972630599943,5.416104268938166,low flow,4.402174527288961e-4,8.985182924761807e-5,5.300692819765142e-4,-7.523538809225212,-8.569266636107082,-7.369680773233814,-0.2411087917422351,-0.2893172990296571,-0.2498560855297801,0.36361174228060683,-0.17381356300240194,0.2380588587808339
snake_pacificdeadmans_2021,hoback_upper,6.002680900051802e-6,85,0,snake_pacificdeadmans,2021,114.07783296671197,0.13229399919509888,0.0672652044873204,4.736880960751974,-2.699112197023675,0.4986433343450082,-0.1539847572310184,153.39450875188373,2.2070243834661487,0.03506377966670531,-3.3477387128897176,1,0.598917380631602,0.981146132126715,0.29542386921480907,connected,0,4.72481868508296e-5,4.72481868508296e-5,-9.210340371976182,-8.823391048915319,-8.823391048915319,-0.24954335540271758,-0.310332391646087,-0.25901563084852075,-0.4166342281125043,-0.3871150687449412,-0.4508862410627788
snake_pacificdeadmans_2021,horse_NA,1.4275553358259496e-4,85,0,snake_pacificdeadmans,2021,63.20355466451241,0.3199459910392761,0.05410708739882333,4.14636054426279,-2.916790096186639,0.08225231799871911,-0.44906588448140466,86.91228292441757,0.4968050941299975,0.03164378982505175,-3.450058168836203,0,0.4739895784159695,0.94498110256621,-0.13129949742880404,culvert_diversion,0,0,0,-9.210340371976182,-9.210340371976182,-9.210340371976182,-0.24954335540271758,-0.3336384980437742,-0.25991197094852375,-0.4166342281125043,-0.7119043022658508,-0.6342699898538559
snake_pacificdeadmans_2021,lava_NA,0,85,0,snake_pacificdeadmans,2021,65.33372895413697,0.15424099564552307,0.03712820915992983,4.179508425964538,-3.2933782435768575,0.10562573535417148,-0.9595635301695766,20.0126170836202,-1.224152613694014,0,-9.210340371976182,0,-0.6819171054196009,-1.0910029067932832,-0.5580228640724171,culvert_diversion,0,1.3745704467353953e-5,1.3745704467353953e-5,-9.210340371976182,-9.081545263770613,-9.081545263770613,-0.24954335540271758,-0.3268581563591559,-0.259651202717231,-0.4166342281125043,-0.6037990234028876,-0.5732311706569175
snake_pacificdeadmans_2021,leidy_NA,4.7096686883599056e-5,85,0,snake_pacificdeadmans,2021,10.736033129626785,0.0376180000603199,0.04548522459554739,2.3736056660690865,-3.090367739926582,-1.1677623891175724,-0.6843653199188215,37.83734418178513,-0.765621153126694,0,-9.210340371976182,1,-0.6819171054196009,-1.0910029067932832,-0.5580228640724171,connected,0,0,0,-9.210340371976182,-9.210340371976182,-9.210340371976182,-0.24954335540271758,-0.3336384980437742,-0.25991197094852375,-0.4166342281125043,-0.7119043022658508,-0.6342699898538559
snake_pacificdeadmans_2021,littlegreys_steer,0,85,0,snake_pacificdeadmans,2021,179.34572943407238,0.18192599713802335,0.05653151460733583,5.1893153923430955,-2.872957015670742,0.8176663986453313,-0.38964637125004736,152.36346377169508,2.1805013091956216,0.01672746827853964,-4.084742711177624,1,-0.0708843405797834,0.7206504997199836,0.0820621858930025,connected,0,2.003345587130508e-4,2.003345587130508e-4,-9.210340371976182,-8.110613508966717,-8.110613508966717,-0.24954335540271758,-0.23481949880384692,-0.25611144630706323,-0.4166342281125043,0.21116087354017601,-0.11308537273228468
snake_pacificdeadmans_2021,lowerbarbc_NA,0.041944947888626453,85,4,snake_pacificdeadmans,2021,6.396831141622167,0.3782680034637451,0.2384034549706952,1.8558027336247136,-1.4337908515692135,-1.532878451639943,1.5612672292426015,46.296913929260505,-0.5480032984061949,0,-9.210340371976182,1,-0.6819171054196009,-1.0910029067932832,-0.5580228640724171,connected,0.3226711560044893,0,0.3226711560044893,-1.1308117022030537,-9.210340371976182,-1.1308117022030537,5.932833989816739,-0.3336384980437742,5.861446657145803,3.3206279528550064,-0.7119043022658508,3.1947953880300908
snake_pacificdeadmans_2021,mosquito_NA,0,85,0,snake_pacificdeadmans,2021,61.64128666828233,0.5507169961929321,0.08812801689048827,4.121331884151681,-2.428964784217375,0.06460397099759342,0.21222331166889216,64.27315753796654,-0.08557415758291023,0.06489157212966175,-2.7334976770366906,1,1.6884880313851962,1.1982509340767773,0.29542386921480907,connected,0,1.4571312000932565e-5,1.4571312000932565e-5,-9.210340371976182,-9.07431311660181,-9.07431311660181,-0.24954335540271758,-0.3264509090486704,-0.2596355402084971,-0.4166342281125043,-0.59772865864017,-0.5698036979089801
snake_pacificdeadmans_2021,northbuffalofork_NA,0.0288734656693103,85,2,snake_pacificdeadmans,2021,211.7277106985484,0.4812009930610657,0.10908345246553668,5.3553010656471765,-2.215642070739795,0.9347071330147165,0.5014006098839496,58.988373299489766,-0.2215223727957749,0.03778437868905201,-3.2732164236527206,1,0.6982973414818484,1.0074861939286666,1.1488706025020352,connected,0,4.2428973897695254e-6,4.2428973897695254e-6,-9.210340371976182,-9.168786830160125,-9.168786830160125,-0.24954335540271758,-0.33154560465269795,-0.25983147941383994,-0.4166342281125043,-0.67702598050072,-0.6145768573953277
snake_pacificdeadmans_2021,deadman_greys,4.4698062211045354e-5,85,0,snake_pacificdeadmans,2021,42.60696343033698,0.05682190135121345,0.0415623772348318,3.7520177007230955,-3.1805599143188346,-0.19580888501031607,-0.8066285748986248,173.2934058065252,2.7189127439383176,0.14082205153648392,-1.9595483674509768,1,4.462130162698441,1.471804965424821,0.7221472358584221,connected,0,0,0,-9.210340371976182,-9.210340371976182,-9.210340371976182,-0.24954335540271758,-0.3336384980437742,-0.25991197094852375,-0.4166342281125043,-0.7119043022658508,-0.6342699898538559
snake_pacificdeadmans_2021,pacific_NA,0.001990317738384293,85,0,snake_pacificdeadmans,2021,415.0574929301797,0.1369519978761673,0.04158214126053129,6.028417047816465,-3.1800845005109393,1.409338390644628,-0.8059841105644706,12.749859291180014,-1.410983128403949,0.01927443820739732,-3.9438006999103465,1,0.02215317422396,0.7704667536928741,1.1488706025020352,connected,0,1.0388508578094532e-4,1.0388508578094532e-4,-9.210340371976182,-8.49795402783129,-8.49795402783129,-0.24954335540271758,-0.2823951165784162,-0.2579411785354372,-0.4166342281125043,-0.11395671353421293,-0.2966545177722249
snake_pacificdeadmans_2021,rock_NA,8.305127330681057e-5,85,0,snake_pacificdeadmans,2021,11.98579900144692,0.02564449980854988,0.01921974716928189,2.48372253245161,-3.9518170300904103,-1.090116176337176,-1.8521339752947334,14.342677925647024,-1.370008730823624,0,-9.210340371976182,1,-0.6819171054196009,-1.0910029067932832,-0.5580228640724171,connected,0,0,0,-9.210340371976182,-9.210340371976182,-9.210340371976182,-0.24954335540271758,-0.3336384980437742,-0.25991197094852375,-0.4166342281125043,-0.7119043022658508,-0.6342699898538559
snake_pacificdeadmans_2021,shoal_NA,0,85,0,snake_pacificdeadmans,2021,82.64969488421343,0.1540520042181015,0.06550537569878219,4.414611132599159,-2.725623067971499,0.2714026538616901,-0.18992252451816394,110.92946835009704,1.1146341947554268,0.01209925821747958,-4.40638013093737,1,-0.23994686353773353,0.6069670688829447,-0.3446611807506106,connected,0,0,0,-9.210340371976182,-9.210340371976182,-9.210340371976182,-0.24954335540271758,-0.3336384980437742,-0.25991197094852375,-0.4166342281125043,-0.7119043022658508,-0.6342699898538559
snake_pacificdeadmans_2021,slate_NA,0,85,0,snake_pacificdeadmans,2021,97.25682381756316,0.03599809855222702,0.03336693660136213,4.577355147826764,-3.4001897914108823,0.3861576123909513,-1.1043557762332283,91.82068131223056,0.6230709869773488,0.01028205488054828,-4.567676455466213,0,-0.3063269493195021,0.5499565395498207,-0.3446611807506106,waterfall,0,7.388457382454261e-5,7.388457382454261e-5,-9.210340371976182,-8.657118847700668,-8.657118847700668,-0.24954335540271758,-0.29719346483775755,-0.2585103149125016,-0.4166342281125043,-0.24755307039032232,-0.3720862076700571
snake_pacificdeadmans_2021,snakeriversidechannel_NA,0.11306642509756755,85,10,snake_pacificdeadmans,2021,18.81037955717093,0.5644689798355103,0.3722616615355763,2.934408821587343,-0.9881582807479885,-0.7723257718965152,2.1653605333541472,25.426605030685376,-1.0848807029831207,0,-9.210340371976182,1,-0.6819171054196009,-1.0910029067932832,-0.5580228640724171,connected,0,1.4316392269148176e-4,1.4316392269148176e-4,-9.210340371976182,-8.321774763072561,-8.321774763072561,-0.24954335540271758,-0.2630200502905912,-0.25719602408717135,-0.4166342281125043,0.03392086358785493,-0.21315931024700205
snake_pacificdeadmans_2021,spread_southfork,0,85,0,snake_pacificdeadmans,2021,98.90320211647273,0.01897189952433109,0.03276703860723393,4.594141615419727,-3.41833218937435,0.3979941790984226,-1.1289493581387449,32.635778795305185,-0.8994286083973337,0.01011089609436867,-4.584299884313153,1,-0.31257915823746063,0.5440809532296494,-0.3446611807506106,connected,0,0,0,-9.210340371976182,-9.210340371976182,-9.210340371976182,-0.24954335540271758,-0.3336384980437742,-0.25991197094852375,-0.4166342281125043,-0.7119043022658508,-0.6342699898538559
snake_pacificdeadmans_2021,spread_uppermainstem,0,85,0,snake_pacificdeadmans,2021,202.6088598876728,0.07364709675312042,0.04527153653174867,5.3112773217946065,-3.095076776609305,0.9036648676936901,-0.6907488244360215,22.70408768861971,-1.1549159885951934,0.02467809158381336,-3.697795420120856,1,0.2195416377886189,0.8574178436232227,0.5087855525366156,connected,0,3.546791040805831e-5,3.546791040805831e-5,-9.210340371976182,-8.90677576924841,-8.90677576924841,-0.24954335540271758,-0.31614324692898294,-0.25923911316326254,-0.4166342281125043,-0.4571047490217056,-0.49040408408578545
snake_pacificdeadmans_2021,spring_nps,5.767270448900914e-5,85,0,snake_pacificdeadmans,2021,4.013031939407464,0.25288400053977966,0.09214421894145744,1.3895470502382712,-2.384400332141274,-1.8616472333135063,0.2726342619972348,18.101347888877836,-1.273318979640383,0,-9.210340371976182,0,-0.6819171054196009,-1.0910029067932832,-0.5580228640724171,culvert_diversion,0,6.727965911639381e-4,6.727965911639381e-4,-9.210340371976182,-7.165494686095443,-7.165494686095443,-0.24954335540271758,-0.00176821935618749,-0.24714842161467337,-0.4166342281125043,1.0044544646450324,0.33482711208651617
snake_pacificdeadmans_2021,spring_tss,4.4293750898147566e-5,85,0,snake_pacificdeadmans,2021,24.857829441667217,0.359358012676239,0.20042810356345644,3.2131727709942544,-1.6072996822611672,-0.5757621968310707,1.326061075814283,80.00689740052836,0.3191677876729846,0,-9.210340371976182,1,-0.6819171054196009,-1.0910029067932832,-0.5580228640724171,connected,0.18503922773780687,0.00325391373513142,0.1882931414729383,-1.6866471545853954,-5.6976273359084795,-1.6692243215739715,3.295807098937877,1.271419066583958,3.3121762827357326,3.0635210224964284,2.2365215162330907,2.9396298698282872
snake_pacificdeadmans_2021,threechannel_NA,0,85,0,snake_pacificdeadmans,2021,32.364754827547884,0.2897590100765228,0.117843813057241,3.477070016734667,-2.138395149431708,-0.38968151393422557,0.6061154601460216,43.7782093455183,-0.6127956110828818,0,-9.210340371976182,1,-0.6819171054196009,-1.0910029067932832,-0.5580228640724171,connected,0.02484110022481889,0.01035277137861167,0.03519387160343057,-3.691238224834839,-4.560888132036704,-3.3440459390826396,0.2264119706386022,4.7730715651936615,0.4077470546159004,2.136278518465708,3.1906533178297867,2.1458952682386987
snake_pacificdeadmans_2021,upperbarbc_NA,0.26692561368621476,85,23,snake_pacificdeadmans,2021,5.737050517642647,0.4632450044155121,0.3517652148147659,1.7469452311662268,-1.044791329296893,-1.609636654777257,2.0885895617961863,25.15925977477151,-1.0917580150448885,0,-9.210340371976182,1,-0.6819171054196009,-1.0910029067932832,-0.5580228640724171,connected,0,6.263701847792045e-4,6.263701847792045e-4,-9.210340371976182,-7.22745077670238,-7.22745077670238,-0.24954335540271758,-0.024668966220421217,-0.2480291718088142,-0.4166342281125043,0.9524510885414027,0.30546476544622353
snake_pacificdeadmans_2021,white_NA,4.1777348348150194e-5,85,0,snake_pacificdeadmans,2021,32.672161808639686,0.1206509992480278,0.06405398730038497,3.4865233944871217,-2.7480289996436165,-0.3830156960211845,-0.22029569331631507,161.9486796989372,2.4270758028620043,0.06121419242821969,-2.7917439387230294,1,1.5541581107467735,1.1776636688671474,-0.13129949742880404,connected,0,0,0,-9.210340371976182,-9.210340371976182,-9.210340371976182,-0.24954335540271758,-0.3336384980437742,-0.25991197094852375,-0.4166342281125043,-0.7119043022658508,-0.6342699898538559
snake_pacificdeadmans_2021,willow_NA,0,85,0,snake_pacificdeadmans,2021,185.7033360595004,0.3712950050830841,0.07220654056398042,5.224150432976511,-2.6282246476575253,0.8422294748215096,-0.057890582969804004,93.2363466360599,0.6594882114899644,0.01076986575706528,-4.521760927781279,1,-0.2885078494034962,0.5661854805723404,-0.13129949742880404,connected,0,1.934516612661411e-5,1.934516612661411e-5,-9.210340371976182,-9.03349070766187,-9.03349070766187,-0.24954335540271758,-0.32409611070410244,-0.2595449759526047,-0.4166342281125043,-0.5634640195261876,-0.5504570653141193
snake_wilsonsouthpark_2021,bailey_NA,0.059848944932958996,81,5,snake_wilsonsouthpark,2021,41.571436204356225,0.00952018983662128,0.02815868421076803,3.7274133017261057,-3.5698994742538495,-0.21315807467230266,-1.3344118577700934,39.85075004027878,-0.7138273767661605,0,-9.210340371976182,1,-0.6819171054196009,-1.0910029067932832,-0.5580228640724171,connected,0,0,0,-9.210340371976182,-9.210340371976182,-9.210340371976182,-0.24954335540271758,-0.3336384980437742,-0.25991197094852375,-0.4166342281125043,-0.7119043022658508,-0.6342699898538559
snake_wilsonsouthpark_2021,blackrock_lower,9.065284395234911e-5,81,0,snake_wilsonsouthpark,2021,124.92159198396442,0.13935300707817078,0.04385356876906868,4.8276862763615664,-3.1268991776359423,0.5626724798250547,-0.7338868278937084,96.79540680287404,0.7510431086588677,0.02401506378805271,-3.7249185803038998,1,0.19532209060651237,0.8478311049065204,0.0820621858930025,connected,0,8.272310060567697e-4,8.272310060567697e-4,-9.210340371976182,-6.983307825970708,-6.983307825970708,-0.24954335540271758,0.0744096224797411,-0.24421866349874877,-0.4166342281125043,1.157374568470067,0.42116945047302
snake_wilsonsouthpark_2021,blackrock_upper,4.566237238897458e-5,81,0,snake_wilsonsouthpark,2021,80.686204569364,0.1924089938402176,0.06852655983759876,4.390567613566922,-2.6805338740082356,0.25444895497707576,-0.12880024139868984,115.02112778567586,1.2198899199515318,0.02478738479117143,-3.6933942387870102,1,0.22353397718859186,0.8589734505365639,-0.13129949742880404,connected,0,4.900268401064695e-4,4.900268401064695e-4,-9.210340371976182,-7.435342530393345,-7.435342530393345,-0.24954335540271758,-0.09192302842584753,-0.2506157262428401,-0.4166342281125043,0.7779553618077346,0.20694031569908214
snake_wilsonsouthpark_2021,blacktail_NA,0,81,0,snake_wilsonsouthpark,2021,61.14455063095294,0.17830100655555725,0.2664974502977697,4.1132407433781335,-1.3223906027849708,0.05889870114404863,1.7122798543810784,37.431241956356,-0.7760679131550609,0,-9.210340371976182,1,-0.6819171054196009,-1.0910029067932832,-0.5580228640724171,connected,0,1.46864444118079e-4,1.46864444118079e-4,-9.210340371976182,-8.306671181225756,-8.306671181225756,-0.24954335540271758,-0.2611946946136107,-0.2571258219065871,-0.4166342281125043,0.04659818456787542,-0.20600139241597806
snake_wilsonsouthpark_2021,blindbull_NA,0.002601900280665464,81,0,snake_wilsonsouthpark,2021,36.35174492325697,0.04732979834079742,0.07027445956149014,3.5932422062182408,-2.6553468525572104,-0.3077655382972935,-0.09465706604452084,112.33624655775644,1.1508228030129273,0.08252698753067757,-2.493418926265378,1,2.332686929398121,1.2831072797070224,0.0820621858930025,connected,0,4.9432759089448577e-5,4.9432759089448577e-5,-9.210340371976182,-8.80866403828822,-8.80866403828822,-0.24954335540271758,-0.30925480800912264,-0.25897418757144836,-0.4166342281125043,-0.37475382604836954,-0.44390678857034355
snake_wilsonsouthpark_2021,cody_bluecrane,5.276242432835115e-4,81,0,snake_wilsonsouthpark,2021,18.511707107521175,0.5193600058555603,0.29697441361563093,2.918403348563038,-1.214109293332834,-0.7836116394018523,1.8590644888164,12.30497327982516,-1.4224275803413653,0,-9.210340371976182,1,-0.6819171054196009,-1.0910029067932832,-0.5580228640724171,connected,0.08362064779293935,0.00689554703054436,0.0905161948234837,-2.4802696438215244,-4.9624814708424285,-2.401122331096148,1.3526277370157538,3.067727003483424,1.457260698049786,2.696423455767853,2.8535725040786315,2.5927673927028443
snake_wilsonsouthpark_2021,boulder_NA,0,81,0,snake_wilsonsouthpark,2021,53.69998009443431,0.1402049958705902,0.04973721661138328,3.983412630833825,-3.0010018009305037,-0.032646414356009776,-0.5632220981303292,47.90330952199903,-0.5066796409201214,0,-9.210340371976182,1,-0.6819171054196009,-1.0910029067932832,-0.5580228640724171,connected,0,1.338956952533976e-4,1.338956952533976e-4,-9.210340371976182,-8.360635288761552,-8.360635288761552,-0.24954335540271758,-0.26759178751877144,-0.2573718505995184,-0.4166342281125043,0.0013029480093809025,-0.23157616345265597
snake_wilsonsouthpark_2021,box_NA,1.8039191274109962e-5,81,0,snake_wilsonsouthpark,2021,29.14147010476363,0.05944409966468811,0.02514578939696184,3.372162249211866,-3.6830648160565183,-0.4636546581671469,-1.487817218411723,108.4291893556491,1.0503158703942066,0,-9.210340371976182,0,-0.6819171054196009,-1.0910029067932832,-0.5580228640724171,low flow,0,0,0,-9.210340371976182,-9.210340371976182,-9.210340371976182,-0.24954335540271758,-0.3336384980437742,-0.25991197094852375,-0.4166342281125043,-0.7119043022658508,-0.6342699898538559
snake_wilsonsouthpark_2021,cabin_NA,0,81,0,snake_wilsonsouthpark,2021,23.51004271715979,0.0558410994708538,0.04978562821142316,3.1574276795286256,-3.0000289267337403,-0.6150694834947404,-0.5619032834240238,37.96341953996718,-0.7623779327502813,0,-9.210340371976182,1,-0.6819171054196009,-1.0910029067932832,-0.5580228640724171,connected,0,0,0,-9.210340371976182,-9.210340371976182,-9.210340371976182,-0.24954335540271758,-0.3336384980437742,-0.25991197094852375,-0.4166342281125043,-0.7119043022658508,-0.6342699898538559
snake_wilsonsouthpark_2021,clear_NA,0,81,0,snake_wilsonsouthpark,2021,16.604101618688585,0.07531759887933731,0.02877694341500888,2.8096497503050797,-3.548180788339982,-0.860296577035633,-1.304970309746593,110.480047720901,1.103073092227492,0,-9.210340371976182,1,-0.6819171054196009,-1.0910029067932832,-0.5580228640724171,connected,0,5.4124269322364146e-5,5.4124269322364146e-5,-9.210340371976182,-8.777751337302915,-8.777751337302915,-0.24954335540271758,-0.30694062742481,-0.25888518545239114,-0.4166342281125043,-0.34880698531052073,-0.42925658335199407
snake_wilsonsouthpark_2021,cliff_NA,0.029034180630650448,81,2,snake_wilsonsouthpark,2021,158.3813173763604,0.2303059995174408,0.0598667292930114,5.065005526567855,-2.8156343656856224,0.7300123397733954,-0.31194058559320764,50.68121858983324,-0.43521943313223554,0.05682488407779412,-2.866022703436794,1,1.3938223580533489,1.151409681326439,1.3622322858238418,connected,0,1.701915221929745e-4,1.701915221929745e-4,-9.210340371976182,-8.21637950897418,-8.21637950897418,-0.24954335540271758,-0.24968815013440973,-0.25668328650178013,-0.4166342281125043,0.12238527418451206,-0.16321019378787024
snake_wilsonsouthpark_2021,fall_coburn,0,81,0,snake_wilsonsouthpark,2021,116.5315084203892,0.2628070116043091,0.10592850612511062,4.75816169498255,-2.2449908829454603,0.5136489231569016,0.46161576896804113,24.368024774032413,-1.112112107342786,0.00858137008226551,-4.746575919186889,0,-0.36845076370144103,0.4867241431891463,-0.3446611807506106,waterfall,0,1.2334543660430012e-4,1.2334543660430012e-4,-9.210340371976182,-8.406790941965202,-8.406790941965202,-0.24954335540271758,-0.27279591209979054,-0.25757199838344175,-0.4166342281125043,-0.03743819542534349,-0.2534503371698559
snake_wilsonsouthpark_2021,cottonwood_grosventre,2.2666594906332773e-5,81,0,snake_wilsonsouthpark,2021,89.17802924901731,0.14260199666023254,0.07427305852988855,4.490634700379434,-2.6000069969197113,0.3250088117020927,-0.019639128779508592,82.80096793245718,0.3910437403805764,0.02242704864463058,-3.7930385298063016,0,0.13731395288147488,0.8237539637154752,-0.13129949742880404,low flow,2.0141392575882696e-5,0,2.0141392575882696e-5,-9.026841237333569,-9.210340371976182,-9.026841237333569,-0.24915744644604412,-0.3336384980437742,-0.25952987082915485,-0.33175497287751304,-0.7119043022658508,-0.5473057358670669
snake_wilsonsouthpark_2021,cottonwood_nps,0,81,0,snake_wilsonsouthpark,2021,187.15270214946145,0.4438450038433075,0.15160907633961737,5.2319248726617085,-1.8864499372519228,0.8477114306551253,0.9476488794836052,38.68229205902218,-0.7438853261421311,0.07480522503393781,-2.591531630759407,1,2.05062094013706,1.2484291354043062,2.4290407024328746,connected,4.801044707328315e-6,4.0328775541557846e-4,4.080888001229067e-4,-9.16344681754564,-7.5943484730779875,-7.584854322270576,-0.24945136741594023,-0.1347088043758597,-0.2521701636900334,-0.39494317227653003,0.6444923598794643,0.13608340692861376
snake_wilsonsouthpark_2021,cowboycabin_NA,1.914860882736257e-4,81,0,snake_wilsonsouthpark,2021,6.639295264034606,NA,0.15103490929646746,1.8930058229210844,-1.890244281493076,-1.5066456039165121,0.942505319296003,47.080313215946504,-0.527850775612816,0,-9.210340371976182,1,-0.6819171054196009,-1.0910029067932832,-0.5580228640724171,connected,0,0,0,-9.210340371976182,-9.210340371976182,-9.210340371976182,-0.24954335540271758,-0.3336384980437742,-0.25991197094852375,-0.4166342281125043,-0.7119043022658508,-0.6342699898538559
snake_wilsonsouthpark_2021,crystal_lower,0,81,0,snake_wilsonsouthpark,2021,185.11488744216464,0.08405669778585434,0.05345949334579199,5.220976645530312,-2.9288310455741864,0.8399915562949208,-0.4653884277074507,60.85086473288096,-0.17361078836905428,0,-9.210340371976182,0,-0.6819171054196009,-1.0910029067932832,-0.5580228640724171,low flow,0.00159203207362177,1.4561268966052827e-4,0.0017376447632823,-6.381825061936533,-8.311754695027139,-6.299270547241813,-0.21904003075883446,-0.26181214735658187,-0.22694730532426494,0.8917222031291218,0.0423312936528489,0.745349680312629
snake_wilsonsouthpark_2021,crystal_upper,1.0218336669480376e-4,81,0,snake_wilsonsouthpark,2021,155.6115004101287,0.01565520092844963,0.0350789321250407,5.047362519103877,-3.350154553074885,0.7175718049431052,-1.0365287042741476,69.57124848497962,0.05071636550748286,0,-9.210340371976182,0,-0.6819171054196009,-1.0910029067932832,-0.5580228640724171,waterfall,0,0,0,-9.210340371976182,-9.210340371976182,-9.210340371976182,-0.24954335540271758,-0.3336384980437742,-0.25991197094852375,-0.4166342281125043,-0.7119043022658508,-0.6342699898538559
snake_wilsonsouthpark_2021,deadmansbar_NA,7.50068155101848e-5,81,0,snake_wilsonsouthpark,2021,11.761208318342591,0.4607529938220978,0.12284876516395296,2.464806685350634,-2.096801231640941,-1.1034542228796713,0.6624995955849202,55.32651112390659,-0.3157217960194404,0,-9.210340371976182,1,-0.6819171054196009,-1.0910029067932832,-0.5580228640724171,connected,0.00183668783959592,0.00107140123976429,0.00290808907936022,-6.246776064180481,-6.749554605947969,-5.806450259184024,-0.2143524278021114,0.19485143888006076,-0.20474293632628776,0.954190390633608,1.353577338806193,0.9789079953639275
snake_wilsonsouthpark_2021,dell_NA,1.6698978905650366e-4,81,0,snake_wilsonsouthpark,2021,118.1568591435451,0.21458500623703003,0.05066461454892191,4.772013056484806,-2.9825275499481214,0.5234158716529316,-0.5381786608960017,58.68327997717588,-0.22937073344216738,0.00846332584708545,-4.760266630750077,1,-0.37276276682076614,0.48188513203719124,-0.3446611807506106,connected,0.02027330174976997,5.170984692364432e-4,0.02079040021900641,-3.8935299730335315,-7.390481953216503,-3.868465545195727,0.13889298022324095,-0.07856940978109699,0.13450040026564955,2.0427065626048213,0.815609472070334,1.8973613451196976
snake_wilsonsouthpark_2021,ditch_NA,1.9128454019494531e-4,81,0,snake_wilsonsouthpark,2021,67.69148631266991,0.03313380107283592,0.03794501053647849,4.214960415919721,-3.271617258448648,0.13062383824230042,-0.9300646419204589,51.25119871739368,-0.42055700273735225,0.01477290652743177,-4.208214075106562,0,-0.14228195144010805,0.6770092832469276,-0.3446611807506106,low flow,0,0,0,-9.210340371976182,-9.210340371976182,-9.210340371976182,-0.24954335540271758,-0.3336384980437742,-0.25991197094852375,-0.4166342281125043,-0.7119043022658508,-0.6342699898538559
snake_wilsonsouthpark_2021,dog_NA,0.008978896331456465,81,1,snake_wilsonsouthpark,2021,31.090483742564395,0.06368420273065567,0.06185985047343163,3.4369017833759394,-2.7828839289051213,-0.4180051604095067,-0.26754454979768644,32.745768053127875,-0.8965991942493131,0.03216418272163939,-3.433797558098338,1,0.49299885735227406,0.9507284500532249,-0.3446611807506106,connected,0,0,0,-9.210340371976182,-9.210340371976182,-9.210340371976182,-0.24954335540271758,-0.3336384980437742,-0.25991197094852375,-0.4166342281125043,-0.7119043022658508,-0.6342699898538559
snake_wilsonsouthpark_2021,fish_grosventre,1.5411239250278345e-4,81,0,snake_wilsonsouthpark,2021,587.8758585030148,0.0790754035115242,0.05700038366984491,6.376515800613735,-2.8646972801203296,1.6547917050750964,-0.37844958881885943,84.00343729395713,0.42197661411151777,0.0136083152323544,-4.289752679001736,0,-0.1848229640482416,0.6481892900900684,1.1488706025020352,low flow,4.584436144917083e-6,1.11554612859649e-4,1.161390490045661e-4,-9.16551581143003,-8.461027375979677,-8.439588612003783,-0.24945551763465085,-0.2786119700487823,-0.2577087099614373,-0.39590020490959804,-0.08296201154970495,-0.26899387045662126
snake_wilsonsouthpark_2021,fish_NA,0.40912996177262023,81,33,snake_wilsonsouthpark,2021,233.3741440851509,0.18696600198745728,0.19327329665870344,5.452642934303585,-1.643650046859559,1.0033453688675344,1.2767850280257762,4.808081048445619,-1.6152810768150452,0.02999475382091136,-3.5034044140819387,1,0.4137524276318896,0.926125758600513,0.9355089191802287,connected,0.03691386252184423,0.00802943870913108,0.04494330123097531,-3.296462773753929,-4.812263397273023,-3.1001310022999364,0.45772602127630674,3.62704159026381,0.5927024002022878,2.3188856263306405,2.979659332683629,2.261491892467229
snake_wilsonsouthpark_2021,spreadnf_flagstaff,3.5504301402786107e-6,81,0,snake_wilsonsouthpark,2021,62.105753464464634,0.05579309910535812,0.07693418338645021,4.12883863302891,-2.564804983860054,0.06989717121077008,0.02808022966280149,97.77446923655528,0.7762289600455445,0.04830470339139393,-3.02815829247284,1,1.0825911857650083,1.0941025121663015,0.0820621858930025,connected,0,7.227731359680823e-5,7.227731359680823e-5,-9.210340371976182,-8.666405091138806,-8.666405091138806,-0.24954335540271758,-0.29798627786134746,-0.2585408060675972,-0.4166342281125043,-0.25534755847652363,-0.37648716157379225
snake_wilsonsouthpark_2021,flat_NA,1.4861430090960215e-4,81,0,snake_wilsonsouthpark,2021,173.36864105262885,0.4952880144119262,0.23744731527971188,5.155420200544216,-1.437809510516657,0.79376603386828,1.555819591164476,41.92578196711438,-0.6604483031401917,0,-9.210340371976182,1,-0.6819171054196009,-1.0910029067932832,-0.5580228640724171,connected,0,1.0364036792330612e-4,1.0364036792330612e-4,-9.210340371976182,-8.4991550221978,-8.4991550221978,-0.24954335540271758,-0.28251582852119533,-0.25794582105070835,-0.4166342281125043,-0.11496477845774382,-0.29722369527450193
snake_wilsonsouthpark_2021,fordspring_NA,0,81,0,snake_wilsonsouthpark,2021,0.371298460979693,0.36350199580192566,0.3083825652441645,-0.9907490627586949,-1.1764141718217336,-3.540054770157885,1.910163470339593,3.917326455743529,-1.6381952567713143,0,-9.210340371976182,1,-0.6819171054196009,-1.0910029067932832,-0.5580228640724171,connected,0,0,0,-9.210340371976182,-9.210340371976182,-9.210340371976182,-0.24954335540271758,-0.3336384980437742,-0.25991197094852375,-0.4166342281125043,-0.7119043022658508,-0.6342699898538559
snake_wilsonsouthpark_2021,goosewing_NA,1.5435298722718657e-4,81,0,snake_wilsonsouthpark,2021,40.396075600271566,0.12725499272346497,0.04498435530865712,3.698732641641705,-3.1014405094671185,-0.23338154005733883,-0.6993754120336815,79.49070551322032,0.30588903065657425,0,-9.210340371976182,0,-0.6819171054196009,-1.0910029067932832,-0.5580228640724171,low flow,0,0,0,-9.210340371976182,-9.210340371976182,-9.210340371976182,-0.24954335540271758,-0.3336384980437742,-0.25991197094852375,-0.4166342281125043,-0.7119043022658508,-0.6342699898538559
snake_wilsonsouthpark_2021,granite_lower,0.006471223776607861,81,1,snake_wilsonsouthpark,2021,220.38266084017036,0.4365609884262085,0.07926979243391333,5.395365402859918,-2.5348981506061192,0.9629575196659279,0.06862151613696778,44.45186954483265,-0.5954660669380247,0.01361268617305474,-4.289433876586555,1,-0.18466329924203148,0.6483019714825007,0.0820621858930025,connected,0,1.7526340459353155e-4,1.7526340459353155e-4,-9.210340371976182,-8.197782083843256,-8.197782083843256,-0.24954335540271758,-0.24718634342514625,-0.25658706838461787,-0.4166342281125043,0.13799518249487042,-0.1543964671959935
snake_wilsonsouthpark_2021,granite_upper,1.4975253092573885e-4,81,0,snake_wilsonsouthpark,2021,131.17478860877102,0.06855929642915726,0.05121030340437559,4.876530698050768,-2.9718145288156883,0.5971139281172764,-0.5236562387108771,59.44412087150799,-0.20979851308691908,0.02287024840533575,-3.7735554480019577,1,0.15350346647974358,0.8306403004621478,0.0820621858930025,connected,0,0,0,-9.210340371976182,-9.210340371976182,-9.210340371976182,-0.24954335540271758,-0.3336384980437742,-0.25991197094852375,-0.4166342281125043,-0.7119043022658508,-0.6342699898538559
snake_wilsonsouthpark_2021,grosventre_lower,0.08308079674956975,81,7,snake_wilsonsouthpark,2021,1589.6465467527958,0.11285000294446944,0.12772197756082734,7.371266972862744,-2.0578994276911646,2.3562161436863795,0.7152343390095599,27.839929878612576,-1.0227992269947794,0.01761397843891535,-4.033401208773123,0,-0.03850127188504782,0.7387972630599943,5.416104268938166,low flow,4.402174527288961e-4,8.985182924761807e-5,5.300692819765142e-4,-7.523538809225212,-8.569266636107082,-7.369680773233814,-0.2411087917422351,-0.2893172990296571,-0.2498560855297801,0.36361174228060683,-0.17381356300240194,0.2380588587808339
snake_wilsonsouthpark_2021,hoback_upper,0.021968253888641365,81,2,snake_wilsonsouthpark,2021,114.07783296671197,0.13229399919509888,0.0672652044873204,4.736880960751974,-2.699112197023675,0.4986433343450082,-0.1539847572310184,90.07647227640396,0.5782021532315224,0.03506377966670531,-3.3477387128897176,1,0.598917380631602,0.981146132126715,0.29542386921480907,connected,0,4.72481868508296e-5,4.72481868508296e-5,-9.210340371976182,-8.823391048915319,-8.823391048915319,-0.24954335540271758,-0.310332391646087,-0.25901563084852075,-0.4166342281125043,-0.3871150687449412,-0.4508862410627788
snake_wilsonsouthpark_2021,horse_NA,4.9972131964523167e-5,81,0,snake_wilsonsouthpark,2021,63.20355466451241,0.3199459910392761,0.05410708739882333,4.14636054426279,-2.916790096186639,0.08225231799871911,-0.44906588448140466,23.594246448937778,-1.1320171361046292,0.03164378982505175,-3.450058168836203,0,0.4739895784159695,0.94498110256621,-0.13129949742880404,culvert_diversion,0,0,0,-9.210340371976182,-9.210340371976182,-9.210340371976182,-0.24954335540271758,-0.3336384980437742,-0.25991197094852375,-0.4166342281125043,-0.7119043022658508,-0.6342699898538559
snake_wilsonsouthpark_2021,lava_NA,2.661698347603043e-4,81,0,snake_wilsonsouthpark,2021,65.33372895413697,0.15424099564552307,0.03712820915992983,4.179508425964538,-3.2933782435768575,0.10562573535417148,-0.9595635301695766,83.3306535591,0.4046696165406131,0,-9.210340371976182,0,-0.6819171054196009,-1.0910029067932832,-0.5580228640724171,culvert_diversion,0,1.3745704467353953e-5,1.3745704467353953e-5,-9.210340371976182,-9.081545263770613,-9.081545263770613,-0.24954335540271758,-0.3268581563591559,-0.259651202717231,-0.4166342281125043,-0.6037990234028876,-0.5732311706569175
snake_wilsonsouthpark_2021,leidy_NA,0,81,0,snake_wilsonsouthpark,2021,10.736033129626785,0.0376180000603199,0.04548522459554739,2.3736056660690865,-3.090367739926582,-1.1677623891175724,-0.6843653199188215,101.15538065726491,0.8632010771079327,0,-9.210340371976182,1,-0.6819171054196009,-1.0910029067932832,-0.5580228640724171,connected,0,0,0,-9.210340371976182,-9.210340371976182,-9.210340371976182,-0.24954335540271758,-0.3336384980437742,-0.25991197094852375,-0.4166342281125043,-0.7119043022658508,-0.6342699898538559
snake_wilsonsouthpark_2021,littlegreys_steer,0.00921185828847978,81,1,snake_wilsonsouthpark,2021,179.34572943407238,0.18192599713802335,0.05653151460733583,5.1893153923430955,-2.872957015670742,0.8176663986453313,-0.38964637125004736,89.04542729621527,0.5516790789609941,0.01672746827853964,-4.084742711177624,1,-0.0708843405797834,0.7206504997199836,0.0820621858930025,connected,0,2.003345587130508e-4,2.003345587130508e-4,-9.210340371976182,-8.110613508966717,-8.110613508966717,-0.24954335540271758,-0.23481949880384692,-0.25611144630706323,-0.4166342281125043,0.21116087354017601,-0.11308537273228468
snake_wilsonsouthpark_2021,lowerbarbc_NA,0.051690437097483125,81,4,snake_wilsonsouthpark,2021,6.396831141622167,0.3782680034637451,0.2384034549706952,1.8558027336247136,-1.4337908515692135,-1.532878451639943,1.5612672292426015,19.65650742964477,-1.2333133418701152,0,-9.210340371976182,1,-0.6819171054196009,-1.0910029067932832,-0.5580228640724171,connected,0.3226711560044893,0,0.3226711560044893,-1.1308117022030537,-9.210340371976182,-1.1308117022030537,5.932833989816739,-0.3336384980437742,5.861446657145803,3.3206279528550064,-0.7119043022658508,3.1947953880300908
snake_wilsonsouthpark_2021,mosquito_NA,0.2598995576893968,81,21,snake_wilsonsouthpark,2021,61.64128666828233,0.5507169961929321,0.08812801689048827,4.121331884151681,-2.428964784217375,0.06460397099759342,0.21222331166889216,4.867499301094669,-1.6137525744137753,0.06489157212966175,-2.7334976770366906,1,1.6884880313851962,1.1982509340767773,0.29542386921480907,connected,0,1.4571312000932565e-5,1.4571312000932565e-5,-9.210340371976182,-9.07431311660181,-9.07431311660181,-0.24954335540271758,-0.3264509090486704,-0.2596355402084971,-0.4166342281125043,-0.59772865864017,-0.5698036979089801
snake_wilsonsouthpark_2021,northbuffalofork_NA,0.02967805312763263,81,2,snake_wilsonsouthpark,2021,211.7277106985484,0.4812009930610657,0.10908345246553668,5.3553010656471765,-2.215642070739795,0.9347071330147165,0.5014006098839496,122.30640977496957,1.407299857438852,0.03778437868905201,-3.2732164236527206,1,0.6982973414818484,1.0074861939286666,1.1488706025020352,connected,0,4.2428973897695254e-6,4.2428973897695254e-6,-9.210340371976182,-9.168786830160125,-9.168786830160125,-0.24954335540271758,-0.33154560465269795,-0.25983147941383994,-0.4166342281125043,-0.67702598050072,-0.6145768573953277
snake_wilsonsouthpark_2021,deadman_greys,0,81,0,snake_wilsonsouthpark,2021,42.60696343033698,0.05682190135121345,0.0415623772348318,3.7520177007230955,-3.1805599143188346,-0.19580888501031607,-0.8066285748986248,109.9753693310454,1.090090513703691,0.14082205153648392,-1.9595483674509768,1,4.462130162698441,1.471804965424821,0.7221472358584221,connected,0,0,0,-9.210340371976182,-9.210340371976182,-9.210340371976182,-0.24954335540271758,-0.3336384980437742,-0.25991197094852375,-0.4166342281125043,-0.7119043022658508,-0.6342699898538559
snake_wilsonsouthpark_2021,pacific_NA,9.512430907641159e-4,81,0,snake_wilsonsouthpark,2021,415.0574929301797,0.1369519978761673,0.04158214126053129,6.028417047816465,-3.1800845005109393,1.409338390644628,-0.8059841105644706,76.06789576665982,0.21783910183067803,0.01927443820739732,-3.9438006999103465,1,0.02215317422396,0.7704667536928741,1.1488706025020352,connected,0,1.0388508578094532e-4,1.0388508578094532e-4,-9.210340371976182,-8.49795402783129,-8.49795402783129,-0.24954335540271758,-0.2823951165784162,-0.2579411785354372,-0.4166342281125043,-0.11395671353421293,-0.2966545177722249
snake_wilsonsouthpark_2021,rock_NA,8.230956139557632e-5,81,0,snake_wilsonsouthpark,2021,11.98579900144692,0.02564449980854988,0.01921974716928189,2.48372253245161,-3.9518170300904103,-1.090116176337176,-1.8521339752947334,77.66071440112681,0.2588134994110026,0,-9.210340371976182,1,-0.6819171054196009,-1.0910029067932832,-0.5580228640724171,connected,0,0,0,-9.210340371976182,-9.210340371976182,-9.210340371976182,-0.24954335540271758,-0.3336384980437742,-0.25991197094852375,-0.4166342281125043,-0.7119043022658508,-0.6342699898538559
snake_wilsonsouthpark_2021,shoal_NA,0.016095204810677367,81,1,snake_wilsonsouthpark,2021,82.64969488421343,0.1540520042181015,0.06550537569878219,4.414611132599159,-2.725623067971499,0.2714026538616901,-0.18992252451816394,47.61143187461727,-0.5141880354791994,0.01209925821747958,-4.40638013093737,1,-0.23994686353773353,0.6069670688829447,-0.3446611807506106,connected,0,0,0,-9.210340371976182,-9.210340371976182,-9.210340371976182,-0.24954335540271758,-0.3336384980437742,-0.25991197094852375,-0.4166342281125043,-0.7119043022658508,-0.6342699898538559
snake_wilsonsouthpark_2021,slate_NA,3.57584044481071e-4,81,0,snake_wilsonsouthpark,2021,97.25682381756316,0.03599809855222702,0.03336693660136213,4.577355147826764,-3.4001897914108823,0.3861576123909513,-1.1043557762332283,65.18027481261483,-0.0622390564865716,0.01028205488054828,-4.567676455466213,0,-0.3063269493195021,0.5499565395498207,-0.3446611807506106,waterfall,0,7.388457382454261e-5,7.388457382454261e-5,-9.210340371976182,-8.657118847700668,-8.657118847700668,-0.24954335540271758,-0.29719346483775755,-0.2585103149125016,-0.4166342281125043,-0.24755307039032232,-0.3720862076700571
snake_wilsonsouthpark_2021,snakeriversidechannel_NA,8.40064951877845e-6,81,0,snake_wilsonsouthpark,2021,18.81037955717093,0.5644689798355103,0.3722616615355763,2.934408821587343,-0.9881582807479885,-0.7723257718965152,2.1653605333541472,39.25295484706276,-0.7292053346757481,0,-9.210340371976182,1,-0.6819171054196009,-1.0910029067932832,-0.5580228640724171,connected,0,1.4316392269148176e-4,1.4316392269148176e-4,-9.210340371976182,-8.321774763072561,-8.321774763072561,-0.24954335540271758,-0.2630200502905912,-0.25719602408717135,-0.4166342281125043,0.03392086358785493,-0.21315931024700205
snake_wilsonsouthpark_2021,spread_southfork,0,81,0,snake_wilsonsouthpark,2021,98.90320211647273,0.01897189952433109,0.03276703860723393,4.594141615419727,-3.41833218937435,0.3979941790984226,-1.1289493581387449,95.953815270785,0.7293936218372936,0.01011089609436867,-4.584299884313153,1,-0.31257915823746063,0.5440809532296494,-0.3446611807506106,connected,0,0,0,-9.210340371976182,-9.210340371976182,-9.210340371976182,-0.24954335540271758,-0.3336384980437742,-0.25991197094852375,-0.4166342281125043,-0.7119043022658508,-0.6342699898538559
snake_wilsonsouthpark_2021,spread_uppermainstem,0,81,0,snake_wilsonsouthpark,2021,202.6088598876728,0.07364709675312042,0.04527153653174867,5.3112773217946065,-3.095076776609305,0.9036648676936901,-0.6907488244360215,86.0221241640995,0.47390624163943335,0.02467809158381336,-3.697795420120856,1,0.2195416377886189,0.8574178436232227,0.5087855525366156,connected,0,3.546791040805831e-5,3.546791040805831e-5,-9.210340371976182,-8.90677576924841,-8.90677576924841,-0.24954335540271758,-0.31614324692898294,-0.25923911316326254,-0.4166342281125043,-0.4571047490217056,-0.49040408408578545
snake_wilsonsouthpark_2021,spring_nps,2.5800286536495964e-5,81,0,snake_wilsonsouthpark,2021,4.013031939407464,0.25288400053977966,0.09214421894145744,1.3895470502382712,-2.384400332141274,-1.8616472333135063,0.2726342619972348,81.41938436435763,0.3555032505942436,0,-9.210340371976182,0,-0.6819171054196009,-1.0910029067932832,-0.5580228640724171,culvert_diversion,0,6.727965911639381e-4,6.727965911639381e-4,-9.210340371976182,-7.165494686095443,-7.165494686095443,-0.24954335540271758,-0.00176821935618749,-0.24714842161467337,-0.4166342281125043,1.0044544646450324,0.33482711208651617
snake_wilsonsouthpark_2021,spring_tss,0.008527272536497998,81,1,snake_wilsonsouthpark,2021,24.857829441667217,0.359358012676239,0.20042810356345644,3.2131727709942544,-1.6072996822611672,-0.5757621968310707,1.326061075814283,16.68886092504857,-1.309654442561642,0,-9.210340371976182,1,-0.6819171054196009,-1.0910029067932832,-0.5580228640724171,connected,0.18503922773780687,0.00325391373513142,0.1882931414729383,-1.6866471545853954,-5.6976273359084795,-1.6692243215739715,3.295807098937877,1.271419066583958,3.3121762827357326,3.0635210224964284,2.2365215162330907,2.9396298698282872
snake_wilsonsouthpark_2021,threechannel_NA,0,81,0,snake_wilsonsouthpark,2021,32.364754827547884,0.2897590100765228,0.117843813057241,3.477070016734667,-2.138395149431708,-0.38968151393422557,0.6061154601460216,19.65002939751685,-1.2334799857416796,0,-9.210340371976182,1,-0.6819171054196009,-1.0910029067932832,-0.5580228640724171,connected,0.02484110022481889,0.01035277137861167,0.03519387160343057,-3.691238224834839,-4.560888132036704,-3.3440459390826396,0.2264119706386022,4.7730715651936615,0.4077470546159004,2.136278518465708,3.1906533178297867,2.1458952682386987
snake_wilsonsouthpark_2021,upperbarbc_NA,0,81,0,snake_wilsonsouthpark,2021,5.737050517642647,0.4632450044155121,0.3517652148147659,1.7469452311662268,-1.044791329296893,-1.609636654777257,2.0885895617961863,38.69963907939096,-0.7434390834287149,0,-9.210340371976182,1,-0.6819171054196009,-1.0910029067932832,-0.5580228640724171,connected,0,6.263701847792045e-4,6.263701847792045e-4,-9.210340371976182,-7.22745077670238,-7.22745077670238,-0.24954335540271758,-0.024668966220421217,-0.2480291718088142,-0.4166342281125043,0.9524510885414027,0.30546476544622353
snake_wilsonsouthpark_2021,white_NA,0,81,0,snake_wilsonsouthpark,2021,32.672161808639686,0.1206509992480278,0.06405398730038497,3.4865233944871217,-2.7480289996436165,-0.3830156960211845,-0.22029569331631507,98.63064322345744,0.7982535726273782,0.06121419242821969,-2.7917439387230294,1,1.5541581107467735,1.1776636688671474,-0.13129949742880404,connected,0,0,0,-9.210340371976182,-9.210340371976182,-9.210340371976182,-0.24954335540271758,-0.3336384980437742,-0.25991197094852375,-0.4166342281125043,-0.7119043022658508,-0.6342699898538559
snake_wilsonsouthpark_2021,willow_NA,0,81,0,snake_wilsonsouthpark,2021,185.7033360595004,0.3712950050830841,0.07220654056398042,5.224150432976511,-2.6282246476575253,0.8422294748215096,-0.057890582969804004,29.918310160580123,-0.9693340187446622,0.01076986575706528,-4.521760927781279,1,-0.2885078494034962,0.5661854805723404,-0.13129949742880404,connected,0,1.934516612661411e-5,1.934516612661411e-5,-9.210340371976182,-9.03349070766187,-9.03349070766187,-0.24954335540271758,-0.32409611070410244,-0.2595449759526047,-0.4166342281125043,-0.5634640195261876,-0.5504570653141193
snake_southparkastoria_2021,bailey_NA,0.05281949821715784,58,3,snake_southparkastoria,2021,41.571436204356225,0.00952018983662128,0.02815868421076803,3.7274133017261057,-3.5698994742538495,-0.21315807467230266,-1.3344118577700934,20.797118428217956,-1.2039717410571211,0,-9.210340371976182,1,-0.6819171054196009,-1.0910029067932832,-0.5580228640724171,connected,0,0,0,-9.210340371976182,-9.210340371976182,-9.210340371976182,-0.24954335540271758,-0.3336384980437742,-0.25991197094852375,-0.4166342281125043,-0.7119043022658508,-0.6342699898538559
snake_southparkastoria_2021,blackrock_lower,2.555180415911655e-4,58,0,snake_southparkastoria,2021,124.92159198396442,0.13935300707817078,0.04385356876906868,4.8276862763615664,-3.1268991776359423,0.5626724798250547,-0.7338868278937084,115.84903841493484,1.2411874729498278,0.02401506378805271,-3.7249185803038998,1,0.19532209060651237,0.8478311049065204,0.0820621858930025,connected,0,8.272310060567697e-4,8.272310060567697e-4,-9.210340371976182,-6.983307825970708,-6.983307825970708,-0.24954335540271758,0.0744096224797411,-0.24421866349874877,-0.4166342281125043,1.157374568470067,0.42116945047302
snake_southparkastoria_2021,blackrock_upper,5.349357677171384e-5,58,0,snake_southparkastoria,2021,80.686204569364,0.1924089938402176,0.06852655983759876,4.390567613566922,-2.6805338740082356,0.25444895497707576,-0.12880024139868984,134.0747593977367,1.7100342842424927,0.02478738479117143,-3.6933942387870102,1,0.22353397718859186,0.8589734505365639,-0.13129949742880404,connected,0,4.900268401064695e-4,4.900268401064695e-4,-9.210340371976182,-7.435342530393345,-7.435342530393345,-0.24954335540271758,-0.09192302842584753,-0.2506157262428401,-0.4166342281125043,0.7779553618077346,0.20694031569908214
snake_southparkastoria_2021,blacktail_NA,0,58,0,snake_southparkastoria,2021,61.14455063095294,0.17830100655555725,0.2664974502977697,4.1132407433781335,-1.3223906027849708,0.05889870114404863,1.7122798543810784,56.48487356841682,-0.2859235488641002,0,-9.210340371976182,1,-0.6819171054196009,-1.0910029067932832,-0.5580228640724171,connected,0,1.46864444118079e-4,1.46864444118079e-4,-9.210340371976182,-8.306671181225756,-8.306671181225756,-0.24954335540271758,-0.2611946946136107,-0.2571258219065871,-0.4166342281125043,0.04659818456787542,-0.20600139241597806
snake_southparkastoria_2021,blindbull_NA,0,58,0,snake_southparkastoria,2021,36.35174492325697,0.04732979834079742,0.07027445956149014,3.5932422062182408,-2.6553468525572104,-0.3077655382972935,-0.09465706604452084,93.2826149456956,0.6606784387219662,0.08252698753067757,-2.493418926265378,1,2.332686929398121,1.2831072797070224,0.0820621858930025,connected,0,4.9432759089448577e-5,4.9432759089448577e-5,-9.210340371976182,-8.80866403828822,-8.80866403828822,-0.24954335540271758,-0.30925480800912264,-0.25897418757144836,-0.4166342281125043,-0.37475382604836954,-0.44390678857034355
snake_southparkastoria_2021,cody_bluecrane,0,58,0,snake_southparkastoria,2021,18.511707107521175,0.5193600058555603,0.29697441361563093,2.918403348563038,-1.214109293332834,-0.7836116394018523,1.8590644888164,18.59828731244239,-1.2605354818372667,0,-9.210340371976182,1,-0.6819171054196009,-1.0910029067932832,-0.5580228640724171,connected,0.08362064779293935,0.00689554703054436,0.0905161948234837,-2.4802696438215244,-4.9624814708424285,-2.401122331096148,1.3526277370157538,3.067727003483424,1.457260698049786,2.696423455767853,2.8535725040786315,2.5927673927028443
snake_southparkastoria_2021,boulder_NA,0.011231379213981532,58,1,snake_southparkastoria,2021,53.69998009443431,0.1402049958705902,0.04973721661138328,3.983412630833825,-3.0010018009305037,-0.032646414356009776,-0.5632220981303292,28.84967790993819,-0.9968240052110823,0,-9.210340371976182,1,-0.6819171054196009,-1.0910029067932832,-0.5580228640724171,connected,0,1.338956952533976e-4,1.338956952533976e-4,-9.210340371976182,-8.360635288761552,-8.360635288761552,-0.24954335540271758,-0.26759178751877144,-0.2573718505995184,-0.4166342281125043,0.0013029480093809025,-0.23157616345265597
snake_southparkastoria_2021,box_NA,0,58,0,snake_southparkastoria,2021,29.14147010476363,0.05944409966468811,0.02514578939696184,3.372162249211866,-3.6830648160565183,-0.4636546581671469,-1.487817218411723,127.48282096770994,1.5404602346851677,0,-9.210340371976182,0,-0.6819171054196009,-1.0910029067932832,-0.5580228640724171,low flow,0,0,0,-9.210340371976182,-9.210340371976182,-9.210340371976182,-0.24954335540271758,-0.3336384980437742,-0.25991197094852375,-0.4166342281125043,-0.7119043022658508,-0.6342699898538559
snake_southparkastoria_2021,cabin_NA,0.045650470642451674,58,3,snake_southparkastoria,2021,23.51004271715979,0.0558410994708538,0.04978562821142316,3.1574276795286256,-3.0000289267337403,-0.6150694834947404,-0.5619032834240238,18.909787927906343,-1.2525222970412422,0,-9.210340371976182,1,-0.6819171054196009,-1.0910029067932832,-0.5580228640724171,connected,0,0,0,-9.210340371976182,-9.210340371976182,-9.210340371976182,-0.24954335540271758,-0.3336384980437742,-0.25991197094852375,-0.4166342281125043,-0.7119043022658508,-0.6342699898538559
snake_southparkastoria_2021,clear_NA,0,58,0,snake_southparkastoria,2021,16.604101618688585,0.07531759887933731,0.02877694341500888,2.8096497503050797,-3.548180788339982,-0.860296577035633,-1.304970309746593,129.53367933296184,1.593217456518453,0,-9.210340371976182,1,-0.6819171054196009,-1.0910029067932832,-0.5580228640724171,connected,0,5.4124269322364146e-5,5.4124269322364146e-5,-9.210340371976182,-8.777751337302915,-8.777751337302915,-0.24954335540271758,-0.30694062742481,-0.25888518545239114,-0.4166342281125043,-0.34880698531052073,-0.42925658335199407
snake_southparkastoria_2021,cliff_NA,0.17809219709145446,58,10,snake_southparkastoria,2021,158.3813173763604,0.2303059995174408,0.0598667292930114,5.065005526567855,-2.8156343656856224,0.7300123397733954,-0.31194058559320764,31.62758697777242,-0.9253637974231961,0.05682488407779412,-2.866022703436794,1,1.3938223580533489,1.151409681326439,1.3622322858238418,connected,0,1.701915221929745e-4,1.701915221929745e-4,-9.210340371976182,-8.21637950897418,-8.21637950897418,-0.24954335540271758,-0.24968815013440973,-0.25668328650178013,-0.4166342281125043,0.12238527418451206,-0.16321019378787024
snake_southparkastoria_2021,fall_coburn,0.034610642917759525,58,2,snake_southparkastoria,2021,116.5315084203892,0.2628070116043091,0.10592850612511062,4.75816169498255,-2.2449908829454603,0.5136489231569016,0.46161576896804113,5.31439316197158,-1.6022564716337468,0.00858137008226551,-4.746575919186889,0,-0.36845076370144103,0.4867241431891463,-0.3446611807506106,waterfall,0,1.2334543660430012e-4,1.2334543660430012e-4,-9.210340371976182,-8.406790941965202,-8.406790941965202,-0.24954335540271758,-0.27279591209979054,-0.25757199838344175,-0.4166342281125043,-0.03743819542534349,-0.2534503371698559
snake_southparkastoria_2021,cottonwood_grosventre,0,58,0,snake_southparkastoria,2021,89.17802924901731,0.14260199666023254,0.07427305852988855,4.490634700379434,-2.6000069969197113,0.3250088117020927,-0.019639128779508592,101.854599544518,0.8811881046715366,0.02242704864463058,-3.7930385298063016,0,0.13731395288147488,0.8237539637154752,-0.13129949742880404,low flow,2.0141392575882696e-5,0,2.0141392575882696e-5,-9.026841237333569,-9.210340371976182,-9.026841237333569,-0.24915744644604412,-0.3336384980437742,-0.25952987082915485,-0.33175497287751304,-0.7119043022658508,-0.5473057358670669
snake_southparkastoria_2021,cottonwood_nps,0.02577545956772884,58,1,snake_southparkastoria,2021,187.15270214946145,0.4438450038433075,0.15160907633961737,5.2319248726617085,-1.8864499372519228,0.8477114306551253,0.9476488794836052,57.735923671083015,-0.25374096185117023,0.07480522503393781,-2.591531630759407,1,2.05062094013706,1.2484291354043062,2.4290407024328746,connected,4.801044707328315e-6,4.0328775541557846e-4,4.080888001229067e-4,-9.16344681754564,-7.5943484730779875,-7.584854322270576,-0.24945136741594023,-0.1347088043758597,-0.2521701636900334,-0.39494317227653003,0.6444923598794643,0.13608340692861376
snake_southparkastoria_2021,cowboycabin_NA,5.940378292022128e-4,58,0,snake_southparkastoria,2021,6.639295264034606,NA,0.15103490929646746,1.8930058229210844,-1.890244281493076,-1.5066456039165121,0.942505319296003,66.13394482800733,-0.037706411321855315,0,-9.210340371976182,1,-0.6819171054196009,-1.0910029067932832,-0.5580228640724171,connected,0,0,0,-9.210340371976182,-9.210340371976182,-9.210340371976182,-0.24954335540271758,-0.3336384980437742,-0.25991197094852375,-0.4166342281125043,-0.7119043022658508,-0.6342699898538559
snake_southparkastoria_2021,crystal_lower,3.655774712008066e-5,58,0,snake_southparkastoria,2021,185.11488744216464,0.08405669778585434,0.05345949334579199,5.220976645530312,-2.9288310455741864,0.8399915562949208,-0.4653884277074507,79.90449634494179,0.31653357592190656,0,-9.210340371976182,0,-0.6819171054196009,-1.0910029067932832,-0.5580228640724171,low flow,0.00159203207362177,1.4561268966052827e-4,0.0017376447632823,-6.381825061936533,-8.311754695027139,-6.299270547241813,-0.21904003075883446,-0.26181214735658187,-0.22694730532426494,0.8917222031291218,0.0423312936528489,0.745349680312629
snake_southparkastoria_2021,crystal_upper,2.860927693044038e-4,58,0,snake_southparkastoria,2021,155.6115004101287,0.01565520092844963,0.0350789321250407,5.047362519103877,-3.350154553074885,0.7175718049431052,-1.0365287042741476,88.62488009704046,0.5408607297984439,0,-9.210340371976182,0,-0.6819171054196009,-1.0910029067932832,-0.5580228640724171,waterfall,0,0,0,-9.210340371976182,-9.210340371976182,-9.210340371976182,-0.24954335540271758,-0.3336384980437742,-0.25991197094852375,-0.4166342281125043,-0.7119043022658508,-0.6342699898538559
snake_southparkastoria_2021,deadmansbar_NA,1.1799998200852503e-4,58,0,snake_southparkastoria,2021,11.761208318342591,0.4607529938220978,0.12284876516395296,2.464806685350634,-2.096801231640941,-1.1034542228796713,0.6624995955849202,74.38014273596742,0.17442256827152047,0,-9.210340371976182,1,-0.6819171054196009,-1.0910029067932832,-0.5580228640724171,connected,0.00183668783959592,0.00107140123976429,0.00290808907936022,-6.246776064180481,-6.749554605947969,-5.806450259184024,-0.2143524278021114,0.19485143888006076,-0.20474293632628776,0.954190390633608,1.353577338806193,0.9789079953639275
snake_southparkastoria_2021,dell_NA,0.04139677403693867,58,2,snake_southparkastoria,2021,118.1568591435451,0.21458500623703003,0.05066461454892191,4.772013056484806,-2.9825275499481214,0.5234158716529316,-0.5381786608960017,39.629648365115045,-0.7195150977331282,0.00846332584708545,-4.760266630750077,1,-0.37276276682076614,0.48188513203719124,-0.3446611807506106,connected,0.02027330174976997,5.170984692364432e-4,0.02079040021900641,-3.8935299730335315,-7.390481953216503,-3.868465545195727,0.13889298022324095,-0.07856940978109699,0.13450040026564955,2.0427065626048213,0.815609472070334,1.8973613451196976
snake_southparkastoria_2021,ditch_NA,2.1290688645871436e-4,58,0,snake_southparkastoria,2021,67.69148631266991,0.03313380107283592,0.03794501053647849,4.214960415919721,-3.271617258448648,0.13062383824230042,-0.9300646419204589,70.30483032945452,0.06958736155360876,0.01477290652743177,-4.208214075106562,0,-0.14228195144010805,0.6770092832469276,-0.3446611807506106,low flow,0,0,0,-9.210340371976182,-9.210340371976182,-9.210340371976182,-0.24954335540271758,-0.3336384980437742,-0.25991197094852375,-0.4166342281125043,-0.7119043022658508,-0.6342699898538559
snake_southparkastoria_2021,dog_NA,0.09589386608558129,58,6,snake_southparkastoria,2021,31.090483742564395,0.06368420273065567,0.06185985047343163,3.4369017833759394,-2.7828839289051213,-0.4180051604095067,-0.26754454979768644,13.692136441067042,-1.3867435585402739,0.03216418272163939,-3.433797558098338,1,0.49299885735227406,0.9507284500532249,-0.3446611807506106,connected,0,0,0,-9.210340371976182,-9.210340371976182,-9.210340371976182,-0.24954335540271758,-0.3336384980437742,-0.25991197094852375,-0.4166342281125043,-0.7119043022658508,-0.6342699898538559
snake_southparkastoria_2021,fish_grosventre,1.3593117656919665e-4,58,0,snake_southparkastoria,2021,587.8758585030148,0.0790754035115242,0.05700038366984491,6.376515800613735,-2.8646972801203296,1.6547917050750964,-0.37844958881885943,103.05706890601796,0.9121209784024784,0.0136083152323544,-4.289752679001736,0,-0.1848229640482416,0.6481892900900684,1.1488706025020352,low flow,4.584436144917083e-6,1.11554612859649e-4,1.161390490045661e-4,-9.16551581143003,-8.461027375979677,-8.439588612003783,-0.24945551763465085,-0.2786119700487823,-0.2577087099614373,-0.39590020490959804,-0.08296201154970495,-0.26899387045662126
snake_southparkastoria_2021,fish_NA,0.07790225876367046,58,5,snake_southparkastoria,2021,233.3741440851509,0.18696600198745728,0.19327329665870344,5.452642934303585,-1.643650046859559,1.0033453688675344,1.2767850280257762,23.86171266050645,-1.1251367125240843,0.02999475382091136,-3.5034044140819387,1,0.4137524276318896,0.926125758600513,0.9355089191802287,connected,0.03691386252184423,0.00802943870913108,0.04494330123097531,-3.296462773753929,-4.812263397273023,-3.1001310022999364,0.45772602127630674,3.62704159026381,0.5927024002022878,2.3188856263306405,2.979659332683629,2.261491892467229
snake_southparkastoria_2021,spreadnf_flagstaff,4.3965491604707244e-4,58,0,snake_southparkastoria,2021,62.105753464464634,0.05579309910535812,0.07693418338645021,4.12883863302891,-2.564804983860054,0.06989717121077008,0.02808022966280149,116.82810084861612,1.2663733243365056,0.04830470339139393,-3.02815829247284,1,1.0825911857650083,1.0941025121663015,0.0820621858930025,connected,0,7.227731359680823e-5,7.227731359680823e-5,-9.210340371976182,-8.666405091138806,-8.666405091138806,-0.24954335540271758,-0.29798627786134746,-0.2585408060675972,-0.4166342281125043,-0.25534755847652363,-0.37648716157379225
snake_southparkastoria_2021,flat_NA,0,58,0,snake_southparkastoria,2021,173.36864105262885,0.4952880144119262,0.23744731527971188,5.155420200544216,-1.437809510516657,0.79376603386828,1.555819591164476,36.78093346098291,-0.7927967473504218,0,-9.210340371976182,1,-0.6819171054196009,-1.0910029067932832,-0.5580228640724171,connected,0,1.0364036792330612e-4,1.0364036792330612e-4,-9.210340371976182,-8.4991550221978,-8.4991550221978,-0.24954335540271758,-0.28251582852119533,-0.25794582105070835,-0.4166342281125043,-0.11496477845774382,-0.29722369527450193
snake_southparkastoria_2021,fordspring_NA,0,58,0,snake_southparkastoria,2021,0.371298460979693,0.36350199580192566,0.3083825652441645,-0.9907490627586949,-1.1764141718217336,-3.540054770157885,1.910163470339593,22.970958067804357,-1.1480508924803534,0,-9.210340371976182,1,-0.6819171054196009,-1.0910029067932832,-0.5580228640724171,connected,0,0,0,-9.210340371976182,-9.210340371976182,-9.210340371976182,-0.24954335540271758,-0.3336384980437742,-0.25991197094852375,-0.4166342281125043,-0.7119043022658508,-0.6342699898538559
snake_southparkastoria_2021,goosewing_NA,3.8853024850019123e-4,58,0,snake_southparkastoria,2021,40.396075600271566,0.12725499272346497,0.04498435530865712,3.698732641641705,-3.1014405094671185,-0.23338154005733883,-0.6993754120336815,98.54433712528116,0.7960333949475353,0,-9.210340371976182,0,-0.6819171054196009,-1.0910029067932832,-0.5580228640724171,low flow,0,0,0,-9.210340371976182,-9.210340371976182,-9.210340371976182,-0.24954335540271758,-0.3336384980437742,-0.25991197094852375,-0.4166342281125043,-0.7119043022658508,-0.6342699898538559
snake_southparkastoria_2021,granite_lower,0.03879273590386541,58,2,snake_southparkastoria,2021,220.38266084017036,0.4365609884262085,0.07926979243391333,5.395365402859918,-2.5348981506061192,0.9629575196659279,0.06862151613696778,25.398237932771817,-1.0856104312289854,0.01361268617305474,-4.289433876586555,1,-0.18466329924203148,0.6483019714825007,0.0820621858930025,connected,0,1.7526340459353155e-4,1.7526340459353155e-4,-9.210340371976182,-8.197782083843256,-8.197782083843256,-0.24954335540271758,-0.24718634342514625,-0.25658706838461787,-0.4166342281125043,0.13799518249487042,-0.1543964671959935
snake_southparkastoria_2021,granite_upper,0,58,0,snake_southparkastoria,2021,131.17478860877102,0.06855929642915726,0.05121030340437559,4.876530698050768,-2.9718145288156883,0.5971139281172764,-0.5236562387108771,40.39048925944716,-0.69994287737788,0.02287024840533575,-3.7735554480019577,1,0.15350346647974358,0.8306403004621478,0.0820621858930025,connected,0,0,0,-9.210340371976182,-9.210340371976182,-9.210340371976182,-0.24954335540271758,-0.3336384980437742,-0.25991197094852375,-0.4166342281125043,-0.7119043022658508,-0.6342699898538559
snake_southparkastoria_2021,grosventre_lower,0.012391695898276713,58,1,snake_southparkastoria,2021,1589.6465467527958,0.11285000294446944,0.12772197756082734,7.371266972862744,-2.0578994276911646,2.3562161436863795,0.7152343390095599,46.893561490673406,-0.5326548627038187,0.01761397843891535,-4.033401208773123,0,-0.03850127188504782,0.7387972630599943,5.416104268938166,low flow,4.402174527288961e-4,8.985182924761807e-5,5.300692819765142e-4,-7.523538809225212,-8.569266636107082,-7.369680773233814,-0.2411087917422351,-0.2893172990296571,-0.2498560855297801,0.36361174228060683,-0.17381356300240194,0.2380588587808339
snake_southparkastoria_2021,hoback_upper,0.07831024868295954,58,5,snake_southparkastoria,2021,114.07783296671197,0.13229399919509888,0.0672652044873204,4.736880960751974,-2.699112197023675,0.4986433343450082,-0.1539847572310184,71.02284066434312,0.08805778894056136,0.03506377966670531,-3.3477387128897176,1,0.598917380631602,0.981146132126715,0.29542386921480907,connected,0,4.72481868508296e-5,4.72481868508296e-5,-9.210340371976182,-8.823391048915319,-8.823391048915319,-0.24954335540271758,-0.310332391646087,-0.25901563084852075,-0.4166342281125043,-0.3871150687449412,-0.4508862410627788
snake_southparkastoria_2021,horse_NA,0.03050690917165404,58,2,snake_southparkastoria,2021,63.20355466451241,0.3199459910392761,0.05410708739882333,4.14636054426279,-2.916790096186639,0.08225231799871911,-0.44906588448140466,4.894165732153976,-1.6130665949025935,0.03164378982505175,-3.450058168836203,0,0.4739895784159695,0.94498110256621,-0.13129949742880404,culvert_diversion,0,0,0,-9.210340371976182,-9.210340371976182,-9.210340371976182,-0.24954335540271758,-0.3336384980437742,-0.25991197094852375,-0.4166342281125043,-0.7119043022658508,-0.6342699898538559
snake_southparkastoria_2021,lava_NA,0,58,0,snake_southparkastoria,2021,65.33372895413697,0.15424099564552307,0.03712820915992983,4.179508425964538,-3.2933782435768575,0.10562573535417148,-0.9595635301695766,102.38428517116084,0.8948139808315742,0,-9.210340371976182,0,-0.6819171054196009,-1.0910029067932832,-0.5580228640724171,culvert_diversion,0,1.3745704467353953e-5,1.3745704467353953e-5,-9.210340371976182,-9.081545263770613,-9.081545263770613,-0.24954335540271758,-0.3268581563591559,-0.259651202717231,-0.4166342281125043,-0.6037990234028876,-0.5732311706569175
snake_southparkastoria_2021,leidy_NA,3.1442969126244455e-4,58,0,snake_southparkastoria,2021,10.736033129626785,0.0376180000603199,0.04548522459554739,2.3736056660690865,-3.090367739926582,-1.1677623891175724,-0.6843653199188215,120.20901226932575,1.3533454413988937,0,-9.210340371976182,1,-0.6819171054196009,-1.0910029067932832,-0.5580228640724171,connected,0,0,0,-9.210340371976182,-9.210340371976182,-9.210340371976182,-0.24954335540271758,-0.3336384980437742,-0.25991197094852375,-0.4166342281125043,-0.7119043022658508,-0.6342699898538559
snake_southparkastoria_2021,littlegreys_steer,0.031852495303526254,58,2,snake_southparkastoria,2021,179.34572943407238,0.18192599713802335,0.05653151460733583,5.1893153923430955,-2.872957015670742,0.8176663986453313,-0.38964637125004736,69.99179568415444,0.061534714670033464,0.01672746827853964,-4.084742711177624,1,-0.0708843405797834,0.7206504997199836,0.0820621858930025,connected,0,2.003345587130508e-4,2.003345587130508e-4,-9.210340371976182,-8.110613508966717,-8.110613508966717,-0.24954335540271758,-0.23481949880384692,-0.25611144630706323,-0.4166342281125043,0.21116087354017601,-0.11308537273228468
snake_southparkastoria_2021,lowerbarbc_NA,0.03232506187258512,58,2,snake_southparkastoria,2021,6.396831141622167,0.3782680034637451,0.2384034549706952,1.8558027336247136,-1.4337908515692135,-1.532878451639943,1.5612672292426015,38.710139041705595,-0.7431689775791546,0,-9.210340371976182,1,-0.6819171054196009,-1.0910029067932832,-0.5580228640724171,connected,0.3226711560044893,0,0.3226711560044893,-1.1308117022030537,-9.210340371976182,-1.1308117022030537,5.932833989816739,-0.3336384980437742,5.861446657145803,3.3206279528550064,-0.7119043022658508,3.1947953880300908
snake_southparkastoria_2021,mosquito_NA,0.08457864142009566,58,5,snake_southparkastoria,2021,61.64128666828233,0.5507169961929321,0.08812801689048827,4.121331884151681,-2.428964784217375,0.06460397099759342,0.21222331166889216,23.921130913155498,-1.1236082101228144,0.06489157212966175,-2.7334976770366906,1,1.6884880313851962,1.1982509340767773,0.29542386921480907,connected,0,1.4571312000932565e-5,1.4571312000932565e-5,-9.210340371976182,-9.07431311660181,-9.07431311660181,-0.24954335540271758,-0.3264509090486704,-0.2596355402084971,-0.4166342281125043,-0.59772865864017,-0.5698036979089801
snake_southparkastoria_2021,northbuffalofork_NA,6.010100352145513e-4,58,0,snake_southparkastoria,2021,211.7277106985484,0.4812009930610657,0.10908345246553668,5.3553010656471765,-2.215642070739795,0.9347071330147165,0.5014006098839496,141.3600413870304,1.897444221729813,0.03778437868905201,-3.2732164236527206,1,0.6982973414818484,1.0074861939286666,1.1488706025020352,connected,0,4.2428973897695254e-6,4.2428973897695254e-6,-9.210340371976182,-9.168786830160125,-9.168786830160125,-0.24954335540271758,-0.33154560465269795,-0.25983147941383994,-0.4166342281125043,-0.67702598050072,-0.6145768573953277
snake_southparkastoria_2021,deadman_greys,0.014574082816762144,58,1,snake_southparkastoria,2021,42.60696343033698,0.05682190135121345,0.0415623772348318,3.7520177007230955,-3.1805599143188346,-0.19580888501031607,-0.8066285748986248,90.9217377189846,0.599946149412731,0.14082205153648392,-1.9595483674509768,1,4.462130162698441,1.471804965424821,0.7221472358584221,connected,0,0,0,-9.210340371976182,-9.210340371976182,-9.210340371976182,-0.24954335540271758,-0.3336384980437742,-0.25991197094852375,-0.4166342281125043,-0.7119043022658508,-0.6342699898538559
snake_southparkastoria_2021,pacific_NA,0,58,0,snake_southparkastoria,2021,415.0574929301797,0.1369519978761673,0.04158214126053129,6.028417047816465,-3.1800845005109393,1.409338390644628,-0.8059841105644706,95.12152737872064,0.7079834661216386,0.01927443820739732,-3.9438006999103465,1,0.02215317422396,0.7704667536928741,1.1488706025020352,connected,0,1.0388508578094532e-4,1.0388508578094532e-4,-9.210340371976182,-8.49795402783129,-8.49795402783129,-0.24954335540271758,-0.2823951165784162,-0.2579411785354372,-0.4166342281125043,-0.11395671353421293,-0.2966545177722249
snake_southparkastoria_2021,rock_NA,1.8582164433371022e-4,58,0,snake_southparkastoria,2021,11.98579900144692,0.02564449980854988,0.01921974716928189,2.48372253245161,-3.9518170300904103,-1.090116176337176,-1.8521339752947334,96.71434601318764,0.7489578637019633,0,-9.210340371976182,1,-0.6819171054196009,-1.0910029067932832,-0.5580228640724171,connected,0,0,0,-9.210340371976182,-9.210340371976182,-9.210340371976182,-0.24954335540271758,-0.3336384980437742,-0.25991197094852375,-0.4166342281125043,-0.7119043022658508,-0.6342699898538559
snake_southparkastoria_2021,shoal_NA,0.030933449006745987,58,2,snake_southparkastoria,2021,82.64969488421343,0.1540520042181015,0.06550537569878219,4.414611132599159,-2.725623067971499,0.2714026538616901,-0.18992252451816394,28.557800262556444,-1.00433239977016,0.01209925821747958,-4.40638013093737,1,-0.23994686353773353,0.6069670688829447,-0.3446611807506106,connected,0,0,0,-9.210340371976182,-9.210340371976182,-9.210340371976182,-0.24954335540271758,-0.3336384980437742,-0.25991197094852375,-0.4166342281125043,-0.7119043022658508,-0.6342699898538559
snake_southparkastoria_2021,slate_NA,2.18373105809572e-4,58,0,snake_southparkastoria,2021,97.25682381756316,0.03599809855222702,0.03336693660136213,4.577355147826764,-3.4001897914108823,0.3861576123909513,-1.1043557762332283,84.23390642467565,0.42790530780438907,0.01028205488054828,-4.567676455466213,0,-0.3063269493195021,0.5499565395498207,-0.3446611807506106,waterfall,0,7.388457382454261e-5,7.388457382454261e-5,-9.210340371976182,-8.657118847700668,-8.657118847700668,-0.24954335540271758,-0.29719346483775755,-0.2585103149125016,-0.4166342281125043,-0.24755307039032232,-0.3720862076700571
snake_southparkastoria_2021,snakeriversidechannel_NA,0,58,0,snake_southparkastoria,2021,18.81037955717093,0.5644689798355103,0.3722616615355763,2.934408821587343,-0.9881582807479885,-0.7723257718965152,2.1653605333541472,58.306586459123594,-0.2390609703847873,0,-9.210340371976182,1,-0.6819171054196009,-1.0910029067932832,-0.5580228640724171,connected,0,1.4316392269148176e-4,1.4316392269148176e-4,-9.210340371976182,-8.321774763072561,-8.321774763072561,-0.24954335540271758,-0.2630200502905912,-0.25719602408717135,-0.4166342281125043,0.03392086358785493,-0.21315931024700205
snake_southparkastoria_2021,spread_southfork,8.517038930041147e-5,58,0,snake_southparkastoria,2021,98.90320211647273,0.01897189952433109,0.03276703860723393,4.594141615419727,-3.41833218937435,0.3979941790984226,-1.1289493581387449,115.0074468828458,1.2195379861282536,0.01011089609436867,-4.584299884313153,1,-0.31257915823746063,0.5440809532296494,-0.3446611807506106,connected,0,0,0,-9.210340371976182,-9.210340371976182,-9.210340371976182,-0.24954335540271758,-0.3336384980437742,-0.25991197094852375,-0.4166342281125043,-0.7119043022658508,-0.6342699898538559
snake_southparkastoria_2021,spread_uppermainstem,0,58,0,snake_southparkastoria,2021,202.6088598876728,0.07364709675312042,0.04527153653174867,5.3112773217946065,-3.095076776609305,0.9036648676936901,-0.6907488244360215,105.07575577616034,0.9640506059303944,0.02467809158381336,-3.697795420120856,1,0.2195416377886189,0.8574178436232227,0.5087855525366156,connected,0,3.546791040805831e-5,3.546791040805831e-5,-9.210340371976182,-8.90677576924841,-8.90677576924841,-0.24954335540271758,-0.31614324692898294,-0.25923911316326254,-0.4166342281125043,-0.4571047490217056,-0.49040408408578545
snake_southparkastoria_2021,spring_nps,1.6544189003636381e-4,58,0,snake_southparkastoria,2021,4.013031939407464,0.25288400053977966,0.09214421894145744,1.3895470502382712,-2.384400332141274,-1.8616472333135063,0.2726342619972348,100.47301597641848,0.845647614885205,0,-9.210340371976182,0,-0.6819171054196009,-1.0910029067932832,-0.5580228640724171,culvert_diversion,0,6.727965911639381e-4,6.727965911639381e-4,-9.210340371976182,-7.165494686095443,-7.165494686095443,-0.24954335540271758,-0.00176821935618749,-0.24714842161467337,-0.4166342281125043,1.0044544646450324,0.33482711208651617
snake_southparkastoria_2021,spring_tss,0,58,0,snake_southparkastoria,2021,24.857829441667217,0.359358012676239,0.20042810356345644,3.2131727709942544,-1.6072996822611672,-0.5757621968310707,1.326061075814283,22.9821749576658,-1.1477623440575435,0,-9.210340371976182,1,-0.6819171054196009,-1.0910029067932832,-0.5580228640724171,connected,0.18503922773780687,0.00325391373513142,0.1882931414729383,-1.6866471545853954,-5.6976273359084795,-1.6692243215739715,3.295807098937877,1.271419066583958,3.3121762827357326,3.0635210224964284,2.2365215162330907,2.9396298698282872
snake_southparkastoria_2021,threechannel_NA,0,58,0,snake_southparkastoria,2021,32.364754827547884,0.2897590100765228,0.117843813057241,3.477070016734667,-2.138395149431708,-0.38968151393422557,0.6061154601460216,38.70366100957769,-0.7433356214507186,0,-9.210340371976182,1,-0.6819171054196009,-1.0910029067932832,-0.5580228640724171,connected,0.02484110022481889,0.01035277137861167,0.03519387160343057,-3.691238224834839,-4.560888132036704,-3.3440459390826396,0.2264119706386022,4.7730715651936615,0.4077470546159004,2.136278518465708,3.1906533178297867,2.1458952682386987
snake_southparkastoria_2021,upperbarbc_NA,1.216781763805408e-4,58,0,snake_southparkastoria,2021,5.737050517642647,0.4632450044155121,0.3517652148147659,1.7469452311662268,-1.044791329296893,-1.609636654777257,2.0885895617961863,57.75327069145179,-0.2532947191377542,0,-9.210340371976182,1,-0.6819171054196009,-1.0910029067932832,-0.5580228640724171,connected,0,6.263701847792045e-4,6.263701847792045e-4,-9.210340371976182,-7.22745077670238,-7.22745077670238,-0.24954335540271758,-0.024668966220421217,-0.2480291718088142,-0.4166342281125043,0.9524510885414027,0.30546476544622353
snake_southparkastoria_2021,white_NA,0,58,0,snake_southparkastoria,2021,32.672161808639686,0.1206509992480278,0.06405398730038497,3.4865233944871217,-2.7480289996436165,-0.3830156960211845,-0.22029569331631507,79.57701161139661,0.3081092083364175,0.06121419242821969,-2.7917439387230294,1,1.5541581107467735,1.1776636688671474,-0.13129949742880404,connected,0,0,0,-9.210340371976182,-9.210340371976182,-9.210340371976182,-0.24954335540271758,-0.3336384980437742,-0.25991197094852375,-0.4166342281125043,-0.7119043022658508,-0.6342699898538559
snake_southparkastoria_2021,willow_NA,0.07814948528089402,58,5,snake_southparkastoria,2021,185.7033360595004,0.3712950050830841,0.07220654056398042,5.224150432976511,-2.6282246476575253,0.8422294748215096,-0.057890582969804004,10.864678548519292,-1.4594783830356228,0.01076986575706528,-4.521760927781279,1,-0.2885078494034962,0.5661854805723404,-0.13129949742880404,connected,0,1.934516612661411e-5,1.934516612661411e-5,-9.210340371976182,-9.03349070766187,-9.03349070766187,-0.24954335540271758,-0.32409611070410244,-0.2595449759526047,-0.4166342281125043,-0.5634640195261876,-0.5504570653141193
snake_moosewilson_2021,bailey_NA,0,111,0,snake_moosewilson,2021,41.571436204356225,0.00952018983662128,0.02815868421076803,3.7274133017261057,-3.5698994742538495,-0.21315807467230266,-1.3344118577700934,63.97750679454014,-0.0931796129963105,0,-9.210340371976182,1,-0.6819171054196009,-1.0910029067932832,-0.5580228640724171,connected,0,0,0,-9.210340371976182,-9.210340371976182,-9.210340371976182,-0.24954335540271758,-0.3336384980437742,-0.25991197094852375,-0.4166342281125043,-0.7119043022658508,-0.6342699898538559
snake_moosewilson_2021,blackrock_lower,2.224319949928118e-4,111,0,snake_moosewilson,2021,124.92159198396442,0.13935300707817078,0.04385356876906868,4.8276862763615664,-3.1268991776359423,0.5626724798250547,-0.7338868278937084,72.66865004861268,0.13039534488901752,0.02401506378805271,-3.7249185803038998,1,0.19532209060651237,0.8478311049065204,0.0820621858930025,connected,0,8.272310060567697e-4,8.272310060567697e-4,-9.210340371976182,-6.983307825970708,-6.983307825970708,-0.24954335540271758,0.0744096224797411,-0.24421866349874877,-0.4166342281125043,1.157374568470067,0.42116945047302
snake_moosewilson_2021,blackrock_upper,0,111,0,snake_moosewilson,2021,80.686204569364,0.1924089938402176,0.06852655983759876,4.390567613566922,-2.6805338740082356,0.25444895497707576,-0.12880024139868984,90.89437103141452,0.5992421561816823,0.02478738479117143,-3.6933942387870102,1,0.22353397718859186,0.8589734505365639,-0.13129949742880404,connected,0,4.900268401064695e-4,4.900268401064695e-4,-9.210340371976182,-7.435342530393345,-7.435342530393345,-0.24954335540271758,-0.09192302842584753,-0.2506157262428401,-0.4166342281125043,0.7779553618077346,0.20694031569908214
snake_moosewilson_2021,blacktail_NA,0.0952683014205001,111,11,snake_moosewilson,2021,61.14455063095294,0.17830100655555725,0.2664974502977697,4.1132407433781335,-1.3223906027849708,0.05889870114404863,1.7122798543810784,13.304485202094634,-1.3967156769249112,0,-9.210340371976182,1,-0.6819171054196009,-1.0910029067932832,-0.5580228640724171,connected,0,1.46864444118079e-4,1.46864444118079e-4,-9.210340371976182,-8.306671181225756,-8.306671181225756,-0.24954335540271758,-0.2611946946136107,-0.2571258219065871,-0.4166342281125043,0.04659818456787542,-0.20600139241597806
snake_moosewilson_2021,blindbull_NA,0,111,0,snake_moosewilson,2021,36.35174492325697,0.04732979834079742,0.07027445956149014,3.5932422062182408,-2.6553468525572104,-0.3077655382972935,-0.09465706604452084,136.4630033120178,1.7714705667827775,0.08252698753067757,-2.493418926265378,1,2.332686929398121,1.2831072797070224,0.0820621858930025,connected,0,4.9432759089448577e-5,4.9432759089448577e-5,-9.210340371976182,-8.80866403828822,-8.80866403828822,-0.24954335540271758,-0.30925480800912264,-0.25897418757144836,-0.4166342281125043,-0.37475382604836954,-0.44390678857034355
snake_moosewilson_2021,cody_bluecrane,2.1694853373750858e-5,111,0,snake_moosewilson,2021,18.511707107521175,0.5193600058555603,0.29697441361563093,2.918403348563038,-1.214109293332834,-0.7836116394018523,1.8590644888164,36.43173003408652,-0.8017798165715152,0,-9.210340371976182,1,-0.6819171054196009,-1.0910029067932832,-0.5580228640724171,connected,0.08362064779293935,0.00689554703054436,0.0905161948234837,-2.4802696438215244,-4.9624814708424285,-2.401122331096148,1.3526277370157538,3.067727003483424,1.457260698049786,2.696423455767853,2.8535725040786315,2.5927673927028443
snake_moosewilson_2021,boulder_NA,0,111,0,snake_moosewilson,2021,53.69998009443431,0.1402049958705902,0.04973721661138328,3.983412630833825,-3.0010018009305037,-0.032646414356009776,-0.5632220981303292,72.03006627626036,0.1139681228497279,0,-9.210340371976182,1,-0.6819171054196009,-1.0910029067932832,-0.5580228640724171,connected,0,1.338956952533976e-4,1.338956952533976e-4,-9.210340371976182,-8.360635288761552,-8.360635288761552,-0.24954335540271758,-0.26759178751877144,-0.2573718505995184,-0.4166342281125043,0.0013029480093809025,-0.23157616345265597
snake_moosewilson_2021,box_NA,0,111,0,snake_moosewilson,2021,29.14147010476363,0.05944409966468811,0.02514578939696184,3.372162249211866,-3.6830648160565183,-0.4636546581671469,-1.487817218411723,84.30243260138776,0.42966810662435717,0,-9.210340371976182,0,-0.6819171054196009,-1.0910029067932832,-0.5580228640724171,low flow,0,0,0,-9.210340371976182,-9.210340371976182,-9.210340371976182,-0.24954335540271758,-0.3336384980437742,-0.25991197094852375,-0.4166342281125043,-0.7119043022658508,-0.6342699898538559
snake_moosewilson_2021,cabin_NA,0,111,0,snake_moosewilson,2021,23.51004271715979,0.0558410994708538,0.04978562821142316,3.1574276795286256,-3.0000289267337403,-0.6150694834947404,-0.5619032834240238,62.09017629422853,-0.14173016898043148,0,-9.210340371976182,1,-0.6819171054196009,-1.0910029067932832,-0.5580228640724171,connected,0,0,0,-9.210340371976182,-9.210340371976182,-9.210340371976182,-0.24954335540271758,-0.3336384980437742,-0.25991197094852375,-0.4166342281125043,-0.7119043022658508,-0.6342699898538559
snake_moosewilson_2021,clear_NA,1.4158575797741576e-4,111,0,snake_moosewilson,2021,16.604101618688585,0.07531759887933731,0.02877694341500888,2.8096497503050797,-3.548180788339982,-0.860296577035633,-1.304970309746593,86.35329096663968,0.48242532845764285,0,-9.210340371976182,1,-0.6819171054196009,-1.0910029067932832,-0.5580228640724171,connected,0,5.4124269322364146e-5,5.4124269322364146e-5,-9.210340371976182,-8.777751337302915,-8.777751337302915,-0.24954335540271758,-0.30694062742481,-0.25888518545239114,-0.4166342281125043,-0.34880698531052073,-0.42925658335199407
snake_moosewilson_2021,cliff_NA,0.010395632893593354,111,1,snake_moosewilson,2021,158.3813173763604,0.2303059995174408,0.0598667292930114,5.065005526567855,-2.8156343656856224,0.7300123397733954,-0.31194058559320764,74.80797534409459,0.1854283306376141,0.05682488407779412,-2.866022703436794,1,1.3938223580533489,1.151409681326439,1.3622322858238418,connected,0,1.701915221929745e-4,1.701915221929745e-4,-9.210340371976182,-8.21637950897418,-8.21637950897418,-0.24954335540271758,-0.24968815013440973,-0.25668328650178013,-0.4166342281125043,0.12238527418451206,-0.16321019378787024
snake_moosewilson_2021,fall_coburn,3.4534187585659205e-4,111,0,snake_moosewilson,2021,116.5315084203892,0.2628070116043091,0.10592850612511062,4.75816169498255,-2.2449908829454603,0.5136489231569016,0.46161576896804113,48.49478152829376,-0.4914643435729364,0.00858137008226551,-4.746575919186889,0,-0.36845076370144103,0.4867241431891463,-0.3446611807506106,waterfall,0,1.2334543660430012e-4,1.2334543660430012e-4,-9.210340371976182,-8.406790941965202,-8.406790941965202,-0.24954335540271758,-0.27279591209979054,-0.25757199838344175,-0.4166342281125043,-0.03743819542534349,-0.2534503371698559
snake_moosewilson_2021,cottonwood_grosventre,0,111,0,snake_moosewilson,2021,89.17802924901731,0.14260199666023254,0.07427305852988855,4.490634700379434,-2.6000069969197113,0.3250088117020927,-0.019639128779508592,70.25009471085448,0.06817931737971993,0.02242704864463058,-3.7930385298063016,0,0.13731395288147488,0.8237539637154752,-0.13129949742880404,low flow,2.0141392575882696e-5,0,2.0141392575882696e-5,-9.026841237333569,-9.210340371976182,-9.026841237333569,-0.24915744644604412,-0.3336384980437742,-0.25952987082915485,-0.33175497287751304,-0.7119043022658508,-0.5473057358670669
snake_moosewilson_2021,cottonwood_nps,0.05801194374017771,111,6,snake_moosewilson,2021,187.15270214946145,0.4438450038433075,0.15160907633961737,5.2319248726617085,-1.8864499372519228,0.8477114306551253,0.9476488794836052,14.555535304760827,-1.3645330899119812,0.07480522503393781,-2.591531630759407,1,2.05062094013706,1.2484291354043062,2.4290407024328746,connected,4.801044707328315e-6,4.0328775541557846e-4,4.080888001229067e-4,-9.16344681754564,-7.5943484730779875,-7.584854322270576,-0.24945136741594023,-0.1347088043758597,-0.2521701636900334,-0.39494317227653003,0.6444923598794643,0.13608340692861376
snake_moosewilson_2021,cowboycabin_NA,4.7873084203859637e-4,111,0,snake_moosewilson,2021,6.639295264034606,NA,0.15103490929646746,1.8930058229210844,-1.890244281493076,-1.5066456039165121,0.942505319296003,22.953556461685157,-1.1484985393826659,0,-9.210340371976182,1,-0.6819171054196009,-1.0910029067932832,-0.5580228640724171,connected,0,0,0,-9.210340371976182,-9.210340371976182,-9.210340371976182,-0.24954335540271758,-0.3336384980437742,-0.25991197094852375,-0.4166342281125043,-0.7119043022658508,-0.6342699898538559
snake_moosewilson_2021,crystal_lower,0.00012452696743676866,111,0,snake_moosewilson,2021,185.11488744216464,0.08405669778585434,0.05345949334579199,5.220976645530312,-2.9288310455741864,0.8399915562949208,-0.4653884277074507,48.299991511278265,-0.4964752113699105,0,-9.210340371976182,0,-0.6819171054196009,-1.0910029067932832,-0.5580228640724171,low flow,0.00159203207362177,1.4561268966052827e-4,0.0017376447632823,-6.381825061936533,-8.311754695027139,-6.299270547241813,-0.21904003075883446,-0.26181214735658187,-0.22694730532426494,0.8917222031291218,0.0423312936528489,0.745349680312629
snake_moosewilson_2021,crystal_upper,0,111,0,snake_moosewilson,2021,155.6115004101287,0.01565520092844963,0.0350789321250407,5.047362519103877,-3.350154553074885,0.7175718049431052,-1.0365287042741476,57.02037526337692,-0.27214805749337356,0,-9.210340371976182,0,-0.6819171054196009,-1.0910029067932832,-0.5580228640724171,waterfall,0,0,0,-9.210340371976182,-9.210340371976182,-9.210340371976182,-0.24954335540271758,-0.3336384980437742,-0.25991197094852375,-0.4166342281125043,-0.7119043022658508,-0.6342699898538559
snake_moosewilson_2021,deadmansbar_NA,1.1659039629595094e-4,111,0,snake_moosewilson,2021,11.761208318342591,0.4607529938220978,0.12284876516395296,2.464806685350634,-2.096801231640941,-1.1034542228796713,0.6624995955849202,31.19975436964523,-0.9363695597892904,0,-9.210340371976182,1,-0.6819171054196009,-1.0910029067932832,-0.5580228640724171,connected,0.00183668783959592,0.00107140123976429,0.00290808907936022,-6.246776064180481,-6.749554605947969,-5.806450259184024,-0.2143524278021114,0.19485143888006076,-0.20474293632628776,0.954190390633608,1.353577338806193,0.9789079953639275
snake_moosewilson_2021,dell_NA,0,111,0,snake_moosewilson,2021,118.1568591435451,0.21458500623703003,0.05066461454892191,4.772013056484806,-2.9825275499481214,0.5234158716529316,-0.5381786608960017,82.81003673143721,0.3912770303276819,0.00846332584708545,-4.760266630750077,1,-0.37276276682076614,0.48188513203719124,-0.3446611807506106,connected,0.02027330174976997,5.170984692364432e-4,0.02079040021900641,-3.8935299730335315,-7.390481953216503,-3.868465545195727,0.13889298022324095,-0.07856940978109699,0.13450040026564955,2.0427065626048213,0.815609472070334,1.8973613451196976
snake_moosewilson_2021,ditch_NA,1.470004978102642e-4,111,0,snake_moosewilson,2021,67.69148631266991,0.03313380107283592,0.03794501053647849,4.214960415919721,-3.271617258448648,0.13062383824230042,-0.9300646419204589,27.12444196313233,-1.0412047665072022,0.01477290652743177,-4.208214075106562,0,-0.14228195144010805,0.6770092832469276,-0.3446611807506106,low flow,0,0,0,-9.210340371976182,-9.210340371976182,-9.210340371976182,-0.24954335540271758,-0.3336384980437742,-0.25991197094852375,-0.4166342281125043,-0.7119043022658508,-0.6342699898538559
snake_moosewilson_2021,dog_NA,0.010906155232428898,111,1,snake_moosewilson,2021,31.090483742564395,0.06368420273065567,0.06185985047343163,3.4369017833759394,-2.7828839289051213,-0.4180051604095067,-0.26754454979768644,56.872524807389226,-0.2759514304794633,0.03216418272163939,-3.433797558098338,1,0.49299885735227406,0.9507284500532249,-0.3446611807506106,connected,0,0,0,-9.210340371976182,-9.210340371976182,-9.210340371976182,-0.24954335540271758,-0.3336384980437742,-0.25991197094852375,-0.4166342281125043,-0.7119043022658508,-0.6342699898538559
snake_moosewilson_2021,fish_grosventre,1.2641703124020983e-4,111,0,snake_moosewilson,2021,587.8758585030148,0.0790754035115242,0.05700038366984491,6.376515800613735,-2.8646972801203296,1.6547917050750964,-0.37844958881885943,71.45256407235442,0.09911219111066094,0.0136083152323544,-4.289752679001736,0,-0.1848229640482416,0.6481892900900684,1.1488706025020352,low flow,4.584436144917083e-6,1.11554612859649e-4,1.161390490045661e-4,-9.16551581143003,-8.461027375979677,-8.439588612003783,-0.24945551763465085,-0.2786119700487823,-0.2577087099614373,-0.39590020490959804,-0.08296201154970495,-0.26899387045662126
snake_moosewilson_2021,fish_NA,0.21583752963575376,111,24,snake_moosewilson,2021,233.3741440851509,0.18696600198745728,0.19327329665870344,5.452642934303585,-1.643650046859559,1.0033453688675344,1.2767850280257762,25.022459564099044,-1.0952771264489571,0.02999475382091136,-3.5034044140819387,1,0.4137524276318896,0.926125758600513,0.9355089191802287,connected,0.03691386252184423,0.00802943870913108,0.04494330123097531,-3.296462773753929,-4.812263397273023,-3.1001310022999364,0.45772602127630674,3.62704159026381,0.5927024002022878,2.3188856263306405,2.979659332683629,2.261491892467229
snake_moosewilson_2021,spreadnf_flagstaff,3.1682640789529917e-4,111,0,snake_moosewilson,2021,62.105753464464634,0.05579309910535812,0.07693418338645021,4.12883863302891,-2.564804983860054,0.06989717121077008,0.02808022966280149,73.64771248229395,0.1555811962756954,0.04830470339139393,-3.02815829247284,1,1.0825911857650083,1.0941025121663015,0.0820621858930025,connected,0,7.227731359680823e-5,7.227731359680823e-5,-9.210340371976182,-8.666405091138806,-8.666405091138806,-0.24954335540271758,-0.29798627786134746,-0.2585408060675972,-0.4166342281125043,-0.25534755847652363,-0.37648716157379225
snake_moosewilson_2021,flat_NA,3.336618622900785e-5,111,0,snake_moosewilson,2021,173.36864105262885,0.4952880144119262,0.23744731527971188,5.155420200544216,-1.437809510516657,0.79376603386828,1.555819591164476,66.05253872137573,-0.03980053937034204,0,-9.210340371976182,1,-0.6819171054196009,-1.0910029067932832,-0.5580228640724171,connected,0,1.0364036792330612e-4,1.0364036792330612e-4,-9.210340371976182,-8.4991550221978,-8.4991550221978,-0.24954335540271758,-0.28251582852119533,-0.25794582105070835,-0.4166342281125043,-0.11496477845774382,-0.29722369527450193
snake_moosewilson_2021,fordspring_NA,8.744174505723392e-4,111,0,snake_moosewilson,2021,0.371298460979693,0.36350199580192566,0.3083825652441645,-0.9907490627586949,-1.1764141718217336,-3.540054770157885,1.910163470339593,26.98687036263459,-1.0447437214971669,0,-9.210340371976182,1,-0.6819171054196009,-1.0910029067932832,-0.5580228640724171,connected,0,0,0,-9.210340371976182,-9.210340371976182,-9.210340371976182,-0.24954335540271758,-0.3336384980437742,-0.25991197094852375,-0.4166342281125043,-0.7119043022658508,-0.6342699898538559
snake_moosewilson_2021,goosewing_NA,1.604323619984646e-4,111,0,snake_moosewilson,2021,40.396075600271566,0.12725499272346497,0.04498435530865712,3.698732641641705,-3.1014405094671185,-0.23338154005733883,-0.6993754120336815,66.93983229161762,-0.016975392344282185,0,-9.210340371976182,0,-0.6819171054196009,-1.0910029067932832,-0.5580228640724171,low flow,0,0,0,-9.210340371976182,-9.210340371976182,-9.210340371976182,-0.24954335540271758,-0.3336384980437742,-0.25991197094852375,-0.4166342281125043,-0.7119043022658508,-0.6342699898538559
snake_moosewilson_2021,granite_lower,0,111,0,snake_moosewilson,2021,220.38266084017036,0.4365609884262085,0.07926979243391333,5.395365402859918,-2.5348981506061192,0.9629575196659279,0.06862151613696778,68.57862629909398,0.025181696831824727,0.01361268617305474,-4.289433876586555,1,-0.18466329924203148,0.6483019714825007,0.0820621858930025,connected,0,1.7526340459353155e-4,1.7526340459353155e-4,-9.210340371976182,-8.197782083843256,-8.197782083843256,-0.24954335540271758,-0.24718634342514625,-0.25658706838461787,-0.4166342281125043,0.13799518249487042,-0.1543964671959935
snake_moosewilson_2021,granite_upper,0,111,0,snake_moosewilson,2021,131.17478860877102,0.06855929642915726,0.05121030340437559,4.876530698050768,-2.9718145288156883,0.5971139281172764,-0.5236562387108771,83.57087762576934,0.41084925068293077,0.02287024840533575,-3.7735554480019577,1,0.15350346647974358,0.8306403004621478,0.0820621858930025,connected,0,0,0,-9.210340371976182,-9.210340371976182,-9.210340371976182,-0.24954335540271758,-0.3336384980437742,-0.25991197094852375,-0.4166342281125043,-0.7119043022658508,-0.6342699898538559
snake_moosewilson_2021,grosventre_lower,0.0922242126159756,111,10,snake_moosewilson,2021,1589.6465467527958,0.11285000294446944,0.12772197756082734,7.371266972862744,-2.0578994276911646,2.3562161436863795,0.7152343390095599,15.289056657009874,-1.345663649995636,0.01761397843891535,-4.033401208773123,0,-0.03850127188504782,0.7387972630599943,5.416104268938166,low flow,4.402174527288961e-4,8.985182924761807e-5,5.300692819765142e-4,-7.523538809225212,-8.569266636107082,-7.369680773233814,-0.2411087917422351,-0.2893172990296571,-0.2498560855297801,0.36361174228060683,-0.17381356300240194,0.2380588587808339
snake_moosewilson_2021,hoback_upper,0,111,0,snake_moosewilson,2021,114.07783296671197,0.13229399919509888,0.0672652044873204,4.736880960751974,-2.699112197023675,0.4986433343450082,-0.1539847572310184,114.20322903066528,1.1988499170013716,0.03506377966670531,-3.3477387128897176,1,0.598917380631602,0.981146132126715,0.29542386921480907,connected,0,4.72481868508296e-5,4.72481868508296e-5,-9.210340371976182,-8.823391048915319,-8.823391048915319,-0.24954335540271758,-0.310332391646087,-0.25901563084852075,-0.4166342281125043,-0.3871150687449412,-0.4508862410627788
snake_moosewilson_2021,horse_NA,9.549340309603232e-5,111,0,snake_moosewilson,2021,63.20355466451241,0.3199459910392761,0.05410708739882333,4.14636054426279,-2.916790096186639,0.08225231799871911,-0.44906588448140466,47.72100320319913,-0.5113693723347793,0.03164378982505175,-3.450058168836203,0,0.4739895784159695,0.94498110256621,-0.13129949742880404,culvert_diversion,0,0,0,-9.210340371976182,-9.210340371976182,-9.210340371976182,-0.24954335540271758,-0.3336384980437742,-0.25991197094852375,-0.4166342281125043,-0.7119043022658508,-0.6342699898538559
snake_moosewilson_2021,lava_NA,0,111,0,snake_moosewilson,2021,65.33372895413697,0.15424099564552307,0.03712820915992983,4.179508425964538,-3.2933782435768575,0.10562573535417148,-0.9595635301695766,59.203896804838635,-0.21597814722923708,0,-9.210340371976182,0,-0.6819171054196009,-1.0910029067932832,-0.5580228640724171,culvert_diversion,0,1.3745704467353953e-5,1.3745704467353953e-5,-9.210340371976182,-9.081545263770613,-9.081545263770613,-0.24954335540271758,-0.3268581563591559,-0.259651202717231,-0.4166342281125043,-0.6037990234028876,-0.5732311706569175
snake_moosewilson_2021,leidy_NA,0,111,0,snake_moosewilson,2021,10.736033129626785,0.0376180000603199,0.04548522459554739,2.3736056660690865,-3.090367739926582,-1.1677623891175724,-0.6843653199188215,77.02862390300358,0.24255331333808317,0,-9.210340371976182,1,-0.6819171054196009,-1.0910029067932832,-0.5580228640724171,connected,0,0,0,-9.210340371976182,-9.210340371976182,-9.210340371976182,-0.24954335540271758,-0.3336384980437742,-0.25991197094852375,-0.4166342281125043,-0.7119043022658508,-0.6342699898538559
snake_moosewilson_2021,littlegreys_steer,0,111,0,snake_moosewilson,2021,179.34572943407238,0.18192599713802335,0.05653151460733583,5.1893153923430955,-2.872957015670742,0.8176663986453313,-0.38964637125004736,113.17218405047662,1.172326842730844,0.01672746827853964,-4.084742711177624,1,-0.0708843405797834,0.7206504997199836,0.0820621858930025,connected,0,2.003345587130508e-4,2.003345587130508e-4,-9.210340371976182,-8.110613508966717,-8.110613508966717,-0.24954335540271758,-0.23481949880384692,-0.25611144630706323,-0.4166342281125043,0.21116087354017601,-0.11308537273228468
snake_moosewilson_2021,lowerbarbc_NA,0.17174697688363397,111,19,snake_moosewilson,2021,6.396831141622167,0.3782680034637451,0.2384034549706952,1.8558027336247136,-1.4337908515692135,-1.532878451639943,1.5612672292426015,7.105634208042065,-1.5561777648709718,0,-9.210340371976182,1,-0.6819171054196009,-1.0910029067932832,-0.5580228640724171,connected,0.3226711560044893,0,0.3226711560044893,-1.1308117022030537,-9.210340371976182,-1.1308117022030537,5.932833989816739,-0.3336384980437742,5.861446657145803,3.3206279528550064,-0.7119043022658508,3.1947953880300908
snake_moosewilson_2021,mosquito_NA,0.06158938126492514,111,7,snake_moosewilson,2021,61.64128666828233,0.5507169961929321,0.08812801689048827,4.121331884151681,-2.428964784217375,0.06460397099759342,0.21222331166889216,25.081877816748097,-1.0937486240476872,0.06489157212966175,-2.7334976770366906,1,1.6884880313851962,1.1982509340767773,0.29542386921480907,connected,0,1.4571312000932565e-5,1.4571312000932565e-5,-9.210340371976182,-9.07431311660181,-9.07431311660181,-0.24954335540271758,-0.3264509090486704,-0.2596355402084971,-0.4166342281125043,-0.59772865864017,-0.5698036979089801
snake_moosewilson_2021,northbuffalofork_NA,3.42639109986965e-5,111,0,snake_moosewilson,2021,211.7277106985484,0.4812009930610657,0.10908345246553668,5.3553010656471765,-2.215642070739795,0.9347071330147165,0.5014006098839496,98.17965302070822,0.7866520936690022,0.03778437868905201,-3.2732164236527206,1,0.6982973414818484,1.0074861939286666,1.1488706025020352,connected,0,4.2428973897695254e-6,4.2428973897695254e-6,-9.210340371976182,-9.168786830160125,-9.168786830160125,-0.24954335540271758,-0.33154560465269795,-0.25983147941383994,-0.4166342281125043,-0.67702598050072,-0.6145768573953277
snake_moosewilson_2021,deadman_greys,0,111,0,snake_moosewilson,2021,42.60696343033698,0.05682190135121345,0.0415623772348318,3.7520177007230955,-3.1805599143188346,-0.19580888501031607,-0.8066285748986248,134.10212608530676,1.7107382774735411,0.14082205153648392,-1.9595483674509768,1,4.462130162698441,1.471804965424821,0.7221472358584221,connected,0,0,0,-9.210340371976182,-9.210340371976182,-9.210340371976182,-0.24954335540271758,-0.3336384980437742,-0.25991197094852375,-0.4166342281125043,-0.7119043022658508,-0.6342699898538559
snake_moosewilson_2021,pacific_NA,6.25415039382421e-4,111,0,snake_moosewilson,2021,415.0574929301797,0.1369519978761673,0.04158214126053129,6.028417047816465,-3.1800845005109393,1.409338390644628,-0.8059841105644706,51.94113901239845,-0.4028086619391722,0.01927443820739732,-3.9438006999103465,1,0.02215317422396,0.7704667536928741,1.1488706025020352,connected,0,1.0388508578094532e-4,1.0388508578094532e-4,-9.210340371976182,-8.49795402783129,-8.49795402783129,-0.24954335540271758,-0.2823951165784162,-0.2579411785354372,-0.4166342281125043,-0.11395671353421293,-0.2966545177722249
snake_moosewilson_2021,rock_NA,1.441909389472268e-4,111,0,snake_moosewilson,2021,11.98579900144692,0.02564449980854988,0.01921974716928189,2.48372253245161,-3.9518170300904103,-1.090116176337176,-1.8521339752947334,53.53395764686547,-0.3618342643588471,0,-9.210340371976182,1,-0.6819171054196009,-1.0910029067932832,-0.5580228640724171,connected,0,0,0,-9.210340371976182,-9.210340371976182,-9.210340371976182,-0.24954335540271758,-0.3336384980437742,-0.25991197094852375,-0.4166342281125043,-0.7119043022658508,-0.6342699898538559
snake_moosewilson_2021,shoal_NA,0,111,0,snake_moosewilson,2021,82.64969488421343,0.1540520042181015,0.06550537569878219,4.414611132599159,-2.725623067971499,0.2714026538616901,-0.18992252451816394,71.73818862887862,0.10645972829065045,0.01209925821747958,-4.40638013093737,1,-0.23994686353773353,0.6069670688829447,-0.3446611807506106,connected,0,0,0,-9.210340371976182,-9.210340371976182,-9.210340371976182,-0.24954335540271758,-0.3336384980437742,-0.25991197094852375,-0.4166342281125043,-0.7119043022658508,-0.6342699898538559
snake_moosewilson_2021,slate_NA,2.344029311353481e-4,111,0,snake_moosewilson,2021,97.25682381756316,0.03599809855222702,0.03336693660136213,4.577355147826764,-3.4001897914108823,0.3861576123909513,-1.1043557762332283,52.629401591012126,-0.38510347948742807,0.01028205488054828,-4.567676455466213,0,-0.3063269493195021,0.5499565395498207,-0.3446611807506106,waterfall,0,7.388457382454261e-5,7.388457382454261e-5,-9.210340371976182,-8.657118847700668,-8.657118847700668,-0.24954335540271758,-0.29719346483775755,-0.2585103149125016,-0.4166342281125043,-0.24755307039032232,-0.3720862076700571
snake_moosewilson_2021,snakeriversidechannel_NA,0.044880263320671014,111,5,snake_moosewilson,2021,18.81037955717093,0.5644689798355103,0.3722616615355763,2.934408821587343,-0.9881582807479885,-0.7723257718965152,2.1653605333541472,15.126198092801406,-1.349853098445598,0,-9.210340371976182,1,-0.6819171054196009,-1.0910029067932832,-0.5580228640724171,connected,0,1.4316392269148176e-4,1.4316392269148176e-4,-9.210340371976182,-8.321774763072561,-8.321774763072561,-0.24954335540271758,-0.2630200502905912,-0.25719602408717135,-0.4166342281125043,0.03392086358785493,-0.21315931024700205
snake_moosewilson_2021,spread_southfork,0,111,0,snake_moosewilson,2021,98.90320211647273,0.01897189952433109,0.03276703860723393,4.594141615419727,-3.41833218937435,0.3979941790984226,-1.1289493581387449,71.82705851652364,0.10874585806744344,0.01011089609436867,-4.584299884313153,1,-0.31257915823746063,0.5440809532296494,-0.3446611807506106,connected,0,0,0,-9.210340371976182,-9.210340371976182,-9.210340371976182,-0.24954335540271758,-0.3336384980437742,-0.25991197094852375,-0.4166342281125043,-0.7119043022658508,-0.6342699898538559
snake_moosewilson_2021,spread_uppermainstem,0,111,0,snake_moosewilson,2021,202.6088598876728,0.07364709675312042,0.04527153653174867,5.3112773217946065,-3.095076776609305,0.9036648676936901,-0.6907488244360215,61.895367409838144,-0.14674152213041652,0.02467809158381336,-3.697795420120856,1,0.2195416377886189,0.8574178436232227,0.5087855525366156,connected,0,3.546791040805831e-5,3.546791040805831e-5,-9.210340371976182,-8.90677576924841,-8.90677576924841,-0.24954335540271758,-0.31614324692898294,-0.25923911316326254,-0.4166342281125043,-0.4571047490217056,-0.49040408408578545
snake_moosewilson_2021,spring_nps,1.3677847272874916e-4,111,0,snake_moosewilson,2021,4.013031939407464,0.25288400053977966,0.09214421894145744,1.3895470502382712,-2.384400332141274,-1.8616472333135063,0.2726342619972348,57.292627610096275,-0.2651445131756062,0,-9.210340371976182,0,-0.6819171054196009,-1.0910029067932832,-0.5580228640724171,culvert_diversion,0,6.727965911639381e-4,6.727965911639381e-4,-9.210340371976182,-7.165494686095443,-7.165494686095443,-0.24954335540271758,-0.00176821935618749,-0.24714842161467337,-0.4166342281125043,1.0044544646450324,0.33482711208651617
snake_moosewilson_2021,spring_tss,0.018651171165808014,111,2,snake_moosewilson,2021,24.857829441667217,0.359358012676239,0.20042810356345644,3.2131727709942544,-1.6072996822611672,-0.5757621968310707,1.326061075814283,40.81561767930993,-0.689006678791792,0,-9.210340371976182,1,-0.6819171054196009,-1.0910029067932832,-0.5580228640724171,connected,0.18503922773780687,0.00325391373513142,0.1882931414729383,-1.6866471545853954,-5.6976273359084795,-1.6692243215739715,3.295807098937877,1.271419066583958,3.3121762827357326,3.0635210224964284,2.2365215162330907,2.9396298698282872
snake_moosewilson_2021,threechannel_NA,0.13023696386104178,111,14,snake_moosewilson,2021,32.364754827547884,0.2897590100765228,0.117843813057241,3.477070016734667,-2.138395149431708,-0.38968151393422557,0.6061154601460216,4.586929624299862,-1.6209700775476585,0,-9.210340371976182,1,-0.6819171054196009,-1.0910029067932832,-0.5580228640724171,connected,0.02484110022481889,0.01035277137861167,0.03519387160343057,-3.691238224834839,-4.560888132036704,-3.3440459390826396,0.2264119706386022,4.7730715651936615,0.4077470546159004,2.136278518465708,3.1906533178297867,2.1458952682386987
snake_moosewilson_2021,upperbarbc_NA,0.06900876682167215,111,8,snake_moosewilson,2021,5.737050517642647,0.4632450044155121,0.3517652148147659,1.7469452311662268,-1.044791329296893,-1.609636654777257,2.0885895617961863,14.5728823251296,-1.364086847198565,0,-9.210340371976182,1,-0.6819171054196009,-1.0910029067932832,-0.5580228640724171,connected,0,6.263701847792045e-4,6.263701847792045e-4,-9.210340371976182,-7.22745077670238,-7.22745077670238,-0.24954335540271758,-0.024668966220421217,-0.2480291718088142,-0.4166342281125043,0.9524510885414027,0.30546476544622353
snake_moosewilson_2021,white_NA,0,111,0,snake_moosewilson,2021,32.672161808639686,0.1206509992480278,0.06405398730038497,3.4865233944871217,-2.7480289996436165,-0.3830156960211845,-0.22029569331631507,122.75739997771878,1.4189013363972276,0.06121419242821969,-2.7917439387230294,1,1.5541581107467735,1.1776636688671474,-0.13129949742880404,connected,0,0,0,-9.210340371976182,-9.210340371976182,-9.210340371976182,-0.24954335540271758,-0.3336384980437742,-0.25991197094852375,-0.4166342281125043,-0.7119043022658508,-0.6342699898538559
snake_moosewilson_2021,willow_NA,0.016862793823812554,111,2,snake_moosewilson,2021,185.7033360595004,0.3712950050830841,0.07220654056398042,5.224150432976511,-2.6282246476575253,0.8422294748215096,-0.057890582969804004,54.04506691484148,-0.34868625497481215,0.01076986575706528,-4.521760927781279,1,-0.2885078494034962,0.5661854805723404,-0.13129949742880404,connected,0,1.934516612661411e-5,1.934516612661411e-5,-9.210340371976182,-9.03349070766187,-9.03349070766187,-0.24954335540271758,-0.32409611070410244,-0.2595449759526047,-0.4166342281125043,-0.5634640195261876,-0.5504570653141193
snake_astoriawesttable_2021,bailey_NA,0.19926584596184677,72,14,snake_astoriawesttable,2021,41.571436204356225,0.00952018983662128,0.02815868421076803,3.7274133017261057,-3.5698994742538495,-0.21315807467230266,-1.3344118577700934,4.742187407220427,-1.6169761550839403,0,-9.210340371976182,1,-0.6819171054196009,-1.0910029067932832,-0.5580228640724171,connected,0,0,0,-9.210340371976182,-9.210340371976182,-9.210340371976182,-0.24954335540271758,-0.3336384980437742,-0.25991197094852375,-0.4166342281125043,-0.7119043022658508,-0.6342699898538559
snake_astoriawesttable_2021,blackrock_lower,0,72,0,snake_astoriawesttable,2021,124.92159198396442,0.13935300707817078,0.04385356876906868,4.8276862763615664,-3.1268991776359423,0.5626724798250547,-0.7338868278937084,133.89319997398962,1.7053637662989627,0.02401506378805271,-3.7249185803038998,1,0.19532209060651237,0.8478311049065204,0.0820621858930025,connected,0,8.272310060567697e-4,8.272310060567697e-4,-9.210340371976182,-6.983307825970708,-6.983307825970708,-0.24954335540271758,0.0744096224797411,-0.24421866349874877,-0.4166342281125043,1.157374568470067,0.42116945047302
snake_astoriawesttable_2021,blackrock_upper,1.8400118544552332e-4,72,0,snake_astoriawesttable,2021,80.686204569364,0.1924089938402176,0.06852655983759876,4.390567613566922,-2.6805338740082356,0.25444895497707576,-0.12880024139868984,152.11892095679144,2.1742105775916265,0.02478738479117143,-3.6933942387870102,1,0.22353397718859186,0.8589734505365639,-0.13129949742880404,connected,0,4.900268401064695e-4,4.900268401064695e-4,-9.210340371976182,-7.435342530393345,-7.435342530393345,-0.24954335540271758,-0.09192302842584753,-0.2506157262428401,-0.4166342281125043,0.7779553618077346,0.20694031569908214
snake_astoriawesttable_2021,blacktail_NA,5.283425952201983e-4,72,0,snake_astoriawesttable,2021,61.14455063095294,0.17830100655555725,0.2664974502977697,4.1132407433781335,-1.3223906027849708,0.05889870114404863,1.7122798543810784,74.52903512747156,0.17825274448503345,0,-9.210340371976182,1,-0.6819171054196009,-1.0910029067932832,-0.5580228640724171,connected,0,1.46864444118079e-4,1.46864444118079e-4,-9.210340371976182,-8.306671181225756,-8.306671181225756,-0.24954335540271758,-0.2611946946136107,-0.2571258219065871,-0.4166342281125043,0.04659818456787542,-0.20600139241597806
snake_astoriawesttable_2021,blindbull_NA,0,72,0,snake_astoriawesttable,2021,36.35174492325697,0.04732979834079742,0.07027445956149014,3.5932422062182408,-2.6553468525572104,-0.3077655382972935,-0.09465706604452084,77.22768392469807,0.2476740246951471,0.08252698753067757,-2.493418926265378,1,2.332686929398121,1.2831072797070224,0.0820621858930025,connected,0,4.9432759089448577e-5,4.9432759089448577e-5,-9.210340371976182,-8.80866403828822,-8.80866403828822,-0.24954335540271758,-0.30925480800912264,-0.25897418757144836,-0.4166342281125043,-0.37475382604836954,-0.44390678857034355
snake_astoriawesttable_2021,cody_bluecrane,0,72,0,snake_astoriawesttable,2021,18.511707107521175,0.5193600058555603,0.29697441361563093,2.918403348563038,-1.214109293332834,-0.7836116394018523,1.8590644888164,36.64244887149714,-0.7963591884881329,0,-9.210340371976182,1,-0.6819171054196009,-1.0910029067932832,-0.5580228640724171,connected,0.08362064779293935,0.00689554703054436,0.0905161948234837,-2.4802696438215244,-4.9624814708424285,-2.401122331096148,1.3526277370157538,3.067727003483424,1.457260698049786,2.696423455767853,2.8535725040786315,2.5927673927028443
snake_astoriawesttable_2021,boulder_NA,0,72,0,snake_astoriawesttable,2021,53.69998009443431,0.1402049958705902,0.04973721661138328,3.983412630833825,-3.0010018009305037,-0.032646414356009776,-0.5632220981303292,42.26840688350419,-0.6516344625425902,0,-9.210340371976182,1,-0.6819171054196009,-1.0910029067932832,-0.5580228640724171,connected,0,1.338956952533976e-4,1.338956952533976e-4,-9.210340371976182,-8.360635288761552,-8.360635288761552,-0.24954335540271758,-0.26759178751877144,-0.2573718505995184,-0.4166342281125043,0.0013029480093809025,-0.23157616345265597
snake_astoriawesttable_2021,box_NA,0,72,0,snake_astoriawesttable,2021,29.14147010476363,0.05944409966468811,0.02514578939696184,3.372162249211866,-3.6830648160565183,-0.4636546581671469,-1.487817218411723,145.52698252676467,2.0046365280343013,0,-9.210340371976182,0,-0.6819171054196009,-1.0910029067932832,-0.5580228640724171,low flow,0,0,0,-9.210340371976182,-9.210340371976182,-9.210340371976182,-0.24954335540271758,-0.3336384980437742,-0.25991197094852375,-0.4166342281125043,-0.7119043022658508,-0.6342699898538559
snake_astoriawesttable_2021,cabin_NA,0.17072362726251586,72,12,snake_astoriawesttable,2021,23.51004271715979,0.0558410994708538,0.04978562821142316,3.1574276795286256,-3.0000289267337403,-0.6150694834947404,-0.5619032834240238,0.8656263688515878,-1.7166985903903762,0,-9.210340371976182,1,-0.6819171054196009,-1.0910029067932832,-0.5580228640724171,connected,0,0,0,-9.210340371976182,-9.210340371976182,-9.210340371976182,-0.24954335540271758,-0.3336384980437742,-0.25991197094852375,-0.4166342281125043,-0.7119043022658508,-0.6342699898538559
snake_astoriawesttable_2021,clear_NA,0,72,0,snake_astoriawesttable,2021,16.604101618688585,0.07531759887933731,0.02877694341500888,2.8096497503050797,-3.548180788339982,-0.860296577035633,-1.304970309746593,147.5778408920166,2.0573937498675874,0,-9.210340371976182,1,-0.6819171054196009,-1.0910029067932832,-0.5580228640724171,connected,0,5.4124269322364146e-5,5.4124269322364146e-5,-9.210340371976182,-8.777751337302915,-8.777751337302915,-0.24954335540271758,-0.30694062742481,-0.25888518545239114,-0.4166342281125043,-0.34880698531052073,-0.42925658335199407
snake_astoriawesttable_2021,cliff_NA,0.028231392811809267,72,2,snake_astoriawesttable,2021,158.3813173763604,0.2303059995174408,0.0598667292930114,5.065005526567855,-2.8156343656856224,0.7300123397733954,-0.31194058559320764,45.04631595133841,-0.5801742547547043,0.05682488407779412,-2.866022703436794,1,1.3938223580533489,1.151409681326439,1.3622322858238418,connected,0,1.701915221929745e-4,1.701915221929745e-4,-9.210340371976182,-8.21637950897418,-8.21637950897418,-0.24954335540271758,-0.24968815013440973,-0.25668328650178013,-0.4166342281125043,0.12238527418451206,-0.16321019378787024
snake_astoriawesttable_2021,fall_coburn,1.792181494299643e-4,72,0,snake_astoriawesttable,2021,116.5315084203892,0.2628070116043091,0.10592850612511062,4.75816169498255,-2.2449908829454603,0.5136489231569016,0.46161576896804113,17.38830663589507,-1.2916615800838198,0.00858137008226551,-4.746575919186889,0,-0.36845076370144103,0.4867241431891463,-0.3446611807506106,waterfall,0,1.2334543660430012e-4,1.2334543660430012e-4,-9.210340371976182,-8.406790941965202,-8.406790941965202,-0.24954335540271758,-0.27279591209979054,-0.25757199838344175,-0.4166342281125043,-0.03743819542534349,-0.2534503371698559
snake_astoriawesttable_2021,cottonwood_grosventre,0,72,0,snake_astoriawesttable,2021,89.17802924901731,0.14260199666023254,0.07427305852988855,4.490634700379434,-2.6000069969197113,0.3250088117020927,-0.019639128779508592,119.89876110357277,1.3453643980206713,0.02242704864463058,-3.7930385298063016,0,0.13731395288147488,0.8237539637154752,-0.13129949742880404,low flow,2.0141392575882696e-5,0,2.0141392575882696e-5,-9.026841237333569,-9.210340371976182,-9.026841237333569,-0.24915744644604412,-0.3336384980437742,-0.25952987082915485,-0.33175497287751304,-0.7119043022658508,-0.5473057358670669
snake_astoriawesttable_2021,cottonwood_nps,0,72,0,snake_astoriawesttable,2021,187.15270214946145,0.4438450038433075,0.15160907633961737,5.2319248726617085,-1.8864499372519228,0.8477114306551253,0.9476488794836052,75.78008523013776,0.21043533149796365,0.07480522503393781,-2.591531630759407,1,2.05062094013706,1.2484291354043062,2.4290407024328746,connected,4.801044707328315e-6,4.0328775541557846e-4,4.080888001229067e-4,-9.16344681754564,-7.5943484730779875,-7.584854322270576,-0.24945136741594023,-0.1347088043758597,-0.2521701636900334,-0.39494317227653003,0.6444923598794643,0.13608340692861376
snake_astoriawesttable_2021,cowboycabin_NA,6.34513988555901e-4,72,0,snake_astoriawesttable,2021,6.639295264034606,NA,0.15103490929646746,1.8930058229210844,-1.890244281493076,-1.5066456039165121,0.942505319296003,84.17810638706209,0.4264698820272789,0,-9.210340371976182,1,-0.6819171054196009,-1.0910029067932832,-0.5580228640724171,connected,0,0,0,-9.210340371976182,-9.210340371976182,-9.210340371976182,-0.24954335540271758,-0.3336384980437742,-0.25991197094852375,-0.4166342281125043,-0.7119043022658508,-0.6342699898538559
snake_astoriawesttable_2021,crystal_lower,1.3497588908896234e-5,72,0,snake_astoriawesttable,2021,185.11488744216464,0.08405669778585434,0.05345949334579199,5.220976645530312,-2.9288310455741864,0.8399915562949208,-0.4653884277074507,97.94865790399656,0.7807098692710411,0,-9.210340371976182,0,-0.6819171054196009,-1.0910029067932832,-0.5580228640724171,low flow,0.00159203207362177,1.4561268966052827e-4,0.0017376447632823,-6.381825061936533,-8.311754695027139,-6.299270547241813,-0.21904003075883446,-0.26181214735658187,-0.22694730532426494,0.8917222031291218,0.0423312936528489,0.745349680312629
snake_astoriawesttable_2021,crystal_upper,1.1389202201332974e-4,72,0,snake_astoriawesttable,2021,155.6115004101287,0.01565520092844963,0.0350789321250407,5.047362519103877,-3.350154553074885,0.7175718049431052,-1.0365287042741476,106.6690416560952,1.0050370231475778,0,-9.210340371976182,0,-0.6819171054196009,-1.0910029067932832,-0.5580228640724171,waterfall,0,0,0,-9.210340371976182,-9.210340371976182,-9.210340371976182,-0.24954335540271758,-0.3336384980437742,-0.25991197094852375,-0.4166342281125043,-0.7119043022658508,-0.6342699898538559
snake_astoriawesttable_2021,deadmansbar_NA,0,72,0,snake_astoriawesttable,2021,11.761208318342591,0.4607529938220978,0.12284876516395296,2.464806685350634,-2.096801231640941,-1.1034542228796713,0.6624995955849202,92.42430429502215,0.6385988616206539,0,-9.210340371976182,1,-0.6819171054196009,-1.0910029067932832,-0.5580228640724171,connected,0.00183668783959592,0.00107140123976429,0.00290808907936022,-6.246776064180481,-6.749554605947969,-5.806450259184024,-0.2143524278021114,0.19485143888006076,-0.20474293632628776,0.954190390633608,1.353577338806193,0.9789079953639275
snake_astoriawesttable_2021,dell_NA,0,72,0,snake_astoriawesttable,2021,118.1568591435451,0.21458500623703003,0.05066461454892191,4.772013056484806,-2.9825275499481214,0.5234158716529316,-0.5381786608960017,53.04837733868104,-0.3743255550646361,0.00846332584708545,-4.760266630750077,1,-0.37276276682076614,0.48188513203719124,-0.3446611807506106,connected,0.02027330174976997,5.170984692364432e-4,0.02079040021900641,-3.8935299730335315,-7.390481953216503,-3.868465545195727,0.13889298022324095,-0.07856940978109699,0.13450040026564955,2.0427065626048213,0.815609472070334,1.8973613451196976
snake_astoriawesttable_2021,ditch_NA,1.4001300725792408e-4,72,0,snake_astoriawesttable,2021,67.69148631266991,0.03313380107283592,0.03794501053647849,4.214960415919721,-3.271617258448648,0.13062383824230042,-0.9300646419204589,88.34899188850926,0.5337636549027426,0.01477290652743177,-4.208214075106562,0,-0.14228195144010805,0.6770092832469276,-0.3446611807506106,low flow,0,0,0,-9.210340371976182,-9.210340371976182,-9.210340371976182,-0.24954335540271758,-0.3336384980437742,-0.25991197094852375,-0.4166342281125043,-0.7119043022658508,-0.6342699898538559
snake_astoriawesttable_2021,dog_NA,0.10819757228111956,72,8,snake_astoriawesttable,2021,31.090483742564395,0.06368420273065567,0.06185985047343163,3.4369017833759394,-2.7828839289051213,-0.4180051604095067,-0.26754454979768644,8.55324049125396,-1.5189388764598322,0.03216418272163939,-3.433797558098338,1,0.49299885735227406,0.9507284500532249,-0.3446611807506106,connected,0,0,0,-9.210340371976182,-9.210340371976182,-9.210340371976182,-0.24954335540271758,-0.3336384980437742,-0.25991197094852375,-0.4166342281125043,-0.7119043022658508,-0.6342699898538559
snake_astoriawesttable_2021,fish_grosventre,0,72,0,snake_astoriawesttable,2021,587.8758585030148,0.0790754035115242,0.05700038366984491,6.376515800613735,-2.8646972801203296,1.6547917050750964,-0.37844958881885943,121.10123046507272,1.3762972717516126,0.0136083152323544,-4.289752679001736,0,-0.1848229640482416,0.6481892900900684,1.1488706025020352,low flow,4.584436144917083e-6,1.11554612859649e-4,1.161390490045661e-4,-9.16551581143003,-8.461027375979677,-8.439588612003783,-0.24945551763465085,-0.2786119700487823,-0.2577087099614373,-0.39590020490959804,-0.08296201154970495,-0.26899387045662126
snake_astoriawesttable_2021,fish_NA,0.10867547864499315,72,8,snake_astoriawesttable,2021,233.3741440851509,0.18696600198745728,0.19327329665870344,5.452642934303585,-1.643650046859559,1.0033453688675344,1.2767850280257762,41.9058742195612,-0.6609604191749503,0.02999475382091136,-3.5034044140819387,1,0.4137524276318896,0.926125758600513,0.9355089191802287,connected,0.03691386252184423,0.00802943870913108,0.04494330123097531,-3.296462773753929,-4.812263397273023,-3.1001310022999364,0.45772602127630674,3.62704159026381,0.5927024002022878,2.3188856263306405,2.979659332683629,2.261491892467229
snake_astoriawesttable_2021,spreadnf_flagstaff,4.1898001366832564e-4,72,0,snake_astoriawesttable,2021,62.105753464464634,0.05579309910535812,0.07693418338645021,4.12883863302891,-2.564804983860054,0.06989717121077008,0.02808022966280149,134.87226240767083,1.7305496176856388,0.04830470339139393,-3.02815829247284,1,1.0825911857650083,1.0941025121663015,0.0820621858930025,connected,0,7.227731359680823e-5,7.227731359680823e-5,-9.210340371976182,-8.666405091138806,-8.666405091138806,-0.24954335540271758,-0.29798627786134746,-0.2585408060675972,-0.4166342281125043,-0.25534755847652363,-0.37648716157379225
snake_astoriawesttable_2021,flat_NA,0,72,0,snake_astoriawesttable,2021,173.36864105262885,0.4952880144119262,0.23744731527971188,5.155420200544216,-1.437809510516657,0.79376603386828,1.555819591164476,54.82509502003766,-0.3286204540012878,0,-9.210340371976182,1,-0.6819171054196009,-1.0910029067932832,-0.5580228640724171,connected,0,1.0364036792330612e-4,1.0364036792330612e-4,-9.210340371976182,-8.4991550221978,-8.4991550221978,-0.24954335540271758,-0.28251582852119533,-0.25794582105070835,-0.4166342281125043,-0.11496477845774382,-0.29722369527450193
snake_astoriawesttable_2021,fordspring_NA,0,72,0,snake_astoriawesttable,2021,0.371298460979693,0.36350199580192566,0.3083825652441645,-0.9907490627586949,-1.1764141718217336,-3.540054770157885,1.910163470339593,41.01511962685911,-0.6838745991312194,0,-9.210340371976182,1,-0.6819171054196009,-1.0910029067932832,-0.5580228640724171,connected,0,0,0,-9.210340371976182,-9.210340371976182,-9.210340371976182,-0.24954335540271758,-0.3336384980437742,-0.25991197094852375,-0.4166342281125043,-0.7119043022658508,-0.6342699898538559
snake_astoriawesttable_2021,goosewing_NA,1.990233254460533e-4,72,0,snake_astoriawesttable,2021,40.396075600271566,0.12725499272346497,0.04498435530865712,3.698732641641705,-3.1014405094671185,-0.23338154005733883,-0.6993754120336815,116.5884986843359,1.2602096882966691,0,-9.210340371976182,0,-0.6819171054196009,-1.0910029067932832,-0.5580228640724171,low flow,0,0,0,-9.210340371976182,-9.210340371976182,-9.210340371976182,-0.24954335540271758,-0.3336384980437742,-0.25991197094852375,-0.4166342281125043,-0.7119043022658508,-0.6342699898538559
snake_astoriawesttable_2021,granite_lower,0.09271128256255595,72,7,snake_astoriawesttable,2021,220.38266084017036,0.4365609884262085,0.07926979243391333,5.395365402859918,-2.5348981506061192,0.9629575196659279,0.06862151613696778,38.81696690633781,-0.7404208885604935,0.01361268617305474,-4.289433876586555,1,-0.18466329924203148,0.6483019714825007,0.0820621858930025,connected,0,1.7526340459353155e-4,1.7526340459353155e-4,-9.210340371976182,-8.197782083843256,-8.197782083843256,-0.24954335540271758,-0.24718634342514625,-0.25658706838461787,-0.4166342281125043,0.13799518249487042,-0.1543964671959935
snake_astoriawesttable_2021,granite_upper,0,72,0,snake_astoriawesttable,2021,131.17478860877102,0.06855929642915726,0.05121030340437559,4.876530698050768,-2.9718145288156883,0.5971139281172764,-0.5236562387108771,53.80921823301315,-0.35475333470938797,0.02287024840533575,-3.7735554480019577,1,0.15350346647974358,0.8306403004621478,0.0820621858930025,connected,0,0,0,-9.210340371976182,-9.210340371976182,-9.210340371976182,-0.24954335540271758,-0.3336384980437742,-0.25991197094852375,-0.4166342281125043,-0.7119043022658508,-0.6342699898538559
snake_astoriawesttable_2021,grosventre_lower,0,72,0,snake_astoriawesttable,2021,1589.6465467527958,0.11285000294446944,0.12772197756082734,7.371266972862744,-2.0578994276911646,2.3562161436863795,0.7152343390095599,64.93772304972816,-0.06847856935468445,0.01761397843891535,-4.033401208773123,0,-0.03850127188504782,0.7387972630599943,5.416104268938166,low flow,4.402174527288961e-4,8.985182924761807e-5,5.300692819765142e-4,-7.523538809225212,-8.569266636107082,-7.369680773233814,-0.2411087917422351,-0.2893172990296571,-0.2498560855297801,0.36361174228060683,-0.17381356300240194,0.2380588587808339
snake_astoriawesttable_2021,hoback_upper,0,72,0,snake_astoriawesttable,2021,114.07783296671197,0.13229399919509888,0.0672652044873204,4.736880960751974,-2.699112197023675,0.4986433343450082,-0.1539847572310184,84.44156963790911,0.4332473316090533,0.03506377966670531,-3.3477387128897176,1,0.598917380631602,0.981146132126715,0.29542386921480907,connected,0,4.72481868508296e-5,4.72481868508296e-5,-9.210340371976182,-8.823391048915319,-8.823391048915319,-0.24954335540271758,-0.310332391646087,-0.25901563084852075,-0.4166342281125043,-0.3871150687449412,-0.4508862410627788
snake_astoriawesttable_2021,horse_NA,9.722109106564652e-5,72,0,snake_astoriawesttable,2021,63.20355466451241,0.3199459910392761,0.05410708739882333,4.14636054426279,-2.916790096186639,0.08225231799871911,-0.44906588448140466,22.93832729120873,-1.1488903015534595,0.03164378982505175,-3.450058168836203,0,0.4739895784159695,0.94498110256621,-0.13129949742880404,culvert_diversion,0,0,0,-9.210340371976182,-9.210340371976182,-9.210340371976182,-0.24954335540271758,-0.3336384980437742,-0.25991197094852375,-0.4166342281125043,-0.7119043022658508,-0.6342699898538559
snake_astoriawesttable_2021,lava_NA,1.2940924822364827e-4,72,0,snake_astoriawesttable,2021,65.33372895413697,0.15424099564552307,0.03712820915992983,4.179508425964538,-3.2933782435768575,0.10562573535417148,-0.9595635301695766,120.42844673021558,1.358990274180708,0,-9.210340371976182,0,-0.6819171054196009,-1.0910029067932832,-0.5580228640724171,culvert_diversion,0,1.3745704467353953e-5,1.3745704467353953e-5,-9.210340371976182,-9.081545263770613,-9.081545263770613,-0.24954335540271758,-0.3268581563591559,-0.259651202717231,-0.4166342281125043,-0.6037990234028876,-0.5732311706569175
snake_astoriawesttable_2021,leidy_NA,6.560656265336602e-5,72,0,snake_astoriawesttable,2021,10.736033129626785,0.0376180000603199,0.04548522459554739,2.3736056660690865,-3.090367739926582,-1.1677623891175724,-0.6843653199188215,138.2531738283805,1.817521734748028,0,-9.210340371976182,1,-0.6819171054196009,-1.0910029067932832,-0.5580228640724171,connected,0,0,0,-9.210340371976182,-9.210340371976182,-9.210340371976182,-0.24954335540271758,-0.3336384980437742,-0.25991197094852375,-0.4166342281125043,-0.7119043022658508,-0.6342699898538559
snake_astoriawesttable_2021,littlegreys_steer,0,72,0,snake_astoriawesttable,2021,179.34572943407238,0.18192599713802335,0.05653151460733583,5.1893153923430955,-2.872957015670742,0.8176663986453313,-0.38964637125004736,53.9368646631569,-0.3514696993567858,0.01672746827853964,-4.084742711177624,1,-0.0708843405797834,0.7206504997199836,0.0820621858930025,connected,0,2.003345587130508e-4,2.003345587130508e-4,-9.210340371976182,-8.110613508966717,-8.110613508966717,-0.24954335540271758,-0.23481949880384692,-0.25611144630706323,-0.4166342281125043,0.21116087354017601,-0.11308537273228468
snake_astoriawesttable_2021,lowerbarbc_NA,0.07337717668609726,72,5,snake_astoriawesttable,2021,6.396831141622167,0.3782680034637451,0.2384034549706952,1.8558027336247136,-1.4337908515692135,-1.532878451639943,1.5612672292426015,56.754300600760345,-0.2789926842300205,0,-9.210340371976182,1,-0.6819171054196009,-1.0910029067932832,-0.5580228640724171,connected,0.3226711560044893,0,0.3226711560044893,-1.1308117022030537,-9.210340371976182,-1.1308117022030537,5.932833989816739,-0.3336384980437742,5.861446657145803,3.3206279528550064,-0.7119043022658508,3.1947953880300908
snake_astoriawesttable_2021,mosquito_NA,0,72,0,snake_astoriawesttable,2021,61.64128666828233,0.5507169961929321,0.08812801689048827,4.121331884151681,-2.428964784217375,0.06460397099759342,0.21222331166889216,41.96529247221024,-0.6594319167736806,0.06489157212966175,-2.7334976770366906,1,1.6884880313851962,1.1982509340767773,0.29542386921480907,connected,0,1.4571312000932565e-5,1.4571312000932565e-5,-9.210340371976182,-9.07431311660181,-9.07431311660181,-0.24954335540271758,-0.3264509090486704,-0.2596355402084971,-0.4166342281125043,-0.59772865864017,-0.5698036979089801
snake_astoriawesttable_2021,northbuffalofork_NA,0,72,0,snake_astoriawesttable,2021,211.7277106985484,0.4812009930610657,0.10908345246553668,5.3553010656471765,-2.215642070739795,0.9347071330147165,0.5014006098839496,159.40420294608515,2.361620515078947,0.03778437868905201,-3.2732164236527206,1,0.6982973414818484,1.0074861939286666,1.1488706025020352,connected,0,4.2428973897695254e-6,4.2428973897695254e-6,-9.210340371976182,-9.168786830160125,-9.168786830160125,-0.24954335540271758,-0.33154560465269795,-0.25983147941383994,-0.4166342281125043,-0.67702598050072,-0.6145768573953277
snake_astoriawesttable_2021,deadman_greys,8.121898201314298e-5,72,0,snake_astoriawesttable,2021,42.60696343033698,0.05682190135121345,0.0415623772348318,3.7520177007230955,-3.1805599143188346,-0.19580888501031607,-0.8066285748986248,74.86680669798704,0.18694173538591113,0.14082205153648392,-1.9595483674509768,1,4.462130162698441,1.471804965424821,0.7221472358584221,connected,0,0,0,-9.210340371976182,-9.210340371976182,-9.210340371976182,-0.24954335540271758,-0.3336384980437742,-0.25991197094852375,-0.4166342281125043,-0.7119043022658508,-0.6342699898538559
snake_astoriawesttable_2021,pacific_NA,0.016971283828888715,72,1,snake_astoriawesttable,2021,415.0574929301797,0.1369519978761673,0.04158214126053129,6.028417047816465,-3.1800845005109393,1.409338390644628,-0.8059841105644706,113.1656889377754,1.1721597594707729,0.01927443820739732,-3.9438006999103465,1,0.02215317422396,0.7704667536928741,1.1488706025020352,connected,0,1.0388508578094532e-4,1.0388508578094532e-4,-9.210340371976182,-8.49795402783129,-8.49795402783129,-0.24954335540271758,-0.2823951165784162,-0.2579411785354372,-0.4166342281125043,-0.11395671353421293,-0.2966545177722249
snake_astoriawesttable_2021,rock_NA,0,72,0,snake_astoriawesttable,2021,11.98579900144692,0.02564449980854988,0.01921974716928189,2.48372253245161,-3.9518170300904103,-1.090116176337176,-1.8521339752947334,114.7585075722424,1.2131341570510974,0,-9.210340371976182,1,-0.6819171054196009,-1.0910029067932832,-0.5580228640724171,connected,0,0,0,-9.210340371976182,-9.210340371976182,-9.210340371976182,-0.24954335540271758,-0.3336384980437742,-0.25991197094852375,-0.4166342281125043,-0.7119043022658508,-0.6342699898538559
snake_astoriawesttable_2021,shoal_NA,0.05321914393307567,72,4,snake_astoriawesttable,2021,82.64969488421343,0.1540520042181015,0.06550537569878219,4.414611132599159,-2.725623067971499,0.2714026538616901,-0.18992252451816394,41.976529236122424,-0.6591428571016683,0.01209925821747958,-4.40638013093737,1,-0.23994686353773353,0.6069670688829447,-0.3446611807506106,connected,0,0,0,-9.210340371976182,-9.210340371976182,-9.210340371976182,-0.24954335540271758,-0.3336384980437742,-0.25991197094852375,-0.4166342281125043,-0.7119043022658508,-0.6342699898538559
snake_astoriawesttable_2021,slate_NA,0,72,0,snake_astoriawesttable,2021,97.25682381756316,0.03599809855222702,0.03336693660136213,4.577355147826764,-3.4001897914108823,0.3861576123909513,-1.1043557762332283,102.2780679837304,0.892081601153523,0.01028205488054828,-4.567676455466213,0,-0.3063269493195021,0.5499565395498207,-0.3446611807506106,waterfall,0,7.388457382454261e-5,7.388457382454261e-5,-9.210340371976182,-8.657118847700668,-8.657118847700668,-0.24954335540271758,-0.29719346483775755,-0.2585103149125016,-0.4166342281125043,-0.24755307039032232,-0.3720862076700571
snake_astoriawesttable_2021,snakeriversidechannel_NA,0,72,0,snake_astoriawesttable,2021,18.81037955717093,0.5644689798355103,0.3722616615355763,2.934408821587343,-0.9881582807479885,-0.7723257718965152,2.1653605333541472,76.35074801817835,0.22511532296434694,0,-9.210340371976182,1,-0.6819171054196009,-1.0910029067932832,-0.5580228640724171,connected,0,1.4316392269148176e-4,1.4316392269148176e-4,-9.210340371976182,-8.321774763072561,-8.321774763072561,-0.24954335540271758,-0.2630200502905912,-0.25719602408717135,-0.4166342281125043,0.03392086358785493,-0.21315931024700205
snake_astoriawesttable_2021,spread_southfork,0,72,0,snake_astoriawesttable,2021,98.90320211647273,0.01897189952433109,0.03276703860723393,4.594141615419727,-3.41833218937435,0.3979941790984226,-1.1289493581387449,133.05160844190058,1.6837142794773885,0.01011089609436867,-4.584299884313153,1,-0.31257915823746063,0.5440809532296494,-0.3446611807506106,connected,0,0,0,-9.210340371976182,-9.210340371976182,-9.210340371976182,-0.24954335540271758,-0.3336384980437742,-0.25991197094852375,-0.4166342281125043,-0.7119043022658508,-0.6342699898538559
snake_astoriawesttable_2021,spread_uppermainstem,0,72,0,snake_astoriawesttable,2021,202.6088598876728,0.07364709675312042,0.04527153653174867,5.3112773217946065,-3.095076776609305,0.9036648676936901,-0.6907488244360215,123.11991733521508,1.4282268992795282,0.02467809158381336,-3.697795420120856,1,0.2195416377886189,0.8574178436232227,0.5087855525366156,connected,0,3.546791040805831e-5,3.546791040805831e-5,-9.210340371976182,-8.90677576924841,-8.90677576924841,-0.24954335540271758,-0.31614324692898294,-0.25923911316326254,-0.4166342281125043,-0.4571047490217056,-0.49040408408578545
snake_astoriawesttable_2021,spring_nps,8.148592940928079e-5,72,0,snake_astoriawesttable,2021,4.013031939407464,0.25288400053977966,0.09214421894145744,1.3895470502382712,-2.384400332141274,-1.8616472333135063,0.2726342619972348,118.51717753547322,1.3098239082343388,0,-9.210340371976182,0,-0.6819171054196009,-1.0910029067932832,-0.5580228640724171,culvert_diversion,0,6.727965911639381e-4,6.727965911639381e-4,-9.210340371976182,-7.165494686095443,-7.165494686095443,-0.24954335540271758,-0.00176821935618749,-0.24714842161467337,-0.4166342281125043,1.0044544646450324,0.33482711208651617
snake_astoriawesttable_2021,spring_tss,1.0836809981332597e-4,72,0,snake_astoriawesttable,2021,24.857829441667217,0.359358012676239,0.20042810356345644,3.2131727709942544,-1.6072996822611672,-0.5757621968310707,1.326061075814283,41.02633651672055,-0.6835860507084097,0,-9.210340371976182,1,-0.6819171054196009,-1.0910029067932832,-0.5580228640724171,connected,0.18503922773780687,0.00325391373513142,0.1882931414729383,-1.6866471545853954,-5.6976273359084795,-1.6692243215739715,3.295807098937877,1.271419066583958,3.3121762827357326,3.0635210224964284,2.2365215162330907,2.9396298698282872
snake_astoriawesttable_2021,threechannel_NA,0.014328702988588788,72,1,snake_astoriawesttable,2021,32.364754827547884,0.2897590100765228,0.117843813057241,3.477070016734667,-2.138395149431708,-0.38968151393422557,0.6061154601460216,56.74782256863244,-0.2791593281015846,0,-9.210340371976182,1,-0.6819171054196009,-1.0910029067932832,-0.5580228640724171,connected,0.02484110022481889,0.01035277137861167,0.03519387160343057,-3.691238224834839,-4.560888132036704,-3.3440459390826396,0.2264119706386022,4.7730715651936615,0.4077470546159004,2.136278518465708,3.1906533178297867,2.1458952682386987
snake_astoriawesttable_2021,upperbarbc_NA,0,72,0,snake_astoriawesttable,2021,5.737050517642647,0.4632450044155121,0.3517652148147659,1.7469452311662268,-1.044791329296893,-1.609636654777257,2.0885895617961863,75.79743225050653,0.21088157421137965,0,-9.210340371976182,1,-0.6819171054196009,-1.0910029067932832,-0.5580228640724171,connected,0,6.263701847792045e-4,6.263701847792045e-4,-9.210340371976182,-7.22745077670238,-7.22745077670238,-0.24954335540271758,-0.024668966220421217,-0.2480291718088142,-0.4166342281125043,0.9524510885414027,0.30546476544622353
snake_astoriawesttable_2021,white_NA,1.1330612244957366e-4,72,0,snake_astoriawesttable,2021,32.672161808639686,0.1206509992480278,0.06405398730038497,3.4865233944871217,-2.7480289996436165,-0.3830156960211845,-0.22029569331631507,63.52208059039906,-0.10489520569040232,0.06121419242821969,-2.7917439387230294,1,1.5541581107467735,1.1776636688671474,-0.13129949742880404,connected,0,0,0,-9.210340371976182,-9.210340371976182,-9.210340371976182,-0.24954335540271758,-0.3336384980437742,-0.25991197094852375,-0.4166342281125043,-0.7119043022658508,-0.6342699898538559
snake_astoriawesttable_2021,willow_NA,0.131210395126935,72,9,snake_astoriawesttable,2021,185.7033360595004,0.3712950050830841,0.07220654056398042,5.224150432976511,-2.6282246476575253,0.8422294748215096,-0.057890582969804004,24.283407522085284,-1.114288840367131,0.01076986575706528,-4.521760927781279,1,-0.2885078494034962,0.5661854805723404,-0.13129949742880404,connected,0,1.934516612661411e-5,1.934516612661411e-5,-9.210340371976182,-9.03349070766187,-9.03349070766187,-0.24954335540271758,-0.32409611070410244,-0.2595449759526047,-0.4166342281125043,-0.5634640195261876,-0.5504570653141193
snake_moosewilson_2022,bailey_NA,0,111,0,snake_moosewilson,2022,41.571436204356225,0.00952018983662128,0.02815868421076803,3.7274133017261057,-3.5698994742538495,-0.21315807467230266,-1.3344118577700934,63.97750679454014,-0.0931796129963105,0,-9.210340371976182,1,-0.6819171054196009,-1.0910029067932832,-0.5580228640724171,connected,0,0,0,-9.210340371976182,-9.210340371976182,-9.210340371976182,-0.24954335540271758,-0.3336384980437742,-0.25991197094852375,-0.4166342281125043,-0.7119043022658508,-0.6342699898538559
snake_moosewilson_2022,blackrock_lower,1.2012780145421023e-4,111,0,snake_moosewilson,2022,124.92159198396442,0.13935300707817078,0.04385356876906868,4.8276862763615664,-3.1268991776359423,0.5626724798250547,-0.7338868278937084,72.66865004861268,0.13039534488901752,0.02401506378805271,-3.7249185803038998,1,0.19532209060651237,0.8478311049065204,0.0820621858930025,connected,0,8.272310060567697e-4,8.272310060567697e-4,-9.210340371976182,-6.983307825970708,-6.983307825970708,-0.24954335540271758,0.0744096224797411,-0.24421866349874877,-0.4166342281125043,1.157374568470067,0.42116945047302
snake_moosewilson_2022,blackrock_upper,4.718741868784496e-6,111,0,snake_moosewilson,2022,80.686204569364,0.1924089938402176,0.06852655983759876,4.390567613566922,-2.6805338740082356,0.25444895497707576,-0.12880024139868984,90.89437103141452,0.5992421561816823,0.02478738479117143,-3.6933942387870102,1,0.22353397718859186,0.8589734505365639,-0.13129949742880404,connected,0,4.900268401064695e-4,4.900268401064695e-4,-9.210340371976182,-7.435342530393345,-7.435342530393345,-0.24954335540271758,-0.09192302842584753,-0.2506157262428401,-0.4166342281125043,0.7779553618077346,0.20694031569908214
snake_moosewilson_2022,blacktail_NA,0.07082476950015593,111,8,snake_moosewilson,2022,61.14455063095294,0.17830100655555725,0.2664974502977697,4.1132407433781335,-1.3223906027849708,0.05889870114404863,1.7122798543810784,13.304485202094634,-1.3967156769249112,0,-9.210340371976182,1,-0.6819171054196009,-1.0910029067932832,-0.5580228640724171,connected,0,1.46864444118079e-4,1.46864444118079e-4,-9.210340371976182,-8.306671181225756,-8.306671181225756,-0.24954335540271758,-0.2611946946136107,-0.2571258219065871,-0.4166342281125043,0.04659818456787542,-0.20600139241597806
snake_moosewilson_2022,blindbull_NA,9.206987188550741e-5,111,0,snake_moosewilson,2022,36.35174492325697,0.04732979834079742,0.07027445956149014,3.5932422062182408,-2.6553468525572104,-0.3077655382972935,-0.09465706604452084,136.4630033120178,1.7714705667827775,0.08252698753067757,-2.493418926265378,1,2.332686929398121,1.2831072797070224,0.0820621858930025,connected,0,4.9432759089448577e-5,4.9432759089448577e-5,-9.210340371976182,-8.80866403828822,-8.80866403828822,-0.24954335540271758,-0.30925480800912264,-0.25897418757144836,-0.4166342281125043,-0.37475382604836954,-0.44390678857034355
snake_moosewilson_2022,cody_bluecrane,2.65990022773592e-4,111,0,snake_moosewilson,2022,18.511707107521175,0.5193600058555603,0.29697441361563093,2.918403348563038,-1.214109293332834,-0.7836116394018523,1.8590644888164,36.43173003408652,-0.8017798165715152,0,-9.210340371976182,1,-0.6819171054196009,-1.0910029067932832,-0.5580228640724171,connected,0.08362064779293935,0.00689554703054436,0.0905161948234837,-2.4802696438215244,-4.9624814708424285,-2.401122331096148,1.3526277370157538,3.067727003483424,1.457260698049786,2.696423455767853,2.8535725040786315,2.5927673927028443
snake_moosewilson_2022,boulder_NA,0,111,0,snake_moosewilson,2022,53.69998009443431,0.1402049958705902,0.04973721661138328,3.983412630833825,-3.0010018009305037,-0.032646414356009776,-0.5632220981303292,72.03006627626036,0.1139681228497279,0,-9.210340371976182,1,-0.6819171054196009,-1.0910029067932832,-0.5580228640724171,connected,0,1.338956952533976e-4,1.338956952533976e-4,-9.210340371976182,-8.360635288761552,-8.360635288761552,-0.24954335540271758,-0.26759178751877144,-0.2573718505995184,-0.4166342281125043,0.0013029480093809025,-0.23157616345265597
snake_moosewilson_2022,box_NA,1.7078174651580266e-4,111,0,snake_moosewilson,2022,29.14147010476363,0.05944409966468811,0.02514578939696184,3.372162249211866,-3.6830648160565183,-0.4636546581671469,-1.487817218411723,84.30243260138776,0.42966810662435717,0,-9.210340371976182,0,-0.6819171054196009,-1.0910029067932832,-0.5580228640724171,low flow,0,0,0,-9.210340371976182,-9.210340371976182,-9.210340371976182,-0.24954335540271758,-0.3336384980437742,-0.25991197094852375,-0.4166342281125043,-0.7119043022658508,-0.6342699898538559
snake_moosewilson_2022,cabin_NA,1.4003744996255599e-4,111,0,snake_moosewilson,2022,23.51004271715979,0.0558410994708538,0.04978562821142316,3.1574276795286256,-3.0000289267337403,-0.6150694834947404,-0.5619032834240238,62.09017629422853,-0.14173016898043148,0,-9.210340371976182,1,-0.6819171054196009,-1.0910029067932832,-0.5580228640724171,connected,0,0,0,-9.210340371976182,-9.210340371976182,-9.210340371976182,-0.24954335540271758,-0.3336384980437742,-0.25991197094852375,-0.4166342281125043,-0.7119043022658508,-0.6342699898538559
snake_moosewilson_2022,clear_NA,8.989578761564685e-5,111,0,snake_moosewilson,2022,16.604101618688585,0.07531759887933731,0.02877694341500888,2.8096497503050797,-3.548180788339982,-0.860296577035633,-1.304970309746593,86.35329096663968,0.48242532845764285,0,-9.210340371976182,1,-0.6819171054196009,-1.0910029067932832,-0.5580228640724171,connected,0,5.4124269322364146e-5,5.4124269322364146e-5,-9.210340371976182,-8.777751337302915,-8.777751337302915,-0.24954335540271758,-0.30694062742481,-0.25888518545239114,-0.4166342281125043,-0.34880698531052073,-0.42925658335199407
snake_moosewilson_2022,cliff_NA,0.011659899825674709,111,1,snake_moosewilson,2022,158.3813173763604,0.2303059995174408,0.0598667292930114,5.065005526567855,-2.8156343656856224,0.7300123397733954,-0.31194058559320764,74.80797534409459,0.1854283306376141,0.05682488407779412,-2.866022703436794,1,1.3938223580533489,1.151409681326439,1.3622322858238418,connected,0,1.701915221929745e-4,1.701915221929745e-4,-9.210340371976182,-8.21637950897418,-8.21637950897418,-0.24954335540271758,-0.24968815013440973,-0.25668328650178013,-0.4166342281125043,0.12238527418451206,-0.16321019378787024
snake_moosewilson_2022,fall_coburn,9.355282438483026e-5,111,0,snake_moosewilson,2022,116.5315084203892,0.2628070116043091,0.10592850612511062,4.75816169498255,-2.2449908829454603,0.5136489231569016,0.46161576896804113,48.49478152829376,-0.4914643435729364,0.00858137008226551,-4.746575919186889,0,-0.36845076370144103,0.4867241431891463,-0.3446611807506106,waterfall,0,1.2334543660430012e-4,1.2334543660430012e-4,-9.210340371976182,-8.406790941965202,-8.406790941965202,-0.24954335540271758,-0.27279591209979054,-0.25757199838344175,-0.4166342281125043,-0.03743819542534349,-0.2534503371698559
snake_moosewilson_2022,cottonwood_grosventre,0,111,0,snake_moosewilson,2022,89.17802924901731,0.14260199666023254,0.07427305852988855,4.490634700379434,-2.6000069969197113,0.3250088117020927,-0.019639128779508592,70.25009471085448,0.06817931737971993,0.02242704864463058,-3.7930385298063016,0,0.13731395288147488,0.8237539637154752,-0.13129949742880404,low flow,2.0141392575882696e-5,0,2.0141392575882696e-5,-9.026841237333569,-9.210340371976182,-9.026841237333569,-0.24915744644604412,-0.3336384980437742,-0.25952987082915485,-0.33175497287751304,-0.7119043022658508,-0.5473057358670669
snake_moosewilson_2022,cottonwood_nps,0.07473354330606524,111,8,snake_moosewilson,2022,187.15270214946145,0.4438450038433075,0.15160907633961737,5.2319248726617085,-1.8864499372519228,0.8477114306551253,0.9476488794836052,14.555535304760827,-1.3645330899119812,0.07480522503393781,-2.591531630759407,1,2.05062094013706,1.2484291354043062,2.4290407024328746,connected,4.801044707328315e-6,4.0328775541557846e-4,4.080888001229067e-4,-9.16344681754564,-7.5943484730779875,-7.584854322270576,-0.24945136741594023,-0.1347088043758597,-0.2521701636900334,-0.39494317227653003,0.6444923598794643,0.13608340692861376
snake_moosewilson_2022,cowboycabin_NA,0,111,0,snake_moosewilson,2022,6.639295264034606,NA,0.15103490929646746,1.8930058229210844,-1.890244281493076,-1.5066456039165121,0.942505319296003,22.953556461685157,-1.1484985393826659,0,-9.210340371976182,1,-0.6819171054196009,-1.0910029067932832,-0.5580228640724171,connected,0,0,0,-9.210340371976182,-9.210340371976182,-9.210340371976182,-0.24954335540271758,-0.3336384980437742,-0.25991197094852375,-0.4166342281125043,-0.7119043022658508,-0.6342699898538559
snake_moosewilson_2022,crystal_lower,6.436995619856814e-5,111,0,snake_moosewilson,2022,185.11488744216464,0.08405669778585434,0.05345949334579199,5.220976645530312,-2.9288310455741864,0.8399915562949208,-0.4653884277074507,48.299991511278265,-0.4964752113699105,0,-9.210340371976182,0,-0.6819171054196009,-1.0910029067932832,-0.5580228640724171,low flow,0.00159203207362177,1.4561268966052827e-4,0.0017376447632823,-6.381825061936533,-8.311754695027139,-6.299270547241813,-0.21904003075883446,-0.26181214735658187,-0.22694730532426494,0.8917222031291218,0.0423312936528489,0.745349680312629
snake_moosewilson_2022,crystal_upper,0,111,0,snake_moosewilson,2022,155.6115004101287,0.01565520092844963,0.0350789321250407,5.047362519103877,-3.350154553074885,0.7175718049431052,-1.0365287042741476,57.02037526337692,-0.27214805749337356,0,-9.210340371976182,0,-0.6819171054196009,-1.0910029067932832,-0.5580228640724171,waterfall,0,0,0,-9.210340371976182,-9.210340371976182,-9.210340371976182,-0.24954335540271758,-0.3336384980437742,-0.25991197094852375,-0.4166342281125043,-0.7119043022658508,-0.6342699898538559
snake_moosewilson_2022,deadmansbar_NA,5.643281674931412e-5,111,0,snake_moosewilson,2022,11.761208318342591,0.4607529938220978,0.12284876516395296,2.464806685350634,-2.096801231640941,-1.1034542228796713,0.6624995955849202,31.19975436964523,-0.9363695597892904,0,-9.210340371976182,1,-0.6819171054196009,-1.0910029067932832,-0.5580228640724171,connected,0.00183668783959592,0.00107140123976429,0.00290808907936022,-6.246776064180481,-6.749554605947969,-5.806450259184024,-0.2143524278021114,0.19485143888006076,-0.20474293632628776,0.954190390633608,1.353577338806193,0.9789079953639275
snake_moosewilson_2022,dell_NA,2.7294831635669092e-5,111,0,snake_moosewilson,2022,118.1568591435451,0.21458500623703003,0.05066461454892191,4.772013056484806,-2.9825275499481214,0.5234158716529316,-0.5381786608960017,82.81003673143721,0.3912770303276819,0.00846332584708545,-4.760266630750077,1,-0.37276276682076614,0.48188513203719124,-0.3446611807506106,connected,0.02027330174976997,5.170984692364432e-4,0.02079040021900641,-3.8935299730335315,-7.390481953216503,-3.868465545195727,0.13889298022324095,-0.07856940978109699,0.13450040026564955,2.0427065626048213,0.815609472070334,1.8973613451196976
snake_moosewilson_2022,ditch_NA,0,111,0,snake_moosewilson,2022,67.69148631266991,0.03313380107283592,0.03794501053647849,4.214960415919721,-3.271617258448648,0.13062383824230042,-0.9300646419204589,27.12444196313233,-1.0412047665072022,0.01477290652743177,-4.208214075106562,0,-0.14228195144010805,0.6770092832469276,-0.3446611807506106,low flow,0,0,0,-9.210340371976182,-9.210340371976182,-9.210340371976182,-0.24954335540271758,-0.3336384980437742,-0.25991197094852375,-0.4166342281125043,-0.7119043022658508,-0.6342699898538559
snake_moosewilson_2022,dog_NA,2.4107658809049517e-4,111,0,snake_moosewilson,2022,31.090483742564395,0.06368420273065567,0.06185985047343163,3.4369017833759394,-2.7828839289051213,-0.4180051604095067,-0.26754454979768644,56.872524807389226,-0.2759514304794633,0.03216418272163939,-3.433797558098338,1,0.49299885735227406,0.9507284500532249,-0.3446611807506106,connected,0,0,0,-9.210340371976182,-9.210340371976182,-9.210340371976182,-0.24954335540271758,-0.3336384980437742,-0.25991197094852375,-0.4166342281125043,-0.7119043022658508,-0.6342699898538559
snake_moosewilson_2022,fish_grosventre,8.64526294923016e-6,111,0,snake_moosewilson,2022,587.8758585030148,0.0790754035115242,0.05700038366984491,6.376515800613735,-2.8646972801203296,1.6547917050750964,-0.37844958881885943,71.45256407235442,0.09911219111066094,0.0136083152323544,-4.289752679001736,0,-0.1848229640482416,0.6481892900900684,1.1488706025020352,low flow,4.584436144917083e-6,1.11554612859649e-4,1.161390490045661e-4,-9.16551581143003,-8.461027375979677,-8.439588612003783,-0.24945551763465085,-0.2786119700487823,-0.2577087099614373,-0.39590020490959804,-0.08296201154970495,-0.26899387045662126
snake_moosewilson_2022,fish_NA,0.21915830438361592,111,24,snake_moosewilson,2022,233.3741440851509,0.18696600198745728,0.19327329665870344,5.452642934303585,-1.643650046859559,1.0033453688675344,1.2767850280257762,25.022459564099044,-1.0952771264489571,0.02999475382091136,-3.5034044140819387,1,0.4137524276318896,0.926125758600513,0.9355089191802287,connected,0.03691386252184423,0.00802943870913108,0.04494330123097531,-3.296462773753929,-4.812263397273023,-3.1001310022999364,0.45772602127630674,3.62704159026381,0.5927024002022878,2.3188856263306405,2.979659332683629,2.261491892467229
snake_moosewilson_2022,spreadnf_flagstaff,2.42459370857778e-4,111,0,snake_moosewilson,2022,62.105753464464634,0.05579309910535812,0.07693418338645021,4.12883863302891,-2.564804983860054,0.06989717121077008,0.02808022966280149,73.64771248229395,0.1555811962756954,0.04830470339139393,-3.02815829247284,1,1.0825911857650083,1.0941025121663015,0.0820621858930025,connected,0,7.227731359680823e-5,7.227731359680823e-5,-9.210340371976182,-8.666405091138806,-8.666405091138806,-0.24954335540271758,-0.29798627786134746,-0.2585408060675972,-0.4166342281125043,-0.25534755847652363,-0.37648716157379225
snake_moosewilson_2022,flat_NA,8.222763982549967e-5,111,0,snake_moosewilson,2022,173.36864105262885,0.4952880144119262,0.23744731527971188,5.155420200544216,-1.437809510516657,0.79376603386828,1.555819591164476,66.05253872137573,-0.03980053937034204,0,-9.210340371976182,1,-0.6819171054196009,-1.0910029067932832,-0.5580228640724171,connected,0,1.0364036792330612e-4,1.0364036792330612e-4,-9.210340371976182,-8.4991550221978,-8.4991550221978,-0.24954335540271758,-0.28251582852119533,-0.25794582105070835,-0.4166342281125043,-0.11496477845774382,-0.29722369527450193
snake_moosewilson_2022,fordspring_NA,0,111,0,snake_moosewilson,2022,0.371298460979693,0.36350199580192566,0.3083825652441645,-0.9907490627586949,-1.1764141718217336,-3.540054770157885,1.910163470339593,26.98687036263459,-1.0447437214971669,0,-9.210340371976182,1,-0.6819171054196009,-1.0910029067932832,-0.5580228640724171,connected,0,0,0,-9.210340371976182,-9.210340371976182,-9.210340371976182,-0.24954335540271758,-0.3336384980437742,-0.25991197094852375,-0.4166342281125043,-0.7119043022658508,-0.6342699898538559
snake_moosewilson_2022,goosewing_NA,1.0899232244722767e-5,111,0,snake_moosewilson,2022,40.396075600271566,0.12725499272346497,0.04498435530865712,3.698732641641705,-3.1014405094671185,-0.23338154005733883,-0.6993754120336815,66.93983229161762,-0.016975392344282185,0,-9.210340371976182,0,-0.6819171054196009,-1.0910029067932832,-0.5580228640724171,low flow,0,0,0,-9.210340371976182,-9.210340371976182,-9.210340371976182,-0.24954335540271758,-0.3336384980437742,-0.25991197094852375,-0.4166342281125043,-0.7119043022658508,-0.6342699898538559
snake_moosewilson_2022,granite_lower,0,111,0,snake_moosewilson,2022,220.38266084017036,0.4365609884262085,0.07926979243391333,5.395365402859918,-2.5348981506061192,0.9629575196659279,0.06862151613696778,68.57862629909398,0.025181696831824727,0.01361268617305474,-4.289433876586555,1,-0.18466329924203148,0.6483019714825007,0.0820621858930025,connected,0,1.7526340459353155e-4,1.7526340459353155e-4,-9.210340371976182,-8.197782083843256,-8.197782083843256,-0.24954335540271758,-0.24718634342514625,-0.25658706838461787,-0.4166342281125043,0.13799518249487042,-0.1543964671959935
snake_moosewilson_2022,granite_upper,1.2921924974772586e-4,111,0,snake_moosewilson,2022,131.17478860877102,0.06855929642915726,0.05121030340437559,4.876530698050768,-2.9718145288156883,0.5971139281172764,-0.5236562387108771,83.57087762576934,0.41084925068293077,0.02287024840533575,-3.7735554480019577,1,0.15350346647974358,0.8306403004621478,0.0820621858930025,connected,0,0,0,-9.210340371976182,-9.210340371976182,-9.210340371976182,-0.24954335540271758,-0.3336384980437742,-0.25991197094852375,-0.4166342281125043,-0.7119043022658508,-0.6342699898538559
snake_moosewilson_2022,grosventre_lower,0.1230262265638288,111,14,snake_moosewilson,2022,1589.6465467527958,0.11285000294446944,0.12772197756082734,7.371266972862744,-2.0578994276911646,2.3562161436863795,0.7152343390095599,15.289056657009874,-1.345663649995636,0.01761397843891535,-4.033401208773123,0,-0.03850127188504782,0.7387972630599943,5.416104268938166,low flow,4.402174527288961e-4,8.985182924761807e-5,5.300692819765142e-4,-7.523538809225212,-8.569266636107082,-7.369680773233814,-0.2411087917422351,-0.2893172990296571,-0.2498560855297801,0.36361174228060683,-0.17381356300240194,0.2380588587808339
snake_moosewilson_2022,hoback_upper,4.931240512853743e-4,111,0,snake_moosewilson,2022,114.07783296671197,0.13229399919509888,0.0672652044873204,4.736880960751974,-2.699112197023675,0.4986433343450082,-0.1539847572310184,114.20322903066528,1.1988499170013716,0.03506377966670531,-3.3477387128897176,1,0.598917380631602,0.981146132126715,0.29542386921480907,connected,0,4.72481868508296e-5,4.72481868508296e-5,-9.210340371976182,-8.823391048915319,-8.823391048915319,-0.24954335540271758,-0.310332391646087,-0.25901563084852075,-0.4166342281125043,-0.3871150687449412,-0.4508862410627788
snake_moosewilson_2022,horse_NA,6.867965973118158e-4,111,0,snake_moosewilson,2022,63.20355466451241,0.3199459910392761,0.05410708739882333,4.14636054426279,-2.916790096186639,0.08225231799871911,-0.44906588448140466,47.72100320319913,-0.5113693723347793,0.03164378982505175,-3.450058168836203,0,0.4739895784159695,0.94498110256621,-0.13129949742880404,culvert_diversion,0,0,0,-9.210340371976182,-9.210340371976182,-9.210340371976182,-0.24954335540271758,-0.3336384980437742,-0.25991197094852375,-0.4166342281125043,-0.7119043022658508,-0.6342699898538559
snake_moosewilson_2022,lava_NA,0,111,0,snake_moosewilson,2022,65.33372895413697,0.15424099564552307,0.03712820915992983,4.179508425964538,-3.2933782435768575,0.10562573535417148,-0.9595635301695766,59.203896804838635,-0.21597814722923708,0,-9.210340371976182,0,-0.6819171054196009,-1.0910029067932832,-0.5580228640724171,culvert_diversion,0,1.3745704467353953e-5,1.3745704467353953e-5,-9.210340371976182,-9.081545263770613,-9.081545263770613,-0.24954335540271758,-0.3268581563591559,-0.259651202717231,-0.4166342281125043,-0.6037990234028876,-0.5732311706569175
snake_moosewilson_2022,leidy_NA,0,111,0,snake_moosewilson,2022,10.736033129626785,0.0376180000603199,0.04548522459554739,2.3736056660690865,-3.090367739926582,-1.1677623891175724,-0.6843653199188215,77.02862390300358,0.24255331333808317,0,-9.210340371976182,1,-0.6819171054196009,-1.0910029067932832,-0.5580228640724171,connected,0,0,0,-9.210340371976182,-9.210340371976182,-9.210340371976182,-0.24954335540271758,-0.3336384980437742,-0.25991197094852375,-0.4166342281125043,-0.7119043022658508,-0.6342699898538559
snake_moosewilson_2022,littlegreys_steer,0.010628699729234648,111,1,snake_moosewilson,2022,179.34572943407238,0.18192599713802335,0.05653151460733583,5.1893153923430955,-2.872957015670742,0.8176663986453313,-0.38964637125004736,113.17218405047662,1.172326842730844,0.01672746827853964,-4.084742711177624,1,-0.0708843405797834,0.7206504997199836,0.0820621858930025,connected,0,2.003345587130508e-4,2.003345587130508e-4,-9.210340371976182,-8.110613508966717,-8.110613508966717,-0.24954335540271758,-0.23481949880384692,-0.25611144630706323,-0.4166342281125043,0.21116087354017601,-0.11308537273228468
snake_moosewilson_2022,lowerbarbc_NA,0.14861435319380464,111,16,snake_moosewilson,2022,6.396831141622167,0.3782680034637451,0.2384034549706952,1.8558027336247136,-1.4337908515692135,-1.532878451639943,1.5612672292426015,7.105634208042065,-1.5561777648709718,0,-9.210340371976182,1,-0.6819171054196009,-1.0910029067932832,-0.5580228640724171,connected,0.3226711560044893,0,0.3226711560044893,-1.1308117022030537,-9.210340371976182,-1.1308117022030537,5.932833989816739,-0.3336384980437742,5.861446657145803,3.3206279528550064,-0.7119043022658508,3.1947953880300908
snake_moosewilson_2022,mosquito_NA,0.07949751088817367,111,9,snake_moosewilson,2022,61.64128666828233,0.5507169961929321,0.08812801689048827,4.121331884151681,-2.428964784217375,0.06460397099759342,0.21222331166889216,25.081877816748097,-1.0937486240476872,0.06489157212966175,-2.7334976770366906,1,1.6884880313851962,1.1982509340767773,0.29542386921480907,connected,0,1.4571312000932565e-5,1.4571312000932565e-5,-9.210340371976182,-9.07431311660181,-9.07431311660181,-0.24954335540271758,-0.3264509090486704,-0.2596355402084971,-0.4166342281125043,-0.59772865864017,-0.5698036979089801
snake_moosewilson_2022,northbuffalofork_NA,8.155089410543134e-5,111,0,snake_moosewilson,2022,211.7277106985484,0.4812009930610657,0.10908345246553668,5.3553010656471765,-2.215642070739795,0.9347071330147165,0.5014006098839496,98.17965302070822,0.7866520936690022,0.03778437868905201,-3.2732164236527206,1,0.6982973414818484,1.0074861939286666,1.1488706025020352,connected,0,4.2428973897695254e-6,4.2428973897695254e-6,-9.210340371976182,-9.168786830160125,-9.168786830160125,-0.24954335540271758,-0.33154560465269795,-0.25983147941383994,-0.4166342281125043,-0.67702598050072,-0.6145768573953277
snake_moosewilson_2022,deadman_greys,0,111,0,snake_moosewilson,2022,42.60696343033698,0.05682190135121345,0.0415623772348318,3.7520177007230955,-3.1805599143188346,-0.19580888501031607,-0.8066285748986248,134.10212608530676,1.7107382774735411,0.14082205153648392,-1.9595483674509768,1,4.462130162698441,1.471804965424821,0.7221472358584221,connected,0,0,0,-9.210340371976182,-9.210340371976182,-9.210340371976182,-0.24954335540271758,-0.3336384980437742,-0.25991197094852375,-0.4166342281125043,-0.7119043022658508,-0.6342699898538559
snake_moosewilson_2022,pacific_NA,0.0024685669413406046,111,0,snake_moosewilson,2022,415.0574929301797,0.1369519978761673,0.04158214126053129,6.028417047816465,-3.1800845005109393,1.409338390644628,-0.8059841105644706,51.94113901239845,-0.4028086619391722,0.01927443820739732,-3.9438006999103465,1,0.02215317422396,0.7704667536928741,1.1488706025020352,connected,0,1.0388508578094532e-4,1.0388508578094532e-4,-9.210340371976182,-8.49795402783129,-8.49795402783129,-0.24954335540271758,-0.2823951165784162,-0.2579411785354372,-0.4166342281125043,-0.11395671353421293,-0.2966545177722249
snake_moosewilson_2022,rock_NA,0,111,0,snake_moosewilson,2022,11.98579900144692,0.02564449980854988,0.01921974716928189,2.48372253245161,-3.9518170300904103,-1.090116176337176,-1.8521339752947334,53.53395764686547,-0.3618342643588471,0,-9.210340371976182,1,-0.6819171054196009,-1.0910029067932832,-0.5580228640724171,connected,0,0,0,-9.210340371976182,-9.210340371976182,-9.210340371976182,-0.24954335540271758,-0.3336384980437742,-0.25991197094852375,-0.4166342281125043,-0.7119043022658508,-0.6342699898538559
snake_moosewilson_2022,shoal_NA,0,111,0,snake_moosewilson,2022,82.64969488421343,0.1540520042181015,0.06550537569878219,4.414611132599159,-2.725623067971499,0.2714026538616901,-0.18992252451816394,71.73818862887862,0.10645972829065045,0.01209925821747958,-4.40638013093737,1,-0.23994686353773353,0.6069670688829447,-0.3446611807506106,connected,0,0,0,-9.210340371976182,-9.210340371976182,-9.210340371976182,-0.24954335540271758,-0.3336384980437742,-0.25991197094852375,-0.4166342281125043,-0.7119043022658508,-0.6342699898538559
snake_moosewilson_2022,slate_NA,1.8269598808283232e-4,111,0,snake_moosewilson,2022,97.25682381756316,0.03599809855222702,0.03336693660136213,4.577355147826764,-3.4001897914108823,0.3861576123909513,-1.1043557762332283,52.629401591012126,-0.38510347948742807,0.01028205488054828,-4.567676455466213,0,-0.3063269493195021,0.5499565395498207,-0.3446611807506106,waterfall,0,7.388457382454261e-5,7.388457382454261e-5,-9.210340371976182,-8.657118847700668,-8.657118847700668,-0.24954335540271758,-0.29719346483775755,-0.2585103149125016,-0.4166342281125043,-0.24755307039032232,-0.3720862076700571
snake_moosewilson_2022,snakeriversidechannel_NA,0.0556073686758114,111,6,snake_moosewilson,2022,18.81037955717093,0.5644689798355103,0.3722616615355763,2.934408821587343,-0.9881582807479885,-0.7723257718965152,2.1653605333541472,15.126198092801406,-1.349853098445598,0,-9.210340371976182,1,-0.6819171054196009,-1.0910029067932832,-0.5580228640724171,connected,0,1.4316392269148176e-4,1.4316392269148176e-4,-9.210340371976182,-8.321774763072561,-8.321774763072561,-0.24954335540271758,-0.2630200502905912,-0.25719602408717135,-0.4166342281125043,0.03392086358785493,-0.21315931024700205
snake_moosewilson_2022,spread_southfork,8.033651296857618e-5,111,0,snake_moosewilson,2022,98.90320211647273,0.01897189952433109,0.03276703860723393,4.594141615419727,-3.41833218937435,0.3979941790984226,-1.1289493581387449,71.82705851652364,0.10874585806744344,0.01011089609436867,-4.584299884313153,1,-0.31257915823746063,0.5440809532296494,-0.3446611807506106,connected,0,0,0,-9.210340371976182,-9.210340371976182,-9.210340371976182,-0.24954335540271758,-0.3336384980437742,-0.25991197094852375,-0.4166342281125043,-0.7119043022658508,-0.6342699898538559
snake_moosewilson_2022,spread_uppermainstem,0,111,0,snake_moosewilson,2022,202.6088598876728,0.07364709675312042,0.04527153653174867,5.3112773217946065,-3.095076776609305,0.9036648676936901,-0.6907488244360215,61.895367409838144,-0.14674152213041652,0.02467809158381336,-3.697795420120856,1,0.2195416377886189,0.8574178436232227,0.5087855525366156,connected,0,3.546791040805831e-5,3.546791040805831e-5,-9.210340371976182,-8.90677576924841,-8.90677576924841,-0.24954335540271758,-0.31614324692898294,-0.25923911316326254,-0.4166342281125043,-0.4571047490217056,-0.49040408408578545
snake_moosewilson_2022,spring_nps,5.690125363236447e-5,111,0,snake_moosewilson,2022,4.013031939407464,0.25288400053977966,0.09214421894145744,1.3895470502382712,-2.384400332141274,-1.8616472333135063,0.2726342619972348,57.292627610096275,-0.2651445131756062,0,-9.210340371976182,0,-0.6819171054196009,-1.0910029067932832,-0.5580228640724171,culvert_diversion,0,6.727965911639381e-4,6.727965911639381e-4,-9.210340371976182,-7.165494686095443,-7.165494686095443,-0.24954335540271758,-0.00176821935618749,-0.24714842161467337,-0.4166342281125043,1.0044544646450324,0.33482711208651617
snake_moosewilson_2022,spring_tss,1.4027434564723863e-5,111,0,snake_moosewilson,2022,24.857829441667217,0.359358012676239,0.20042810356345644,3.2131727709942544,-1.6072996822611672,-0.5757621968310707,1.326061075814283,40.81561767930993,-0.689006678791792,0,-9.210340371976182,1,-0.6819171054196009,-1.0910029067932832,-0.5580228640724171,connected,0.18503922773780687,0.00325391373513142,0.1882931414729383,-1.6866471545853954,-5.6976273359084795,-1.6692243215739715,3.295807098937877,1.271419066583958,3.3121762827357326,3.0635210224964284,2.2365215162330907,2.9396298698282872
snake_moosewilson_2022,threechannel_NA,0.0648316373605787,111,7,snake_moosewilson,2022,32.364754827547884,0.2897590100765228,0.117843813057241,3.477070016734667,-2.138395149431708,-0.38968151393422557,0.6061154601460216,4.586929624299862,-1.6209700775476585,0,-9.210340371976182,1,-0.6819171054196009,-1.0910029067932832,-0.5580228640724171,connected,0.02484110022481889,0.01035277137861167,0.03519387160343057,-3.691238224834839,-4.560888132036704,-3.3440459390826396,0.2264119706386022,4.7730715651936615,0.4077470546159004,2.136278518465708,3.1906533178297867,2.1458952682386987
snake_moosewilson_2022,upperbarbc_NA,0.06351096009180374,111,7,snake_moosewilson,2022,5.737050517642647,0.4632450044155121,0.3517652148147659,1.7469452311662268,-1.044791329296893,-1.609636654777257,2.0885895617961863,14.5728823251296,-1.364086847198565,0,-9.210340371976182,1,-0.6819171054196009,-1.0910029067932832,-0.5580228640724171,connected,0,6.263701847792045e-4,6.263701847792045e-4,-9.210340371976182,-7.22745077670238,-7.22745077670238,-0.24954335540271758,-0.024668966220421217,-0.2480291718088142,-0.4166342281125043,0.9524510885414027,0.30546476544622353
snake_moosewilson_2022,white_NA,1.101891543983127e-4,111,0,snake_moosewilson,2022,32.672161808639686,0.1206509992480278,0.06405398730038497,3.4865233944871217,-2.7480289996436165,-0.3830156960211845,-0.22029569331631507,122.75739997771878,1.4189013363972276,0.06121419242821969,-2.7917439387230294,1,1.5541581107467735,1.1776636688671474,-0.13129949742880404,connected,0,0,0,-9.210340371976182,-9.210340371976182,-9.210340371976182,-0.24954335540271758,-0.3336384980437742,-0.25991197094852375,-0.4166342281125043,-0.7119043022658508,-0.6342699898538559
snake_moosewilson_2022,willow_NA,0.07189273845880263,111,8,snake_moosewilson,2022,185.7033360595004,0.3712950050830841,0.07220654056398042,5.224150432976511,-2.6282246476575253,0.8422294748215096,-0.057890582969804004,54.04506691484148,-0.34868625497481215,0.01076986575706528,-4.521760927781279,1,-0.2885078494034962,0.5661854805723404,-0.13129949742880404,connected,0,1.934516612661411e-5,1.934516612661411e-5,-9.210340371976182,-9.03349070766187,-9.03349070766187,-0.24954335540271758,-0.32409611070410244,-0.2595449759526047,-0.4166342281125043,-0.5634640195261876,-0.5504570653141193
snake_astoriawesttable_2022,bailey_NA,0.12943634784563623,78,10,snake_astoriawesttable,2022,41.571436204356225,0.00952018983662128,0.02815868421076803,3.7274133017261057,-3.5698994742538495,-0.21315807467230266,-1.3344118577700934,4.742187407220427,-1.6169761550839403,0,-9.210340371976182,1,-0.6819171054196009,-1.0910029067932832,-0.5580228640724171,connected,0,0,0,-9.210340371976182,-9.210340371976182,-9.210340371976182,-0.24954335540271758,-0.3336384980437742,-0.25991197094852375,-0.4166342281125043,-0.7119043022658508,-0.6342699898538559
snake_astoriawesttable_2022,blackrock_lower,2.0112412841344793e-4,78,0,snake_astoriawesttable,2022,124.92159198396442,0.13935300707817078,0.04385356876906868,4.8276862763615664,-3.1268991776359423,0.5626724798250547,-0.7338868278937084,133.89319997398962,1.7053637662989627,0.02401506378805271,-3.7249185803038998,1,0.19532209060651237,0.8478311049065204,0.0820621858930025,connected,0,8.272310060567697e-4,8.272310060567697e-4,-9.210340371976182,-6.983307825970708,-6.983307825970708,-0.24954335540271758,0.0744096224797411,-0.24421866349874877,-0.4166342281125043,1.157374568470067,0.42116945047302
snake_astoriawesttable_2022,blackrock_upper,0,78,0,snake_astoriawesttable,2022,80.686204569364,0.1924089938402176,0.06852655983759876,4.390567613566922,-2.6805338740082356,0.25444895497707576,-0.12880024139868984,152.11892095679144,2.1742105775916265,0.02478738479117143,-3.6933942387870102,1,0.22353397718859186,0.8589734505365639,-0.13129949742880404,connected,0,4.900268401064695e-4,4.900268401064695e-4,-9.210340371976182,-7.435342530393345,-7.435342530393345,-0.24954335540271758,-0.09192302842584753,-0.2506157262428401,-0.4166342281125043,0.7779553618077346,0.20694031569908214
snake_astoriawesttable_2022,blacktail_NA,3.2107655261486305e-4,78,0,snake_astoriawesttable,2022,61.14455063095294,0.17830100655555725,0.2664974502977697,4.1132407433781335,-1.3223906027849708,0.05889870114404863,1.7122798543810784,74.52903512747156,0.17825274448503345,0,-9.210340371976182,1,-0.6819171054196009,-1.0910029067932832,-0.5580228640724171,connected,0,1.46864444118079e-4,1.46864444118079e-4,-9.210340371976182,-8.306671181225756,-8.306671181225756,-0.24954335540271758,-0.2611946946136107,-0.2571258219065871,-0.4166342281125043,0.04659818456787542,-0.20600139241597806
snake_astoriawesttable_2022,blindbull_NA,0,78,0,snake_astoriawesttable,2022,36.35174492325697,0.04732979834079742,0.07027445956149014,3.5932422062182408,-2.6553468525572104,-0.3077655382972935,-0.09465706604452084,77.22768392469807,0.2476740246951471,0.08252698753067757,-2.493418926265378,1,2.332686929398121,1.2831072797070224,0.0820621858930025,connected,0,4.9432759089448577e-5,4.9432759089448577e-5,-9.210340371976182,-8.80866403828822,-8.80866403828822,-0.24954335540271758,-0.30925480800912264,-0.25897418757144836,-0.4166342281125043,-0.37475382604836954,-0.44390678857034355
snake_astoriawesttable_2022,cody_bluecrane,3.006099319715047e-4,78,0,snake_astoriawesttable,2022,18.511707107521175,0.5193600058555603,0.29697441361563093,2.918403348563038,-1.214109293332834,-0.7836116394018523,1.8590644888164,36.64244887149714,-0.7963591884881329,0,-9.210340371976182,1,-0.6819171054196009,-1.0910029067932832,-0.5580228640724171,connected,0.08362064779293935,0.00689554703054436,0.0905161948234837,-2.4802696438215244,-4.9624814708424285,-2.401122331096148,1.3526277370157538,3.067727003483424,1.457260698049786,2.696423455767853,2.8535725040786315,2.5927673927028443
snake_astoriawesttable_2022,boulder_NA,0.09100781844903781,78,7,snake_astoriawesttable,2022,53.69998009443431,0.1402049958705902,0.04973721661138328,3.983412630833825,-3.0010018009305037,-0.032646414356009776,-0.5632220981303292,42.26840688350419,-0.6516344625425902,0,-9.210340371976182,1,-0.6819171054196009,-1.0910029067932832,-0.5580228640724171,connected,0,1.338956952533976e-4,1.338956952533976e-4,-9.210340371976182,-8.360635288761552,-8.360635288761552,-0.24954335540271758,-0.26759178751877144,-0.2573718505995184,-0.4166342281125043,0.0013029480093809025,-0.23157616345265597
snake_astoriawesttable_2022,box_NA,0,78,0,snake_astoriawesttable,2022,29.14147010476363,0.05944409966468811,0.02514578939696184,3.372162249211866,-3.6830648160565183,-0.4636546581671469,-1.487817218411723,145.52698252676467,2.0046365280343013,0,-9.210340371976182,0,-0.6819171054196009,-1.0910029067932832,-0.5580228640724171,low flow,0,0,0,-9.210340371976182,-9.210340371976182,-9.210340371976182,-0.24954335540271758,-0.3336384980437742,-0.25991197094852375,-0.4166342281125043,-0.7119043022658508,-0.6342699898538559
snake_astoriawesttable_2022,cabin_NA,0.1665288634071967,78,13,snake_astoriawesttable,2022,23.51004271715979,0.0558410994708538,0.04978562821142316,3.1574276795286256,-3.0000289267337403,-0.6150694834947404,-0.5619032834240238,0.8656263688515878,-1.7166985903903762,0,-9.210340371976182,1,-0.6819171054196009,-1.0910029067932832,-0.5580228640724171,connected,0,0,0,-9.210340371976182,-9.210340371976182,-9.210340371976182,-0.24954335540271758,-0.3336384980437742,-0.25991197094852375,-0.4166342281125043,-0.7119043022658508,-0.6342699898538559
snake_astoriawesttable_2022,clear_NA,0,78,0,snake_astoriawesttable,2022,16.604101618688585,0.07531759887933731,0.02877694341500888,2.8096497503050797,-3.548180788339982,-0.860296577035633,-1.304970309746593,147.5778408920166,2.0573937498675874,0,-9.210340371976182,1,-0.6819171054196009,-1.0910029067932832,-0.5580228640724171,connected,0,5.4124269322364146e-5,5.4124269322364146e-5,-9.210340371976182,-8.777751337302915,-8.777751337302915,-0.24954335540271758,-0.30694062742481,-0.25888518545239114,-0.4166342281125043,-0.34880698531052073,-0.42925658335199407
snake_astoriawesttable_2022,cliff_NA,0.12915399181770112,78,10,snake_astoriawesttable,2022,158.3813173763604,0.2303059995174408,0.0598667292930114,5.065005526567855,-2.8156343656856224,0.7300123397733954,-0.31194058559320764,45.04631595133841,-0.5801742547547043,0.05682488407779412,-2.866022703436794,1,1.3938223580533489,1.151409681326439,1.3622322858238418,connected,0,1.701915221929745e-4,1.701915221929745e-4,-9.210340371976182,-8.21637950897418,-8.21637950897418,-0.24954335540271758,-0.24968815013440973,-0.25668328650178013,-0.4166342281125043,0.12238527418451206,-0.16321019378787024
snake_astoriawesttable_2022,fall_coburn,0,78,0,snake_astoriawesttable,2022,116.5315084203892,0.2628070116043091,0.10592850612511062,4.75816169498255,-2.2449908829454603,0.5136489231569016,0.46161576896804113,17.38830663589507,-1.2916615800838198,0.00858137008226551,-4.746575919186889,0,-0.36845076370144103,0.4867241431891463,-0.3446611807506106,waterfall,0,1.2334543660430012e-4,1.2334543660430012e-4,-9.210340371976182,-8.406790941965202,-8.406790941965202,-0.24954335540271758,-0.27279591209979054,-0.25757199838344175,-0.4166342281125043,-0.03743819542534349,-0.2534503371698559
snake_astoriawesttable_2022,cottonwood_grosventre,0,78,0,snake_astoriawesttable,2022,89.17802924901731,0.14260199666023254,0.07427305852988855,4.490634700379434,-2.6000069969197113,0.3250088117020927,-0.019639128779508592,119.89876110357277,1.3453643980206713,0.02242704864463058,-3.7930385298063016,0,0.13731395288147488,0.8237539637154752,-0.13129949742880404,low flow,2.0141392575882696e-5,0,2.0141392575882696e-5,-9.026841237333569,-9.210340371976182,-9.026841237333569,-0.24915744644604412,-0.3336384980437742,-0.25952987082915485,-0.33175497287751304,-0.7119043022658508,-0.5473057358670669
snake_astoriawesttable_2022,cottonwood_nps,0,78,0,snake_astoriawesttable,2022,187.15270214946145,0.4438450038433075,0.15160907633961737,5.2319248726617085,-1.8864499372519228,0.8477114306551253,0.9476488794836052,75.78008523013776,0.21043533149796365,0.07480522503393781,-2.591531630759407,1,2.05062094013706,1.2484291354043062,2.4290407024328746,connected,4.801044707328315e-6,4.0328775541557846e-4,4.080888001229067e-4,-9.16344681754564,-7.5943484730779875,-7.584854322270576,-0.24945136741594023,-0.1347088043758597,-0.2521701636900334,-0.39494317227653003,0.6444923598794643,0.13608340692861376
snake_astoriawesttable_2022,cowboycabin_NA,2.713005520354483e-4,78,0,snake_astoriawesttable,2022,6.639295264034606,NA,0.15103490929646746,1.8930058229210844,-1.890244281493076,-1.5066456039165121,0.942505319296003,84.17810638706209,0.4264698820272789,0,-9.210340371976182,1,-0.6819171054196009,-1.0910029067932832,-0.5580228640724171,connected,0,0,0,-9.210340371976182,-9.210340371976182,-9.210340371976182,-0.24954335540271758,-0.3336384980437742,-0.25991197094852375,-0.4166342281125043,-0.7119043022658508,-0.6342699898538559
snake_astoriawesttable_2022,crystal_lower,0,78,0,snake_astoriawesttable,2022,185.11488744216464,0.08405669778585434,0.05345949334579199,5.220976645530312,-2.9288310455741864,0.8399915562949208,-0.4653884277074507,97.94865790399656,0.7807098692710411,0,-9.210340371976182,0,-0.6819171054196009,-1.0910029067932832,-0.5580228640724171,low flow,0.00159203207362177,1.4561268966052827e-4,0.0017376447632823,-6.381825061936533,-8.311754695027139,-6.299270547241813,-0.21904003075883446,-0.26181214735658187,-0.22694730532426494,0.8917222031291218,0.0423312936528489,0.745349680312629
snake_astoriawesttable_2022,crystal_upper,1.8163933171887864e-4,78,0,snake_astoriawesttable,2022,155.6115004101287,0.01565520092844963,0.0350789321250407,5.047362519103877,-3.350154553074885,0.7175718049431052,-1.0365287042741476,106.6690416560952,1.0050370231475778,0,-9.210340371976182,0,-0.6819171054196009,-1.0910029067932832,-0.5580228640724171,waterfall,0,0,0,-9.210340371976182,-9.210340371976182,-9.210340371976182,-0.24954335540271758,-0.3336384980437742,-0.25991197094852375,-0.4166342281125043,-0.7119043022658508,-0.6342699898538559
snake_astoriawesttable_2022,deadmansbar_NA,0,78,0,snake_astoriawesttable,2022,11.761208318342591,0.4607529938220978,0.12284876516395296,2.464806685350634,-2.096801231640941,-1.1034542228796713,0.6624995955849202,92.42430429502215,0.6385988616206539,0,-9.210340371976182,1,-0.6819171054196009,-1.0910029067932832,-0.5580228640724171,connected,0.00183668783959592,0.00107140123976429,0.00290808907936022,-6.246776064180481,-6.749554605947969,-5.806450259184024,-0.2143524278021114,0.19485143888006076,-0.20474293632628776,0.954190390633608,1.353577338806193,0.9789079953639275
snake_astoriawesttable_2022,dell_NA,1.9497564409865466e-4,78,0,snake_astoriawesttable,2022,118.1568591435451,0.21458500623703003,0.05066461454892191,4.772013056484806,-2.9825275499481214,0.5234158716529316,-0.5381786608960017,53.04837733868104,-0.3743255550646361,0.00846332584708545,-4.760266630750077,1,-0.37276276682076614,0.48188513203719124,-0.3446611807506106,connected,0.02027330174976997,5.170984692364432e-4,0.02079040021900641,-3.8935299730335315,-7.390481953216503,-3.868465545195727,0.13889298022324095,-0.07856940978109699,0.13450040026564955,2.0427065626048213,0.815609472070334,1.8973613451196976
snake_astoriawesttable_2022,ditch_NA,6.122981787349937e-5,78,0,snake_astoriawesttable,2022,67.69148631266991,0.03313380107283592,0.03794501053647849,4.214960415919721,-3.271617258448648,0.13062383824230042,-0.9300646419204589,88.34899188850926,0.5337636549027426,0.01477290652743177,-4.208214075106562,0,-0.14228195144010805,0.6770092832469276,-0.3446611807506106,low flow,0,0,0,-9.210340371976182,-9.210340371976182,-9.210340371976182,-0.24954335540271758,-0.3336384980437742,-0.25991197094852375,-0.4166342281125043,-0.7119043022658508,-0.6342699898538559
snake_astoriawesttable_2022,dog_NA,0.04004176868993148,78,3,snake_astoriawesttable,2022,31.090483742564395,0.06368420273065567,0.06185985047343163,3.4369017833759394,-2.7828839289051213,-0.4180051604095067,-0.26754454979768644,8.55324049125396,-1.5189388764598322,0.03216418272163939,-3.433797558098338,1,0.49299885735227406,0.9507284500532249,-0.3446611807506106,connected,0,0,0,-9.210340371976182,-9.210340371976182,-9.210340371976182,-0.24954335540271758,-0.3336384980437742,-0.25991197094852375,-0.4166342281125043,-0.7119043022658508,-0.6342699898538559
snake_astoriawesttable_2022,fish_grosventre,0,78,0,snake_astoriawesttable,2022,587.8758585030148,0.0790754035115242,0.05700038366984491,6.376515800613735,-2.8646972801203296,1.6547917050750964,-0.37844958881885943,121.10123046507272,1.3762972717516126,0.0136083152323544,-4.289752679001736,0,-0.1848229640482416,0.6481892900900684,1.1488706025020352,low flow,4.584436144917083e-6,1.11554612859649e-4,1.161390490045661e-4,-9.16551581143003,-8.461027375979677,-8.439588612003783,-0.24945551763465085,-0.2786119700487823,-0.2577087099614373,-0.39590020490959804,-0.08296201154970495,-0.26899387045662126
snake_astoriawesttable_2022,fish_NA,0.049251267705061365,78,4,snake_astoriawesttable,2022,233.3741440851509,0.18696600198745728,0.19327329665870344,5.452642934303585,-1.643650046859559,1.0033453688675344,1.2767850280257762,41.9058742195612,-0.6609604191749503,0.02999475382091136,-3.5034044140819387,1,0.4137524276318896,0.926125758600513,0.9355089191802287,connected,0.03691386252184423,0.00802943870913108,0.04494330123097531,-3.296462773753929,-4.812263397273023,-3.1001310022999364,0.45772602127630674,3.62704159026381,0.5927024002022878,2.3188856263306405,2.979659332683629,2.261491892467229
snake_astoriawesttable_2022,spreadnf_flagstaff,9.092270613615028e-5,78,0,snake_astoriawesttable,2022,62.105753464464634,0.05579309910535812,0.07693418338645021,4.12883863302891,-2.564804983860054,0.06989717121077008,0.02808022966280149,134.87226240767083,1.7305496176856388,0.04830470339139393,-3.02815829247284,1,1.0825911857650083,1.0941025121663015,0.0820621858930025,connected,0,7.227731359680823e-5,7.227731359680823e-5,-9.210340371976182,-8.666405091138806,-8.666405091138806,-0.24954335540271758,-0.29798627786134746,-0.2585408060675972,-0.4166342281125043,-0.25534755847652363,-0.37648716157379225
snake_astoriawesttable_2022,flat_NA,2.1585642948767898e-4,78,0,snake_astoriawesttable,2022,173.36864105262885,0.4952880144119262,0.23744731527971188,5.155420200544216,-1.437809510516657,0.79376603386828,1.555819591164476,54.82509502003766,-0.3286204540012878,0,-9.210340371976182,1,-0.6819171054196009,-1.0910029067932832,-0.5580228640724171,connected,0,1.0364036792330612e-4,1.0364036792330612e-4,-9.210340371976182,-8.4991550221978,-8.4991550221978,-0.24954335540271758,-0.28251582852119533,-0.25794582105070835,-0.4166342281125043,-0.11496477845774382,-0.29722369527450193
snake_astoriawesttable_2022,fordspring_NA,0,78,0,snake_astoriawesttable,2022,0.371298460979693,0.36350199580192566,0.3083825652441645,-0.9907490627586949,-1.1764141718217336,-3.540054770157885,1.910163470339593,41.01511962685911,-0.6838745991312194,0,-9.210340371976182,1,-0.6819171054196009,-1.0910029067932832,-0.5580228640724171,connected,0,0,0,-9.210340371976182,-9.210340371976182,-9.210340371976182,-0.24954335540271758,-0.3336384980437742,-0.25991197094852375,-0.4166342281125043,-0.7119043022658508,-0.6342699898538559
snake_astoriawesttable_2022,goosewing_NA,1.3363362766404476e-4,78,0,snake_astoriawesttable,2022,40.396075600271566,0.12725499272346497,0.04498435530865712,3.698732641641705,-3.1014405094671185,-0.23338154005733883,-0.6993754120336815,116.5884986843359,1.2602096882966691,0,-9.210340371976182,0,-0.6819171054196009,-1.0910029067932832,-0.5580228640724171,low flow,0,0,0,-9.210340371976182,-9.210340371976182,-9.210340371976182,-0.24954335540271758,-0.3336384980437742,-0.25991197094852375,-0.4166342281125043,-0.7119043022658508,-0.6342699898538559
snake_astoriawesttable_2022,granite_lower,0,78,0,snake_astoriawesttable,2022,220.38266084017036,0.4365609884262085,0.07926979243391333,5.395365402859918,-2.5348981506061192,0.9629575196659279,0.06862151613696778,38.81696690633781,-0.7404208885604935,0.01361268617305474,-4.289433876586555,1,-0.18466329924203148,0.6483019714825007,0.0820621858930025,connected,0,1.7526340459353155e-4,1.7526340459353155e-4,-9.210340371976182,-8.197782083843256,-8.197782083843256,-0.24954335540271758,-0.24718634342514625,-0.25658706838461787,-0.4166342281125043,0.13799518249487042,-0.1543964671959935
snake_astoriawesttable_2022,granite_upper,4.020085381409434e-5,78,0,snake_astoriawesttable,2022,131.17478860877102,0.06855929642915726,0.05121030340437559,4.876530698050768,-2.9718145288156883,0.5971139281172764,-0.5236562387108771,53.80921823301315,-0.35475333470938797,0.02287024840533575,-3.7735554480019577,1,0.15350346647974358,0.8306403004621478,0.0820621858930025,connected,0,0,0,-9.210340371976182,-9.210340371976182,-9.210340371976182,-0.24954335540271758,-0.3336384980437742,-0.25991197094852375,-0.4166342281125043,-0.7119043022658508,-0.6342699898538559
snake_astoriawesttable_2022,grosventre_lower,0.03691973893222087,78,3,snake_astoriawesttable,2022,1589.6465467527958,0.11285000294446944,0.12772197756082734,7.371266972862744,-2.0578994276911646,2.3562161436863795,0.7152343390095599,64.93772304972816,-0.06847856935468445,0.01761397843891535,-4.033401208773123,0,-0.03850127188504782,0.7387972630599943,5.416104268938166,low flow,4.402174527288961e-4,8.985182924761807e-5,5.300692819765142e-4,-7.523538809225212,-8.569266636107082,-7.369680773233814,-0.2411087917422351,-0.2893172990296571,-0.2498560855297801,0.36361174228060683,-0.17381356300240194,0.2380588587808339
snake_astoriawesttable_2022,hoback_upper,0,78,0,snake_astoriawesttable,2022,114.07783296671197,0.13229399919509888,0.0672652044873204,4.736880960751974,-2.699112197023675,0.4986433343450082,-0.1539847572310184,84.44156963790911,0.4332473316090533,0.03506377966670531,-3.3477387128897176,1,0.598917380631602,0.981146132126715,0.29542386921480907,connected,0,4.72481868508296e-5,4.72481868508296e-5,-9.210340371976182,-8.823391048915319,-8.823391048915319,-0.24954335540271758,-0.310332391646087,-0.25901563084852075,-0.4166342281125043,-0.3871150687449412,-0.4508862410627788
snake_astoriawesttable_2022,horse_NA,2.3899087996245733e-4,78,0,snake_astoriawesttable,2022,63.20355466451241,0.3199459910392761,0.05410708739882333,4.14636054426279,-2.916790096186639,0.08225231799871911,-0.44906588448140466,22.93832729120873,-1.1488903015534595,0.03164378982505175,-3.450058168836203,0,0.4739895784159695,0.94498110256621,-0.13129949742880404,culvert_diversion,0,0,0,-9.210340371976182,-9.210340371976182,-9.210340371976182,-0.24954335540271758,-0.3336384980437742,-0.25991197094852375,-0.4166342281125043,-0.7119043022658508,-0.6342699898538559
snake_astoriawesttable_2022,lava_NA,0,78,0,snake_astoriawesttable,2022,65.33372895413697,0.15424099564552307,0.03712820915992983,4.179508425964538,-3.2933782435768575,0.10562573535417148,-0.9595635301695766,120.42844673021558,1.358990274180708,0,-9.210340371976182,0,-0.6819171054196009,-1.0910029067932832,-0.5580228640724171,culvert_diversion,0,1.3745704467353953e-5,1.3745704467353953e-5,-9.210340371976182,-9.081545263770613,-9.081545263770613,-0.24954335540271758,-0.3268581563591559,-0.259651202717231,-0.4166342281125043,-0.6037990234028876,-0.5732311706569175
snake_astoriawesttable_2022,leidy_NA,0,78,0,snake_astoriawesttable,2022,10.736033129626785,0.0376180000603199,0.04548522459554739,2.3736056660690865,-3.090367739926582,-1.1677623891175724,-0.6843653199188215,138.2531738283805,1.817521734748028,0,-9.210340371976182,1,-0.6819171054196009,-1.0910029067932832,-0.5580228640724171,connected,0,0,0,-9.210340371976182,-9.210340371976182,-9.210340371976182,-0.24954335540271758,-0.3336384980437742,-0.25991197094852375,-0.4166342281125043,-0.7119043022658508,-0.6342699898538559
snake_astoriawesttable_2022,littlegreys_steer,0.04400875354511344,78,3,snake_astoriawesttable,2022,179.34572943407238,0.18192599713802335,0.05653151460733583,5.1893153923430955,-2.872957015670742,0.8176663986453313,-0.38964637125004736,53.9368646631569,-0.3514696993567858,0.01672746827853964,-4.084742711177624,1,-0.0708843405797834,0.7206504997199836,0.0820621858930025,connected,0,2.003345587130508e-4,2.003345587130508e-4,-9.210340371976182,-8.110613508966717,-8.110613508966717,-0.24954335540271758,-0.23481949880384692,-0.25611144630706323,-0.4166342281125043,0.21116087354017601,-0.11308537273228468
snake_astoriawesttable_2022,lowerbarbc_NA,0.09948731223968495,78,8,snake_astoriawesttable,2022,6.396831141622167,0.3782680034637451,0.2384034549706952,1.8558027336247136,-1.4337908515692135,-1.532878451639943,1.5612672292426015,56.754300600760345,-0.2789926842300205,0,-9.210340371976182,1,-0.6819171054196009,-1.0910029067932832,-0.5580228640724171,connected,0.3226711560044893,0,0.3226711560044893,-1.1308117022030537,-9.210340371976182,-1.1308117022030537,5.932833989816739,-0.3336384980437742,5.861446657145803,3.3206279528550064,-0.7119043022658508,3.1947953880300908
snake_astoriawesttable_2022,mosquito_NA,0.025056431923966904,78,2,snake_astoriawesttable,2022,61.64128666828233,0.5507169961929321,0.08812801689048827,4.121331884151681,-2.428964784217375,0.06460397099759342,0.21222331166889216,41.96529247221024,-0.6594319167736806,0.06489157212966175,-2.7334976770366906,1,1.6884880313851962,1.1982509340767773,0.29542386921480907,connected,0,1.4571312000932565e-5,1.4571312000932565e-5,-9.210340371976182,-9.07431311660181,-9.07431311660181,-0.24954335540271758,-0.3264509090486704,-0.2596355402084971,-0.4166342281125043,-0.59772865864017,-0.5698036979089801
snake_astoriawesttable_2022,northbuffalofork_NA,5.628077356770595e-5,78,0,snake_astoriawesttable,2022,211.7277106985484,0.4812009930610657,0.10908345246553668,5.3553010656471765,-2.215642070739795,0.9347071330147165,0.5014006098839496,159.40420294608515,2.361620515078947,0.03778437868905201,-3.2732164236527206,1,0.6982973414818484,1.0074861939286666,1.1488706025020352,connected,0,4.2428973897695254e-6,4.2428973897695254e-6,-9.210340371976182,-9.168786830160125,-9.168786830160125,-0.24954335540271758,-0.33154560465269795,-0.25983147941383994,-0.4166342281125043,-0.67702598050072,-0.6145768573953277
snake_astoriawesttable_2022,deadman_greys,0.02104781866852075,78,2,snake_astoriawesttable,2022,42.60696343033698,0.05682190135121345,0.0415623772348318,3.7520177007230955,-3.1805599143188346,-0.19580888501031607,-0.8066285748986248,74.86680669798704,0.18694173538591113,0.14082205153648392,-1.9595483674509768,1,4.462130162698441,1.471804965424821,0.7221472358584221,connected,0,0,0,-9.210340371976182,-9.210340371976182,-9.210340371976182,-0.24954335540271758,-0.3336384980437742,-0.25991197094852375,-0.4166342281125043,-0.7119043022658508,-0.6342699898538559
snake_astoriawesttable_2022,pacific_NA,6.695426552008598e-5,78,0,snake_astoriawesttable,2022,415.0574929301797,0.1369519978761673,0.04158214126053129,6.028417047816465,-3.1800845005109393,1.409338390644628,-0.8059841105644706,113.1656889377754,1.1721597594707729,0.01927443820739732,-3.9438006999103465,1,0.02215317422396,0.7704667536928741,1.1488706025020352,connected,0,1.0388508578094532e-4,1.0388508578094532e-4,-9.210340371976182,-8.49795402783129,-8.49795402783129,-0.24954335540271758,-0.2823951165784162,-0.2579411785354372,-0.4166342281125043,-0.11395671353421293,-0.2966545177722249
snake_astoriawesttable_2022,rock_NA,0,78,0,snake_astoriawesttable,2022,11.98579900144692,0.02564449980854988,0.01921974716928189,2.48372253245161,-3.9518170300904103,-1.090116176337176,-1.8521339752947334,114.7585075722424,1.2131341570510974,0,-9.210340371976182,1,-0.6819171054196009,-1.0910029067932832,-0.5580228640724171,connected,0,0,0,-9.210340371976182,-9.210340371976182,-9.210340371976182,-0.24954335540271758,-0.3336384980437742,-0.25991197094852375,-0.4166342281125043,-0.7119043022658508,-0.6342699898538559
snake_astoriawesttable_2022,shoal_NA,0,78,0,snake_astoriawesttable,2022,82.64969488421343,0.1540520042181015,0.06550537569878219,4.414611132599159,-2.725623067971499,0.2714026538616901,-0.18992252451816394,41.976529236122424,-0.6591428571016683,0.01209925821747958,-4.40638013093737,1,-0.23994686353773353,0.6069670688829447,-0.3446611807506106,connected,0,0,0,-9.210340371976182,-9.210340371976182,-9.210340371976182,-0.24954335540271758,-0.3336384980437742,-0.25991197094852375,-0.4166342281125043,-0.7119043022658508,-0.6342699898538559
snake_astoriawesttable_2022,slate_NA,2.8318410010390815e-4,78,0,snake_astoriawesttable,2022,97.25682381756316,0.03599809855222702,0.03336693660136213,4.577355147826764,-3.4001897914108823,0.3861576123909513,-1.1043557762332283,102.2780679837304,0.892081601153523,0.01028205488054828,-4.567676455466213,0,-0.3063269493195021,0.5499565395498207,-0.3446611807506106,waterfall,0,7.388457382454261e-5,7.388457382454261e-5,-9.210340371976182,-8.657118847700668,-8.657118847700668,-0.24954335540271758,-0.29719346483775755,-0.2585103149125016,-0.4166342281125043,-0.24755307039032232,-0.3720862076700571
snake_astoriawesttable_2022,snakeriversidechannel_NA,0,78,0,snake_astoriawesttable,2022,18.81037955717093,0.5644689798355103,0.3722616615355763,2.934408821587343,-0.9881582807479885,-0.7723257718965152,2.1653605333541472,76.35074801817835,0.22511532296434694,0,-9.210340371976182,1,-0.6819171054196009,-1.0910029067932832,-0.5580228640724171,connected,0,1.4316392269148176e-4,1.4316392269148176e-4,-9.210340371976182,-8.321774763072561,-8.321774763072561,-0.24954335540271758,-0.2630200502905912,-0.25719602408717135,-0.4166342281125043,0.03392086358785493,-0.21315931024700205
snake_astoriawesttable_2022,spread_southfork,4.5794291721968314e-5,78,0,snake_astoriawesttable,2022,98.90320211647273,0.01897189952433109,0.03276703860723393,4.594141615419727,-3.41833218937435,0.3979941790984226,-1.1289493581387449,133.05160844190058,1.6837142794773885,0.01011089609436867,-4.584299884313153,1,-0.31257915823746063,0.5440809532296494,-0.3446611807506106,connected,0,0,0,-9.210340371976182,-9.210340371976182,-9.210340371976182,-0.24954335540271758,-0.3336384980437742,-0.25991197094852375,-0.4166342281125043,-0.7119043022658508,-0.6342699898538559
snake_astoriawesttable_2022,spread_uppermainstem,0,78,0,snake_astoriawesttable,2022,202.6088598876728,0.07364709675312042,0.04527153653174867,5.3112773217946065,-3.095076776609305,0.9036648676936901,-0.6907488244360215,123.11991733521508,1.4282268992795282,0.02467809158381336,-3.697795420120856,1,0.2195416377886189,0.8574178436232227,0.5087855525366156,connected,0,3.546791040805831e-5,3.546791040805831e-5,-9.210340371976182,-8.90677576924841,-8.90677576924841,-0.24954335540271758,-0.31614324692898294,-0.25923911316326254,-0.4166342281125043,-0.4571047490217056,-0.49040408408578545
snake_astoriawesttable_2022,spring_nps,0,78,0,snake_astoriawesttable,2022,4.013031939407464,0.25288400053977966,0.09214421894145744,1.3895470502382712,-2.384400332141274,-1.8616472333135063,0.2726342619972348,118.51717753547322,1.3098239082343388,0,-9.210340371976182,0,-0.6819171054196009,-1.0910029067932832,-0.5580228640724171,culvert_diversion,0,6.727965911639381e-4,6.727965911639381e-4,-9.210340371976182,-7.165494686095443,-7.165494686095443,-0.24954335540271758,-0.00176821935618749,-0.24714842161467337,-0.4166342281125043,1.0044544646450324,0.33482711208651617
snake_astoriawesttable_2022,spring_tss,4.467208942368598e-5,78,0,snake_astoriawesttable,2022,24.857829441667217,0.359358012676239,0.20042810356345644,3.2131727709942544,-1.6072996822611672,-0.5757621968310707,1.326061075814283,41.02633651672055,-0.6835860507084097,0,-9.210340371976182,1,-0.6819171054196009,-1.0910029067932832,-0.5580228640724171,connected,0.18503922773780687,0.00325391373513142,0.1882931414729383,-1.6866471545853954,-5.6976273359084795,-1.6692243215739715,3.295807098937877,1.271419066583958,3.3121762827357326,3.0635210224964284,2.2365215162330907,2.9396298698282872
snake_astoriawesttable_2022,threechannel_NA,0,78,0,snake_astoriawesttable,2022,32.364754827547884,0.2897590100765228,0.117843813057241,3.477070016734667,-2.138395149431708,-0.38968151393422557,0.6061154601460216,56.74782256863244,-0.2791593281015846,0,-9.210340371976182,1,-0.6819171054196009,-1.0910029067932832,-0.5580228640724171,connected,0.02484110022481889,0.01035277137861167,0.03519387160343057,-3.691238224834839,-4.560888132036704,-3.3440459390826396,0.2264119706386022,4.7730715651936615,0.4077470546159004,2.136278518465708,3.1906533178297867,2.1458952682386987
snake_astoriawesttable_2022,upperbarbc_NA,0,78,0,snake_astoriawesttable,2022,5.737050517642647,0.4632450044155121,0.3517652148147659,1.7469452311662268,-1.044791329296893,-1.609636654777257,2.0885895617961863,75.79743225050653,0.21088157421137965,0,-9.210340371976182,1,-0.6819171054196009,-1.0910029067932832,-0.5580228640724171,connected,0,6.263701847792045e-4,6.263701847792045e-4,-9.210340371976182,-7.22745077670238,-7.22745077670238,-0.24954335540271758,-0.024668966220421217,-0.2480291718088142,-0.4166342281125043,0.9524510885414027,0.30546476544622353
snake_astoriawesttable_2022,white_NA,2.7922451185973565e-4,78,0,snake_astoriawesttable,2022,32.672161808639686,0.1206509992480278,0.06405398730038497,3.4865233944871217,-2.7480289996436165,-0.3830156960211845,-0.22029569331631507,63.52208059039906,-0.10489520569040232,0.06121419242821969,-2.7917439387230294,1,1.5541581107467735,1.1776636688671474,-0.13129949742880404,connected,0,0,0,-9.210340371976182,-9.210340371976182,-9.210340371976182,-0.24954335540271758,-0.3336384980437742,-0.25991197094852375,-0.4166342281125043,-0.7119043022658508,-0.6342699898538559
snake_astoriawesttable_2022,willow_NA,0.1650322162879405,78,13,snake_astoriawesttable,2022,185.7033360595004,0.3712950050830841,0.07220654056398042,5.224150432976511,-2.6282246476575253,0.8422294748215096,-0.057890582969804004,24.283407522085284,-1.114288840367131,0.01076986575706528,-4.521760927781279,1,-0.2885078494034962,0.5661854805723404,-0.13129949742880404,connected,0,1.934516612661411e-5,1.934516612661411e-5,-9.210340371976182,-9.03349070766187,-9.03349070766187,-0.24954335540271758,-0.32409611070410244,-0.2595449759526047,-0.4166342281125043,-0.5634640195261876,-0.5504570653141193
snake_pacificdeadmans_2022,bailey_NA,5.463940994684679e-5,72,0,snake_pacificdeadmans,2022,41.571436204356225,0.00952018983662128,0.02815868421076803,3.7274133017261057,-3.5698994742538495,-0.21315807467230266,-1.3344118577700934,103.16878651575858,0.9149948534684664,0,-9.210340371976182,1,-0.6819171054196009,-1.0910029067932832,-0.5580228640724171,connected,0,0,0,-9.210340371976182,-9.210340371976182,-9.210340371976182,-0.24954335540271758,-0.3336384980437742,-0.25991197094852375,-0.4166342281125043,-0.7119043022658508,-0.6342699898538559
snake_pacificdeadmans_2022,blackrock_lower,0,72,0,snake_pacificdeadmans,2022,124.92159198396442,0.13935300707817078,0.04385356876906868,4.8276862763615664,-3.1268991776359423,0.5626724798250547,-0.7338868278937084,33.47737032739425,-0.8777791215757591,0.02401506378805271,-3.7249185803038998,1,0.19532209060651237,0.8478311049065204,0.0820621858930025,connected,0,8.272310060567697e-4,8.272310060567697e-4,-9.210340371976182,-6.983307825970708,-6.983307825970708,-0.24954335540271758,0.0744096224797411,-0.24421866349874877,-0.4166342281125043,1.157374568470067,0.42116945047302
snake_pacificdeadmans_2022,blackrock_upper,0,72,0,snake_pacificdeadmans,2022,80.686204569364,0.1924089938402176,0.06852655983759876,4.390567613566922,-2.6805338740082356,0.25444895497707576,-0.12880024139868984,51.70309131019605,-0.4089323102830954,0.02478738479117143,-3.6933942387870102,1,0.22353397718859186,0.8589734505365639,-0.13129949742880404,connected,0,4.900268401064695e-4,4.900268401064695e-4,-9.210340371976182,-7.435342530393345,-7.435342530393345,-0.24954335540271758,-0.09192302842584753,-0.2506157262428401,-0.4166342281125043,0.7779553618077346,0.20694031569908214
snake_pacificdeadmans_2022,blacktail_NA,0.30573828675068393,72,22,snake_pacificdeadmans,2022,61.14455063095294,0.17830100655555725,0.2664974502977697,4.1132407433781335,-1.3223906027849708,0.05889870114404863,1.7122798543810784,26.210015542576016,-1.0647278914274259,0,-9.210340371976182,1,-0.6819171054196009,-1.0910029067932832,-0.5580228640724171,connected,0,1.46864444118079e-4,1.46864444118079e-4,-9.210340371976182,-8.306671181225756,-8.306671181225756,-0.24954335540271758,-0.2611946946136107,-0.2571258219065871,-0.4166342281125043,0.04659818456787542,-0.20600139241597806
snake_pacificdeadmans_2022,blindbull_NA,2.8241388916979875e-5,72,0,snake_pacificdeadmans,2022,36.35174492325697,0.04732979834079742,0.07027445956149014,3.5932422062182408,-2.6553468525572104,-0.3077655382972935,-0.09465706604452084,175.65428303323625,2.7796450332475544,0.08252698753067757,-2.493418926265378,1,2.332686929398121,1.2831072797070224,0.0820621858930025,connected,0,4.9432759089448577e-5,4.9432759089448577e-5,-9.210340371976182,-8.80866403828822,-8.80866403828822,-0.24954335540271758,-0.30925480800912264,-0.25897418757144836,-0.4166342281125043,-0.37475382604836954,-0.44390678857034355
snake_pacificdeadmans_2022,cody_bluecrane,3.495272890858107e-4,72,0,snake_pacificdeadmans,2022,18.511707107521175,0.5193600058555603,0.29697441361563093,2.918403348563038,-1.214109293332834,-0.7836116394018523,1.8590644888164,75.62300975530493,0.206394649893261,0,-9.210340371976182,1,-0.6819171054196009,-1.0910029067932832,-0.5580228640724171,connected,0.08362064779293935,0.00689554703054436,0.0905161948234837,-2.4802696438215244,-4.9624814708424285,-2.401122331096148,1.3526277370157538,3.067727003483424,1.457260698049786,2.696423455767853,2.8535725040786315,2.5927673927028443
snake_pacificdeadmans_2022,boulder_NA,0,72,0,snake_pacificdeadmans,2022,53.69998009443431,0.1402049958705902,0.04973721661138328,3.983412630833825,-3.0010018009305037,-0.032646414356009776,-0.5632220981303292,111.2213459974788,1.122142589314505,0,-9.210340371976182,1,-0.6819171054196009,-1.0910029067932832,-0.5580228640724171,connected,0,1.338956952533976e-4,1.338956952533976e-4,-9.210340371976182,-8.360635288761552,-8.360635288761552,-0.24954335540271758,-0.26759178751877144,-0.2573718505995184,-0.4166342281125043,0.0013029480093809025,-0.23157616345265597
snake_pacificdeadmans_2022,box_NA,1.6864269370086627e-4,72,0,snake_pacificdeadmans,2022,29.14147010476363,0.05944409966468811,0.02514578939696184,3.372162249211866,-3.6830648160565183,-0.4636546581671469,-1.487817218411723,45.1111528801693,-0.5785063598404203,0,-9.210340371976182,0,-0.6819171054196009,-1.0910029067932832,-0.5580228640724171,low flow,0,0,0,-9.210340371976182,-9.210340371976182,-9.210340371976182,-0.24954335540271758,-0.3336384980437742,-0.25991197094852375,-0.4166342281125043,-0.7119043022658508,-0.6342699898538559
snake_pacificdeadmans_2022,cabin_NA,3.741366391884084e-5,72,0,snake_pacificdeadmans,2022,23.51004271715979,0.0558410994708538,0.04978562821142316,3.1574276795286256,-3.0000289267337403,-0.6150694834947404,-0.5619032834240238,101.28145601544696,0.8664442974843453,0,-9.210340371976182,1,-0.6819171054196009,-1.0910029067932832,-0.5580228640724171,connected,0,0,0,-9.210340371976182,-9.210340371976182,-9.210340371976182,-0.24954335540271758,-0.3336384980437742,-0.25991197094852375,-0.4166342281125043,-0.7119043022658508,-0.6342699898538559
snake_pacificdeadmans_2022,clear_NA,2.586616591763275e-4,72,0,snake_pacificdeadmans,2022,16.604101618688585,0.07531759887933731,0.02877694341500888,2.8096497503050797,-3.548180788339982,-0.860296577035633,-1.304970309746593,47.16201124542123,-0.5257491380071341,0,-9.210340371976182,1,-0.6819171054196009,-1.0910029067932832,-0.5580228640724171,connected,0,5.4124269322364146e-5,5.4124269322364146e-5,-9.210340371976182,-8.777751337302915,-8.777751337302915,-0.24954335540271758,-0.30694062742481,-0.25888518545239114,-0.4166342281125043,-0.34880698531052073,-0.42925658335199407
snake_pacificdeadmans_2022,cliff_NA,0.013581527735398996,72,1,snake_pacificdeadmans,2022,158.3813173763604,0.2303059995174408,0.0598667292930114,5.065005526567855,-2.8156343656856224,0.7300123397733954,-0.31194058559320764,113.99925506531304,1.1936027971023913,0.05682488407779412,-2.866022703436794,1,1.3938223580533489,1.151409681326439,1.3622322858238418,connected,0,1.701915221929745e-4,1.701915221929745e-4,-9.210340371976182,-8.21637950897418,-8.21637950897418,-0.24954335540271758,-0.24968815013440973,-0.25668328650178013,-0.4166342281125043,0.12238527418451206,-0.16321019378787024
snake_pacificdeadmans_2022,fall_coburn,0,72,0,snake_pacificdeadmans,2022,116.5315084203892,0.2628070116043091,0.10592850612511062,4.75816169498255,-2.2449908829454603,0.5136489231569016,0.46161576896804113,87.6860612495122,0.5167101228918407,0.00858137008226551,-4.746575919186889,0,-0.36845076370144103,0.4867241431891463,-0.3446611807506106,waterfall,0,1.2334543660430012e-4,1.2334543660430012e-4,-9.210340371976182,-8.406790941965202,-8.406790941965202,-0.24954335540271758,-0.27279591209979054,-0.25757199838344175,-0.4166342281125043,-0.03743819542534349,-0.2534503371698559
snake_pacificdeadmans_2022,cottonwood_grosventre,0,72,0,snake_pacificdeadmans,2022,89.17802924901731,0.14260199666023254,0.07427305852988855,4.490634700379434,-2.6000069969197113,0.3250088117020927,-0.019639128779508592,109.44137443207292,1.0763537838444968,0.02242704864463058,-3.7930385298063016,0,0.13731395288147488,0.8237539637154752,-0.13129949742880404,low flow,2.0141392575882696e-5,0,2.0141392575882696e-5,-9.026841237333569,-9.210340371976182,-9.026841237333569,-0.24915744644604412,-0.3336384980437742,-0.25952987082915485,-0.33175497287751304,-0.7119043022658508,-0.5473057358670669
snake_pacificdeadmans_2022,cottonwood_nps,0.084872647495994,72,6,snake_pacificdeadmans,2022,187.15270214946145,0.4438450038433075,0.15160907633961737,5.2319248726617085,-1.8864499372519228,0.8477114306551253,0.9476488794836052,25.141912754402735,-1.0922042577583047,0.07480522503393781,-2.591531630759407,1,2.05062094013706,1.2484291354043062,2.4290407024328746,connected,4.801044707328315e-6,4.0328775541557846e-4,4.080888001229067e-4,-9.16344681754564,-7.5943484730779875,-7.584854322270576,-0.24945136741594023,-0.1347088043758597,-0.2521701636900334,-0.39494317227653003,0.6444923598794643,0.13608340692861376
snake_pacificdeadmans_2022,cowboycabin_NA,0.10150168657229687,72,7,snake_pacificdeadmans,2022,6.639295264034606,NA,0.15103490929646746,1.8930058229210844,-1.890244281493076,-1.5066456039165121,0.942505319296003,20.37391472023513,-1.214858427471459,0,-9.210340371976182,1,-0.6819171054196009,-1.0910029067932832,-0.5580228640724171,connected,0,0,0,-9.210340371976182,-9.210340371976182,-9.210340371976182,-0.24954335540271758,-0.3336384980437742,-0.25991197094852375,-0.4166342281125043,-0.7119043022658508,-0.6342699898538559
snake_pacificdeadmans_2022,crystal_lower,1.6124780429580915e-4,72,0,snake_pacificdeadmans,2022,185.11488744216464,0.08405669778585434,0.05345949334579199,5.220976645530312,-2.9288310455741864,0.8399915562949208,-0.4653884277074507,87.4912712324967,0.5116992550948662,0,-9.210340371976182,0,-0.6819171054196009,-1.0910029067932832,-0.5580228640724171,low flow,0.00159203207362177,1.4561268966052827e-4,0.0017376447632823,-6.381825061936533,-8.311754695027139,-6.299270547241813,-0.21904003075883446,-0.26181214735658187,-0.22694730532426494,0.8917222031291218,0.0423312936528489,0.745349680312629
snake_pacificdeadmans_2022,crystal_upper,3.0834953435075976e-5,72,0,snake_pacificdeadmans,2022,155.6115004101287,0.01565520092844963,0.0350789321250407,5.047362519103877,-3.350154553074885,0.7175718049431052,-1.0365287042741476,96.21165498459536,0.7360264089714031,0,-9.210340371976182,0,-0.6819171054196009,-1.0910029067932832,-0.5580228640724171,waterfall,0,0,0,-9.210340371976182,-9.210340371976182,-9.210340371976182,-0.24954335540271758,-0.3336384980437742,-0.25991197094852375,-0.4166342281125043,-0.7119043022658508,-0.6342699898538559
snake_pacificdeadmans_2022,deadmansbar_NA,0,72,0,snake_pacificdeadmans,2022,11.761208318342591,0.4607529938220978,0.12284876516395296,2.464806685350634,-2.096801231640941,-1.1034542228796713,0.6624995955849202,8.034947730125662,-1.532271677318595,0,-9.210340371976182,1,-0.6819171054196009,-1.0910029067932832,-0.5580228640724171,connected,0.00183668783959592,0.00107140123976429,0.00290808907936022,-6.246776064180481,-6.749554605947969,-5.806450259184024,-0.2143524278021114,0.19485143888006076,-0.20474293632628776,0.954190390633608,1.353577338806193,0.9789079953639275
snake_pacificdeadmans_2022,dell_NA,0,72,0,snake_pacificdeadmans,2022,118.1568591435451,0.21458500623703003,0.05066461454892191,4.772013056484806,-2.9825275499481214,0.5234158716529316,-0.5381786608960017,122.00131645265566,1.3994514967924592,0.00846332584708545,-4.760266630750077,1,-0.37276276682076614,0.48188513203719124,-0.3446611807506106,connected,0.02027330174976997,5.170984692364432e-4,0.02079040021900641,-3.8935299730335315,-7.390481953216503,-3.868465545195727,0.13889298022324095,-0.07856940978109699,0.13450040026564955,2.0427065626048213,0.815609472070334,1.8973613451196976
snake_pacificdeadmans_2022,ditch_NA,0.014176187311789205,72,1,snake_pacificdeadmans,2022,67.69148631266991,0.03313380107283592,0.03794501053647849,4.214960415919721,-3.271617258448648,0.13062383824230042,-0.9300646419204589,40.23899497629655,-0.7038399858462501,0.01477290652743177,-4.208214075106562,0,-0.14228195144010805,0.6770092832469276,-0.3446611807506106,low flow,0,0,0,-9.210340371976182,-9.210340371976182,-9.210340371976182,-0.24954335540271758,-0.3336384980437742,-0.25991197094852375,-0.4166342281125043,-0.7119043022658508,-0.6342699898538559
snake_pacificdeadmans_2022,dog_NA,1.7363770823648558e-4,72,0,snake_pacificdeadmans,2022,31.090483742564395,0.06368420273065567,0.06185985047343163,3.4369017833759394,-2.7828839289051213,-0.4180051604095067,-0.26754454979768644,96.06380452860763,0.7322230359853128,0.03216418272163939,-3.433797558098338,1,0.49299885735227406,0.9507284500532249,-0.3446611807506106,connected,0,0,0,-9.210340371976182,-9.210340371976182,-9.210340371976182,-0.24954335540271758,-0.3336384980437742,-0.25991197094852375,-0.4166342281125043,-0.7119043022658508,-0.6342699898538559
snake_pacificdeadmans_2022,fish_grosventre,0,72,0,snake_pacificdeadmans,2022,587.8758585030148,0.0790754035115242,0.05700038366984491,6.376515800613735,-2.8646972801203296,1.6547917050750964,-0.37844958881885943,110.64384379357288,1.1072866575754385,0.0136083152323544,-4.289752679001736,0,-0.1848229640482416,0.6481892900900684,1.1488706025020352,low flow,4.584436144917083e-6,1.11554612859649e-4,1.161390490045661e-4,-9.16551581143003,-8.461027375979677,-8.439588612003783,-0.24945551763465085,-0.2786119700487823,-0.2577087099614373,-0.39590020490959804,-0.08296201154970495,-0.26899387045662126
snake_pacificdeadmans_2022,fish_NA,0.09711353247273087,72,7,snake_pacificdeadmans,2022,233.3741440851509,0.18696600198745728,0.19327329665870344,5.452642934303585,-1.643650046859559,1.0033453688675344,1.2767850280257762,64.21373928531749,-0.08710265998418026,0.02999475382091136,-3.5034044140819387,1,0.4137524276318896,0.926125758600513,0.9355089191802287,connected,0.03691386252184423,0.00802943870913108,0.04494330123097531,-3.296462773753929,-4.812263397273023,-3.1001310022999364,0.45772602127630674,3.62704159026381,0.5927024002022878,2.3188856263306405,2.979659332683629,2.261491892467229
snake_pacificdeadmans_2022,spreadnf_flagstaff,6.546328874580552e-5,72,0,snake_pacificdeadmans,2022,62.105753464464634,0.05579309910535812,0.07693418338645021,4.12883863302891,-2.564804983860054,0.06989717121077008,0.02808022966280149,34.456432761075504,-0.8525932701890817,0.04830470339139393,-3.02815829247284,1,1.0825911857650083,1.0941025121663015,0.0820621858930025,connected,0,7.227731359680823e-5,7.227731359680823e-5,-9.210340371976182,-8.666405091138806,-8.666405091138806,-0.24954335540271758,-0.29798627786134746,-0.2585408060675972,-0.4166342281125043,-0.25534755847652363,-0.37648716157379225
snake_pacificdeadmans_2022,flat_NA,0,72,0,snake_pacificdeadmans,2022,173.36864105262885,0.4952880144119262,0.23744731527971188,5.155420200544216,-1.437809510516657,0.79376603386828,1.555819591164476,105.24381844259418,0.9683739270944351,0,-9.210340371976182,1,-0.6819171054196009,-1.0910029067932832,-0.5580228640724171,connected,0,1.0364036792330612e-4,1.0364036792330612e-4,-9.210340371976182,-8.4991550221978,-8.4991550221978,-0.24954335540271758,-0.28251582852119533,-0.25794582105070835,-0.4166342281125043,-0.11496477845774382,-0.29722369527450193
snake_pacificdeadmans_2022,fordspring_NA,0,72,0,snake_pacificdeadmans,2022,0.371298460979693,0.36350199580192566,0.3083825652441645,-0.9907490627586949,-1.1764141718217336,-3.540054770157885,1.910163470339593,66.17815008385305,-0.03656925503238937,0,-9.210340371976182,1,-0.6819171054196009,-1.0910029067932832,-0.5580228640724171,connected,0,0,0,-9.210340371976182,-9.210340371976182,-9.210340371976182,-0.24954335540271758,-0.3336384980437742,-0.25991197094852375,-0.4166342281125043,-0.7119043022658508,-0.6342699898538559
snake_pacificdeadmans_2022,goosewing_NA,1.3736047179424153e-4,72,0,snake_pacificdeadmans,2022,40.396075600271566,0.12725499272346497,0.04498435530865712,3.698732641641705,-3.1014405094671185,-0.23338154005733883,-0.6993754120336815,106.13111201283608,0.9911990741204953,0,-9.210340371976182,0,-0.6819171054196009,-1.0910029067932832,-0.5580228640724171,low flow,0,0,0,-9.210340371976182,-9.210340371976182,-9.210340371976182,-0.24954335540271758,-0.3336384980437742,-0.25991197094852375,-0.4166342281125043,-0.7119043022658508,-0.6342699898538559
snake_pacificdeadmans_2022,granite_lower,0,72,0,snake_pacificdeadmans,2022,220.38266084017036,0.4365609884262085,0.07926979243391333,5.395365402859918,-2.5348981506061192,0.9629575196659279,0.06862151613696778,107.76990602031243,1.033356163296602,0.01361268617305474,-4.289433876586555,1,-0.18466329924203148,0.6483019714825007,0.0820621858930025,connected,0,1.7526340459353155e-4,1.7526340459353155e-4,-9.210340371976182,-8.197782083843256,-8.197782083843256,-0.24954335540271758,-0.24718634342514625,-0.25658706838461787,-0.4166342281125043,0.13799518249487042,-0.1543964671959935
snake_pacificdeadmans_2022,granite_upper,1.995499645559031e-4,72,0,snake_pacificdeadmans,2022,131.17478860877102,0.06855929642915726,0.05121030340437559,4.876530698050768,-2.9718145288156883,0.5971139281172764,-0.5236562387108771,122.76215734698778,1.4190237171477076,0.02287024840533575,-3.7735554480019577,1,0.15350346647974358,0.8306403004621478,0.0820621858930025,connected,0,0,0,-9.210340371976182,-9.210340371976182,-9.210340371976182,-0.24954335540271758,-0.3336384980437742,-0.25991197094852375,-0.4166342281125043,-0.7119043022658508,-0.6342699898538559
snake_pacificdeadmans_2022,grosventre_lower,0.07980960106982156,72,6,snake_pacificdeadmans,2022,1589.6465467527958,0.11285000294446944,0.12772197756082734,7.371266972862744,-2.0578994276911646,2.3562161436863795,0.7152343390095599,54.4803363782283,-0.3374891835308594,0.01761397843891535,-4.033401208773123,0,-0.03850127188504782,0.7387972630599943,5.416104268938166,low flow,4.402174527288961e-4,8.985182924761807e-5,5.300692819765142e-4,-7.523538809225212,-8.569266636107082,-7.369680773233814,-0.2411087917422351,-0.2893172990296571,-0.2498560855297801,0.36361174228060683,-0.17381356300240194,0.2380588587808339
snake_pacificdeadmans_2022,hoback_upper,0,72,0,snake_pacificdeadmans,2022,114.07783296671197,0.13229399919509888,0.0672652044873204,4.736880960751974,-2.699112197023675,0.4986433343450082,-0.1539847572310184,153.39450875188373,2.2070243834661487,0.03506377966670531,-3.3477387128897176,1,0.598917380631602,0.981146132126715,0.29542386921480907,connected,0,4.72481868508296e-5,4.72481868508296e-5,-9.210340371976182,-8.823391048915319,-8.823391048915319,-0.24954335540271758,-0.310332391646087,-0.25901563084852075,-0.4166342281125043,-0.3871150687449412,-0.4508862410627788
snake_pacificdeadmans_2022,horse_NA,1.6669188377552328e-4,72,0,snake_pacificdeadmans,2022,63.20355466451241,0.3199459910392761,0.05410708739882333,4.14636054426279,-2.916790096186639,0.08225231799871911,-0.44906588448140466,86.91228292441757,0.4968050941299975,0.03164378982505175,-3.450058168836203,0,0.4739895784159695,0.94498110256621,-0.13129949742880404,culvert_diversion,0,0,0,-9.210340371976182,-9.210340371976182,-9.210340371976182,-0.24954335540271758,-0.3336384980437742,-0.25991197094852375,-0.4166342281125043,-0.7119043022658508,-0.6342699898538559
snake_pacificdeadmans_2022,lava_NA,0,72,0,snake_pacificdeadmans,2022,65.33372895413697,0.15424099564552307,0.03712820915992983,4.179508425964538,-3.2933782435768575,0.10562573535417148,-0.9595635301695766,20.0126170836202,-1.224152613694014,0,-9.210340371976182,0,-0.6819171054196009,-1.0910029067932832,-0.5580228640724171,culvert_diversion,0,1.3745704467353953e-5,1.3745704467353953e-5,-9.210340371976182,-9.081545263770613,-9.081545263770613,-0.24954335540271758,-0.3268581563591559,-0.259651202717231,-0.4166342281125043,-0.6037990234028876,-0.5732311706569175
snake_pacificdeadmans_2022,leidy_NA,2.8896805069373623e-5,72,0,snake_pacificdeadmans,2022,10.736033129626785,0.0376180000603199,0.04548522459554739,2.3736056660690865,-3.090367739926582,-1.1677623891175724,-0.6843653199188215,37.83734418178513,-0.765621153126694,0,-9.210340371976182,1,-0.6819171054196009,-1.0910029067932832,-0.5580228640724171,connected,0,0,0,-9.210340371976182,-9.210340371976182,-9.210340371976182,-0.24954335540271758,-0.3336384980437742,-0.25991197094852375,-0.4166342281125043,-0.7119043022658508,-0.6342699898538559
snake_pacificdeadmans_2022,littlegreys_steer,2.1513330117177087e-4,72,0,snake_pacificdeadmans,2022,179.34572943407238,0.18192599713802335,0.05653151460733583,5.1893153923430955,-2.872957015670742,0.8176663986453313,-0.38964637125004736,152.36346377169508,2.1805013091956216,0.01672746827853964,-4.084742711177624,1,-0.0708843405797834,0.7206504997199836,0.0820621858930025,connected,0,2.003345587130508e-4,2.003345587130508e-4,-9.210340371976182,-8.110613508966717,-8.110613508966717,-0.24954335540271758,-0.23481949880384692,-0.25611144630706323,-0.4166342281125043,0.21116087354017601,-0.11308537273228468
snake_pacificdeadmans_2022,lowerbarbc_NA,0,72,0,snake_pacificdeadmans,2022,6.396831141622167,0.3782680034637451,0.2384034549706952,1.8558027336247136,-1.4337908515692135,-1.532878451639943,1.5612672292426015,46.296913929260505,-0.5480032984061949,0,-9.210340371976182,1,-0.6819171054196009,-1.0910029067932832,-0.5580228640724171,connected,0.3226711560044893,0,0.3226711560044893,-1.1308117022030537,-9.210340371976182,-1.1308117022030537,5.932833989816739,-0.3336384980437742,5.861446657145803,3.3206279528550064,-0.7119043022658508,3.1947953880300908
snake_pacificdeadmans_2022,mosquito_NA,2.4376171903722277e-4,72,0,snake_pacificdeadmans,2022,61.64128666828233,0.5507169961929321,0.08812801689048827,4.121331884151681,-2.428964784217375,0.06460397099759342,0.21222331166889216,64.27315753796654,-0.08557415758291023,0.06489157212966175,-2.7334976770366906,1,1.6884880313851962,1.1982509340767773,0.29542386921480907,connected,0,1.4571312000932565e-5,1.4571312000932565e-5,-9.210340371976182,-9.07431311660181,-9.07431311660181,-0.24954335540271758,-0.3264509090486704,-0.2596355402084971,-0.4166342281125043,-0.59772865864017,-0.5698036979089801
snake_pacificdeadmans_2022,northbuffalofork_NA,0,72,0,snake_pacificdeadmans,2022,211.7277106985484,0.4812009930610657,0.10908345246553668,5.3553010656471765,-2.215642070739795,0.9347071330147165,0.5014006098839496,58.988373299489766,-0.2215223727957749,0.03778437868905201,-3.2732164236527206,1,0.6982973414818484,1.0074861939286666,1.1488706025020352,connected,0,4.2428973897695254e-6,4.2428973897695254e-6,-9.210340371976182,-9.168786830160125,-9.168786830160125,-0.24954335540271758,-0.33154560465269795,-0.25983147941383994,-0.4166342281125043,-0.67702598050072,-0.6145768573953277
snake_pacificdeadmans_2022,deadman_greys,1.8042090562046491e-4,72,0,snake_pacificdeadmans,2022,42.60696343033698,0.05682190135121345,0.0415623772348318,3.7520177007230955,-3.1805599143188346,-0.19580888501031607,-0.8066285748986248,173.2934058065252,2.7189127439383176,0.14082205153648392,-1.9595483674509768,1,4.462130162698441,1.471804965424821,0.7221472358584221,connected,0,0,0,-9.210340371976182,-9.210340371976182,-9.210340371976182,-0.24954335540271758,-0.3336384980437742,-0.25991197094852375,-0.4166342281125043,-0.7119043022658508,-0.6342699898538559
snake_pacificdeadmans_2022,pacific_NA,0.05414829045374156,72,4,snake_pacificdeadmans,2022,415.0574929301797,0.1369519978761673,0.04158214126053129,6.028417047816465,-3.1800845005109393,1.409338390644628,-0.8059841105644706,12.749859291180014,-1.410983128403949,0.01927443820739732,-3.9438006999103465,1,0.02215317422396,0.7704667536928741,1.1488706025020352,connected,0,1.0388508578094532e-4,1.0388508578094532e-4,-9.210340371976182,-8.49795402783129,-8.49795402783129,-0.24954335540271758,-0.2823951165784162,-0.2579411785354372,-0.4166342281125043,-0.11395671353421293,-0.2966545177722249
snake_pacificdeadmans_2022,rock_NA,0,72,0,snake_pacificdeadmans,2022,11.98579900144692,0.02564449980854988,0.01921974716928189,2.48372253245161,-3.9518170300904103,-1.090116176337176,-1.8521339752947334,14.342677925647024,-1.370008730823624,0,-9.210340371976182,1,-0.6819171054196009,-1.0910029067932832,-0.5580228640724171,connected,0,0,0,-9.210340371976182,-9.210340371976182,-9.210340371976182,-0.24954335540271758,-0.3336384980437742,-0.25991197094852375,-0.4166342281125043,-0.7119043022658508,-0.6342699898538559
snake_pacificdeadmans_2022,shoal_NA,0.013067827993239575,72,1,snake_pacificdeadmans,2022,82.64969488421343,0.1540520042181015,0.06550537569878219,4.414611132599159,-2.725623067971499,0.2714026538616901,-0.18992252451816394,110.92946835009704,1.1146341947554268,0.01209925821747958,-4.40638013093737,1,-0.23994686353773353,0.6069670688829447,-0.3446611807506106,connected,0,0,0,-9.210340371976182,-9.210340371976182,-9.210340371976182,-0.24954335540271758,-0.3336384980437742,-0.25991197094852375,-0.4166342281125043,-0.7119043022658508,-0.6342699898538559
snake_pacificdeadmans_2022,slate_NA,1.5614561839076853e-4,72,0,snake_pacificdeadmans,2022,97.25682381756316,0.03599809855222702,0.03336693660136213,4.577355147826764,-3.4001897914108823,0.3861576123909513,-1.1043557762332283,91.82068131223056,0.6230709869773488,0.01028205488054828,-4.567676455466213,0,-0.3063269493195021,0.5499565395498207,-0.3446611807506106,waterfall,0,7.388457382454261e-5,7.388457382454261e-5,-9.210340371976182,-8.657118847700668,-8.657118847700668,-0.24954335540271758,-0.29719346483775755,-0.2585103149125016,-0.4166342281125043,-0.24755307039032232,-0.3720862076700571
snake_pacificdeadmans_2022,snakeriversidechannel_NA,0.005530760077736822,72,0,snake_pacificdeadmans,2022,18.81037955717093,0.5644689798355103,0.3722616615355763,2.934408821587343,-0.9881582807479885,-0.7723257718965152,2.1653605333541472,25.426605030685376,-1.0848807029831207,0,-9.210340371976182,1,-0.6819171054196009,-1.0910029067932832,-0.5580228640724171,connected,0,1.4316392269148176e-4,1.4316392269148176e-4,-9.210340371976182,-8.321774763072561,-8.321774763072561,-0.24954335540271758,-0.2630200502905912,-0.25719602408717135,-0.4166342281125043,0.03392086358785493,-0.21315931024700205
snake_pacificdeadmans_2022,spread_southfork,0,72,0,snake_pacificdeadmans,2022,98.90320211647273,0.01897189952433109,0.03276703860723393,4.594141615419727,-3.41833218937435,0.3979941790984226,-1.1289493581387449,32.635778795305185,-0.8994286083973337,0.01011089609436867,-4.584299884313153,1,-0.31257915823746063,0.5440809532296494,-0.3446611807506106,connected,0,0,0,-9.210340371976182,-9.210340371976182,-9.210340371976182,-0.24954335540271758,-0.3336384980437742,-0.25991197094852375,-0.4166342281125043,-0.7119043022658508,-0.6342699898538559
snake_pacificdeadmans_2022,spread_uppermainstem,0,72,0,snake_pacificdeadmans,2022,202.6088598876728,0.07364709675312042,0.04527153653174867,5.3112773217946065,-3.095076776609305,0.9036648676936901,-0.6907488244360215,22.70408768861971,-1.1549159885951934,0.02467809158381336,-3.697795420120856,1,0.2195416377886189,0.8574178436232227,0.5087855525366156,connected,0,3.546791040805831e-5,3.546791040805831e-5,-9.210340371976182,-8.90677576924841,-8.90677576924841,-0.24954335540271758,-0.31614324692898294,-0.25923911316326254,-0.4166342281125043,-0.4571047490217056,-0.49040408408578545
snake_pacificdeadmans_2022,spring_nps,0.015504036922816544,72,1,snake_pacificdeadmans,2022,4.013031939407464,0.25288400053977966,0.09214421894145744,1.3895470502382712,-2.384400332141274,-1.8616472333135063,0.2726342619972348,18.101347888877836,-1.273318979640383,0,-9.210340371976182,0,-0.6819171054196009,-1.0910029067932832,-0.5580228640724171,culvert_diversion,0,6.727965911639381e-4,6.727965911639381e-4,-9.210340371976182,-7.165494686095443,-7.165494686095443,-0.24954335540271758,-0.00176821935618749,-0.24714842161467337,-0.4166342281125043,1.0044544646450324,0.33482711208651617
snake_pacificdeadmans_2022,spring_tss,0,72,0,snake_pacificdeadmans,2022,24.857829441667217,0.359358012676239,0.20042810356345644,3.2131727709942544,-1.6072996822611672,-0.5757621968310707,1.326061075814283,80.00689740052836,0.3191677876729846,0,-9.210340371976182,1,-0.6819171054196009,-1.0910029067932832,-0.5580228640724171,connected,0.18503922773780687,0.00325391373513142,0.1882931414729383,-1.6866471545853954,-5.6976273359084795,-1.6692243215739715,3.295807098937877,1.271419066583958,3.3121762827357326,3.0635210224964284,2.2365215162330907,2.9396298698282872
snake_pacificdeadmans_2022,threechannel_NA,0.05915060700839635,72,4,snake_pacificdeadmans,2022,32.364754827547884,0.2897590100765228,0.117843813057241,3.477070016734667,-2.138395149431708,-0.38968151393422557,0.6061154601460216,43.7782093455183,-0.6127956110828818,0,-9.210340371976182,1,-0.6819171054196009,-1.0910029067932832,-0.5580228640724171,connected,0.02484110022481889,0.01035277137861167,0.03519387160343057,-3.691238224834839,-4.560888132036704,-3.3440459390826396,0.2264119706386022,4.7730715651936615,0.4077470546159004,2.136278518465708,3.1906533178297867,2.1458952682386987
snake_pacificdeadmans_2022,upperbarbc_NA,0.15090547563287596,72,11,snake_pacificdeadmans,2022,5.737050517642647,0.4632450044155121,0.3517652148147659,1.7469452311662268,-1.044791329296893,-1.609636654777257,2.0885895617961863,25.15925977477151,-1.0917580150448885,0,-9.210340371976182,1,-0.6819171054196009,-1.0910029067932832,-0.5580228640724171,connected,0,6.263701847792045e-4,6.263701847792045e-4,-9.210340371976182,-7.22745077670238,-7.22745077670238,-0.24954335540271758,-0.024668966220421217,-0.2480291718088142,-0.4166342281125043,0.9524510885414027,0.30546476544622353
snake_pacificdeadmans_2022,white_NA,0,72,0,snake_pacificdeadmans,2022,32.672161808639686,0.1206509992480278,0.06405398730038497,3.4865233944871217,-2.7480289996436165,-0.3830156960211845,-0.22029569331631507,161.9486796989372,2.4270758028620043,0.06121419242821969,-2.7917439387230294,1,1.5541581107467735,1.1776636688671474,-0.13129949742880404,connected,0,0,0,-9.210340371976182,-9.210340371976182,-9.210340371976182,-0.24954335540271758,-0.3336384980437742,-0.25991197094852375,-0.4166342281125043,-0.7119043022658508,-0.6342699898538559
snake_pacificdeadmans_2022,willow_NA,0.002243261973603698,72,0,snake_pacificdeadmans,2022,185.7033360595004,0.3712950050830841,0.07220654056398042,5.224150432976511,-2.6282246476575253,0.8422294748215096,-0.057890582969804004,93.2363466360599,0.6594882114899644,0.01076986575706528,-4.521760927781279,1,-0.2885078494034962,0.5661854805723404,-0.13129949742880404,connected,0,1.934516612661411e-5,1.934516612661411e-5,-9.210340371976182,-9.03349070766187,-9.03349070766187,-0.24954335540271758,-0.32409611070410244,-0.2595449759526047,-0.4166342281125043,-0.5634640195261876,-0.5504570653141193
snake_wilsonsouthpark_2022,bailey_NA,0,108,0,snake_wilsonsouthpark,2022,41.571436204356225,0.00952018983662128,0.02815868421076803,3.7274133017261057,-3.5698994742538495,-0.21315807467230266,-1.3344118577700934,39.85075004027878,-0.7138273767661605,0,-9.210340371976182,1,-0.6819171054196009,-1.0910029067932832,-0.5580228640724171,connected,0,0,0,-9.210340371976182,-9.210340371976182,-9.210340371976182,-0.24954335540271758,-0.3336384980437742,-0.25991197094852375,-0.4166342281125043,-0.7119043022658508,-0.6342699898538559
snake_wilsonsouthpark_2022,blackrock_lower,5.350626035379479e-5,108,0,snake_wilsonsouthpark,2022,124.92159198396442,0.13935300707817078,0.04385356876906868,4.8276862763615664,-3.1268991776359423,0.5626724798250547,-0.7338868278937084,96.79540680287404,0.7510431086588677,0.02401506378805271,-3.7249185803038998,1,0.19532209060651237,0.8478311049065204,0.0820621858930025,connected,0,8.272310060567697e-4,8.272310060567697e-4,-9.210340371976182,-6.983307825970708,-6.983307825970708,-0.24954335540271758,0.0744096224797411,-0.24421866349874877,-0.4166342281125043,1.157374568470067,0.42116945047302
snake_wilsonsouthpark_2022,blackrock_upper,1.03827560135635e-4,108,0,snake_wilsonsouthpark,2022,80.686204569364,0.1924089938402176,0.06852655983759876,4.390567613566922,-2.6805338740082356,0.25444895497707576,-0.12880024139868984,115.02112778567586,1.2198899199515318,0.02478738479117143,-3.6933942387870102,1,0.22353397718859186,0.8589734505365639,-0.13129949742880404,connected,0,4.900268401064695e-4,4.900268401064695e-4,-9.210340371976182,-7.435342530393345,-7.435342530393345,-0.24954335540271758,-0.09192302842584753,-0.2506157262428401,-0.4166342281125043,0.7779553618077346,0.20694031569908214
snake_wilsonsouthpark_2022,blacktail_NA,0,108,0,snake_wilsonsouthpark,2022,61.14455063095294,0.17830100655555725,0.2664974502977697,4.1132407433781335,-1.3223906027849708,0.05889870114404863,1.7122798543810784,37.431241956356,-0.7760679131550609,0,-9.210340371976182,1,-0.6819171054196009,-1.0910029067932832,-0.5580228640724171,connected,0,1.46864444118079e-4,1.46864444118079e-4,-9.210340371976182,-8.306671181225756,-8.306671181225756,-0.24954335540271758,-0.2611946946136107,-0.2571258219065871,-0.4166342281125043,0.04659818456787542,-0.20600139241597806
snake_wilsonsouthpark_2022,blindbull_NA,8.030909985085967e-5,108,0,snake_wilsonsouthpark,2022,36.35174492325697,0.04732979834079742,0.07027445956149014,3.5932422062182408,-2.6553468525572104,-0.3077655382972935,-0.09465706604452084,112.33624655775644,1.1508228030129273,0.08252698753067757,-2.493418926265378,1,2.332686929398121,1.2831072797070224,0.0820621858930025,connected,0,4.9432759089448577e-5,4.9432759089448577e-5,-9.210340371976182,-8.80866403828822,-8.80866403828822,-0.24954335540271758,-0.30925480800912264,-0.25897418757144836,-0.4166342281125043,-0.37475382604836954,-0.44390678857034355
snake_wilsonsouthpark_2022,cody_bluecrane,8.89780428894287e-4,108,0,snake_wilsonsouthpark,2022,18.511707107521175,0.5193600058555603,0.29697441361563093,2.918403348563038,-1.214109293332834,-0.7836116394018523,1.8590644888164,12.30497327982516,-1.4224275803413653,0,-9.210340371976182,1,-0.6819171054196009,-1.0910029067932832,-0.5580228640724171,connected,0.08362064779293935,0.00689554703054436,0.0905161948234837,-2.4802696438215244,-4.9624814708424285,-2.401122331096148,1.3526277370157538,3.067727003483424,1.457260698049786,2.696423455767853,2.8535725040786315,2.5927673927028443
snake_wilsonsouthpark_2022,boulder_NA,0.008397729233326616,108,1,snake_wilsonsouthpark,2022,53.69998009443431,0.1402049958705902,0.04973721661138328,3.983412630833825,-3.0010018009305037,-0.032646414356009776,-0.5632220981303292,47.90330952199903,-0.5066796409201214,0,-9.210340371976182,1,-0.6819171054196009,-1.0910029067932832,-0.5580228640724171,connected,0,1.338956952533976e-4,1.338956952533976e-4,-9.210340371976182,-8.360635288761552,-8.360635288761552,-0.24954335540271758,-0.26759178751877144,-0.2573718505995184,-0.4166342281125043,0.0013029480093809025,-0.23157616345265597
snake_wilsonsouthpark_2022,box_NA,1.862692891060242e-4,108,0,snake_wilsonsouthpark,2022,29.14147010476363,0.05944409966468811,0.02514578939696184,3.372162249211866,-3.6830648160565183,-0.4636546581671469,-1.487817218411723,108.4291893556491,1.0503158703942066,0,-9.210340371976182,0,-0.6819171054196009,-1.0910029067932832,-0.5580228640724171,low flow,0,0,0,-9.210340371976182,-9.210340371976182,-9.210340371976182,-0.24954335540271758,-0.3336384980437742,-0.25991197094852375,-0.4166342281125043,-0.7119043022658508,-0.6342699898538559
snake_wilsonsouthpark_2022,cabin_NA,0.003429391829363235,108,0,snake_wilsonsouthpark,2022,23.51004271715979,0.0558410994708538,0.04978562821142316,3.1574276795286256,-3.0000289267337403,-0.6150694834947404,-0.5619032834240238,37.96341953996718,-0.7623779327502813,0,-9.210340371976182,1,-0.6819171054196009,-1.0910029067932832,-0.5580228640724171,connected,0,0,0,-9.210340371976182,-9.210340371976182,-9.210340371976182,-0.24954335540271758,-0.3336384980437742,-0.25991197094852375,-0.4166342281125043,-0.7119043022658508,-0.6342699898538559
snake_wilsonsouthpark_2022,clear_NA,5.007742673965379e-5,108,0,snake_wilsonsouthpark,2022,16.604101618688585,0.07531759887933731,0.02877694341500888,2.8096497503050797,-3.548180788339982,-0.860296577035633,-1.304970309746593,110.480047720901,1.103073092227492,0,-9.210340371976182,1,-0.6819171054196009,-1.0910029067932832,-0.5580228640724171,connected,0,5.4124269322364146e-5,5.4124269322364146e-5,-9.210340371976182,-8.777751337302915,-8.777751337302915,-0.24954335540271758,-0.30694062742481,-0.25888518545239114,-0.4166342281125043,-0.34880698531052073,-0.42925658335199407
snake_wilsonsouthpark_2022,cliff_NA,0,108,0,snake_wilsonsouthpark,2022,158.3813173763604,0.2303059995174408,0.0598667292930114,5.065005526567855,-2.8156343656856224,0.7300123397733954,-0.31194058559320764,50.68121858983324,-0.43521943313223554,0.05682488407779412,-2.866022703436794,1,1.3938223580533489,1.151409681326439,1.3622322858238418,connected,0,1.701915221929745e-4,1.701915221929745e-4,-9.210340371976182,-8.21637950897418,-8.21637950897418,-0.24954335540271758,-0.24968815013440973,-0.25668328650178013,-0.4166342281125043,0.12238527418451206,-0.16321019378787024
snake_wilsonsouthpark_2022,fall_coburn,0,108,0,snake_wilsonsouthpark,2022,116.5315084203892,0.2628070116043091,0.10592850612511062,4.75816169498255,-2.2449908829454603,0.5136489231569016,0.46161576896804113,24.368024774032413,-1.112112107342786,0.00858137008226551,-4.746575919186889,0,-0.36845076370144103,0.4867241431891463,-0.3446611807506106,waterfall,0,1.2334543660430012e-4,1.2334543660430012e-4,-9.210340371976182,-8.406790941965202,-8.406790941965202,-0.24954335540271758,-0.27279591209979054,-0.25757199838344175,-0.4166342281125043,-0.03743819542534349,-0.2534503371698559
snake_wilsonsouthpark_2022,cottonwood_grosventre,2.254391989457492e-4,108,0,snake_wilsonsouthpark,2022,89.17802924901731,0.14260199666023254,0.07427305852988855,4.490634700379434,-2.6000069969197113,0.3250088117020927,-0.019639128779508592,82.80096793245718,0.3910437403805764,0.02242704864463058,-3.7930385298063016,0,0.13731395288147488,0.8237539637154752,-0.13129949742880404,low flow,2.0141392575882696e-5,0,2.0141392575882696e-5,-9.026841237333569,-9.210340371976182,-9.026841237333569,-0.24915744644604412,-0.3336384980437742,-0.25952987082915485,-0.33175497287751304,-0.7119043022658508,-0.5473057358670669
snake_wilsonsouthpark_2022,cottonwood_nps,0.019534522381308497,108,2,snake_wilsonsouthpark,2022,187.15270214946145,0.4438450038433075,0.15160907633961737,5.2319248726617085,-1.8864499372519228,0.8477114306551253,0.9476488794836052,38.68229205902218,-0.7438853261421311,0.07480522503393781,-2.591531630759407,1,2.05062094013706,1.2484291354043062,2.4290407024328746,connected,4.801044707328315e-6,4.0328775541557846e-4,4.080888001229067e-4,-9.16344681754564,-7.5943484730779875,-7.584854322270576,-0.24945136741594023,-0.1347088043758597,-0.2521701636900334,-0.39494317227653003,0.6444923598794643,0.13608340692861376
snake_wilsonsouthpark_2022,cowboycabin_NA,0,108,0,snake_wilsonsouthpark,2022,6.639295264034606,NA,0.15103490929646746,1.8930058229210844,-1.890244281493076,-1.5066456039165121,0.942505319296003,47.080313215946504,-0.527850775612816,0,-9.210340371976182,1,-0.6819171054196009,-1.0910029067932832,-0.5580228640724171,connected,0,0,0,-9.210340371976182,-9.210340371976182,-9.210340371976182,-0.24954335540271758,-0.3336384980437742,-0.25991197094852375,-0.4166342281125043,-0.7119043022658508,-0.6342699898538559
snake_wilsonsouthpark_2022,crystal_lower,0.010486275376115559,108,1,snake_wilsonsouthpark,2022,185.11488744216464,0.08405669778585434,0.05345949334579199,5.220976645530312,-2.9288310455741864,0.8399915562949208,-0.4653884277074507,60.85086473288096,-0.17361078836905428,0,-9.210340371976182,0,-0.6819171054196009,-1.0910029067932832,-0.5580228640724171,low flow,0.00159203207362177,1.4561268966052827e-4,0.0017376447632823,-6.381825061936533,-8.311754695027139,-6.299270547241813,-0.21904003075883446,-0.26181214735658187,-0.22694730532426494,0.8917222031291218,0.0423312936528489,0.745349680312629
snake_wilsonsouthpark_2022,crystal_upper,0,108,0,snake_wilsonsouthpark,2022,155.6115004101287,0.01565520092844963,0.0350789321250407,5.047362519103877,-3.350154553074885,0.7175718049431052,-1.0365287042741476,69.57124848497962,0.05071636550748286,0,-9.210340371976182,0,-0.6819171054196009,-1.0910029067932832,-0.5580228640724171,waterfall,0,0,0,-9.210340371976182,-9.210340371976182,-9.210340371976182,-0.24954335540271758,-0.3336384980437742,-0.25991197094852375,-0.4166342281125043,-0.7119043022658508,-0.6342699898538559
snake_wilsonsouthpark_2022,deadmansbar_NA,1.1873340732395081e-5,108,0,snake_wilsonsouthpark,2022,11.761208318342591,0.4607529938220978,0.12284876516395296,2.464806685350634,-2.096801231640941,-1.1034542228796713,0.6624995955849202,55.32651112390659,-0.3157217960194404,0,-9.210340371976182,1,-0.6819171054196009,-1.0910029067932832,-0.5580228640724171,connected,0.00183668783959592,0.00107140123976429,0.00290808907936022,-6.246776064180481,-6.749554605947969,-5.806450259184024,-0.2143524278021114,0.19485143888006076,-0.20474293632628776,0.954190390633608,1.353577338806193,0.9789079953639275
snake_wilsonsouthpark_2022,dell_NA,1.8010997178481296e-4,108,0,snake_wilsonsouthpark,2022,118.1568591435451,0.21458500623703003,0.05066461454892191,4.772013056484806,-2.9825275499481214,0.5234158716529316,-0.5381786608960017,58.68327997717588,-0.22937073344216738,0.00846332584708545,-4.760266630750077,1,-0.37276276682076614,0.48188513203719124,-0.3446611807506106,connected,0.02027330174976997,5.170984692364432e-4,0.02079040021900641,-3.8935299730335315,-7.390481953216503,-3.868465545195727,0.13889298022324095,-0.07856940978109699,0.13450040026564955,2.0427065626048213,0.815609472070334,1.8973613451196976
snake_wilsonsouthpark_2022,ditch_NA,1.4937949505952817e-4,108,0,snake_wilsonsouthpark,2022,67.69148631266991,0.03313380107283592,0.03794501053647849,4.214960415919721,-3.271617258448648,0.13062383824230042,-0.9300646419204589,51.25119871739368,-0.42055700273735225,0.01477290652743177,-4.208214075106562,0,-0.14228195144010805,0.6770092832469276,-0.3446611807506106,low flow,0,0,0,-9.210340371976182,-9.210340371976182,-9.210340371976182,-0.24954335540271758,-0.3336384980437742,-0.25991197094852375,-0.4166342281125043,-0.7119043022658508,-0.6342699898538559
snake_wilsonsouthpark_2022,dog_NA,0.01794013731633761,108,2,snake_wilsonsouthpark,2022,31.090483742564395,0.06368420273065567,0.06185985047343163,3.4369017833759394,-2.7828839289051213,-0.4180051604095067,-0.26754454979768644,32.745768053127875,-0.8965991942493131,0.03216418272163939,-3.433797558098338,1,0.49299885735227406,0.9507284500532249,-0.3446611807506106,connected,0,0,0,-9.210340371976182,-9.210340371976182,-9.210340371976182,-0.24954335540271758,-0.3336384980437742,-0.25991197094852375,-0.4166342281125043,-0.7119043022658508,-0.6342699898538559
snake_wilsonsouthpark_2022,fish_grosventre,7.657522897654205e-7,108,0,snake_wilsonsouthpark,2022,587.8758585030148,0.0790754035115242,0.05700038366984491,6.376515800613735,-2.8646972801203296,1.6547917050750964,-0.37844958881885943,84.00343729395713,0.42197661411151777,0.0136083152323544,-4.289752679001736,0,-0.1848229640482416,0.6481892900900684,1.1488706025020352,low flow,4.584436144917083e-6,1.11554612859649e-4,1.161390490045661e-4,-9.16551581143003,-8.461027375979677,-8.439588612003783,-0.24945551763465085,-0.2786119700487823,-0.2577087099614373,-0.39590020490959804,-0.08296201154970495,-0.26899387045662126
snake_wilsonsouthpark_2022,fish_NA,0.456877945246586,108,49,snake_wilsonsouthpark,2022,233.3741440851509,0.18696600198745728,0.19327329665870344,5.452642934303585,-1.643650046859559,1.0033453688675344,1.2767850280257762,4.808081048445619,-1.6152810768150452,0.02999475382091136,-3.5034044140819387,1,0.4137524276318896,0.926125758600513,0.9355089191802287,connected,0.03691386252184423,0.00802943870913108,0.04494330123097531,-3.296462773753929,-4.812263397273023,-3.1001310022999364,0.45772602127630674,3.62704159026381,0.5927024002022878,2.3188856263306405,2.979659332683629,2.261491892467229
snake_wilsonsouthpark_2022,spreadnf_flagstaff,2.613975164107594e-4,108,0,snake_wilsonsouthpark,2022,62.105753464464634,0.05579309910535812,0.07693418338645021,4.12883863302891,-2.564804983860054,0.06989717121077008,0.02808022966280149,97.77446923655528,0.7762289600455445,0.04830470339139393,-3.02815829247284,1,1.0825911857650083,1.0941025121663015,0.0820621858930025,connected,0,7.227731359680823e-5,7.227731359680823e-5,-9.210340371976182,-8.666405091138806,-8.666405091138806,-0.24954335540271758,-0.29798627786134746,-0.2585408060675972,-0.4166342281125043,-0.25534755847652363,-0.37648716157379225
snake_wilsonsouthpark_2022,flat_NA,1.0023719225339603e-4,108,0,snake_wilsonsouthpark,2022,173.36864105262885,0.4952880144119262,0.23744731527971188,5.155420200544216,-1.437809510516657,0.79376603386828,1.555819591164476,41.92578196711438,-0.6604483031401917,0,-9.210340371976182,1,-0.6819171054196009,-1.0910029067932832,-0.5580228640724171,connected,0,1.0364036792330612e-4,1.0364036792330612e-4,-9.210340371976182,-8.4991550221978,-8.4991550221978,-0.24954335540271758,-0.28251582852119533,-0.25794582105070835,-0.4166342281125043,-0.11496477845774382,-0.29722369527450193
snake_wilsonsouthpark_2022,fordspring_NA,0.0036032214961417876,108,0,snake_wilsonsouthpark,2022,0.371298460979693,0.36350199580192566,0.3083825652441645,-0.9907490627586949,-1.1764141718217336,-3.540054770157885,1.910163470339593,3.917326455743529,-1.6381952567713143,0,-9.210340371976182,1,-0.6819171054196009,-1.0910029067932832,-0.5580228640724171,connected,0,0,0,-9.210340371976182,-9.210340371976182,-9.210340371976182,-0.24954335540271758,-0.3336384980437742,-0.25991197094852375,-0.4166342281125043,-0.7119043022658508,-0.6342699898538559
snake_wilsonsouthpark_2022,goosewing_NA,1.736914033873797e-4,108,0,snake_wilsonsouthpark,2022,40.396075600271566,0.12725499272346497,0.04498435530865712,3.698732641641705,-3.1014405094671185,-0.23338154005733883,-0.6993754120336815,79.49070551322032,0.30588903065657425,0,-9.210340371976182,0,-0.6819171054196009,-1.0910029067932832,-0.5580228640724171,low flow,0,0,0,-9.210340371976182,-9.210340371976182,-9.210340371976182,-0.24954335540271758,-0.3336384980437742,-0.25991197094852375,-0.4166342281125043,-0.7119043022658508,-0.6342699898538559
snake_wilsonsouthpark_2022,granite_lower,0.04921714447601447,108,5,snake_wilsonsouthpark,2022,220.38266084017036,0.4365609884262085,0.07926979243391333,5.395365402859918,-2.5348981506061192,0.9629575196659279,0.06862151613696778,44.45186954483265,-0.5954660669380247,0.01361268617305474,-4.289433876586555,1,-0.18466329924203148,0.6483019714825007,0.0820621858930025,connected,0,1.7526340459353155e-4,1.7526340459353155e-4,-9.210340371976182,-8.197782083843256,-8.197782083843256,-0.24954335540271758,-0.24718634342514625,-0.25658706838461787,-0.4166342281125043,0.13799518249487042,-0.1543964671959935
snake_wilsonsouthpark_2022,granite_upper,0,108,0,snake_wilsonsouthpark,2022,131.17478860877102,0.06855929642915726,0.05121030340437559,4.876530698050768,-2.9718145288156883,0.5971139281172764,-0.5236562387108771,59.44412087150799,-0.20979851308691908,0.02287024840533575,-3.7735554480019577,1,0.15350346647974358,0.8306403004621478,0.0820621858930025,connected,0,0,0,-9.210340371976182,-9.210340371976182,-9.210340371976182,-0.24954335540271758,-0.3336384980437742,-0.25991197094852375,-0.4166342281125043,-0.7119043022658508,-0.6342699898538559
snake_wilsonsouthpark_2022,grosventre_lower,0.014942229170839219,108,2,snake_wilsonsouthpark,2022,1589.6465467527958,0.11285000294446944,0.12772197756082734,7.371266972862744,-2.0578994276911646,2.3562161436863795,0.7152343390095599,27.839929878612576,-1.0227992269947794,0.01761397843891535,-4.033401208773123,0,-0.03850127188504782,0.7387972630599943,5.416104268938166,low flow,4.402174527288961e-4,8.985182924761807e-5,5.300692819765142e-4,-7.523538809225212,-8.569266636107082,-7.369680773233814,-0.2411087917422351,-0.2893172990296571,-0.2498560855297801,0.36361174228060683,-0.17381356300240194,0.2380588587808339
snake_wilsonsouthpark_2022,hoback_upper,0.02912874956957925,108,3,snake_wilsonsouthpark,2022,114.07783296671197,0.13229399919509888,0.0672652044873204,4.736880960751974,-2.699112197023675,0.4986433343450082,-0.1539847572310184,90.07647227640396,0.5782021532315224,0.03506377966670531,-3.3477387128897176,1,0.598917380631602,0.981146132126715,0.29542386921480907,connected,0,4.72481868508296e-5,4.72481868508296e-5,-9.210340371976182,-8.823391048915319,-8.823391048915319,-0.24954335540271758,-0.310332391646087,-0.25901563084852075,-0.4166342281125043,-0.3871150687449412,-0.4508862410627788
snake_wilsonsouthpark_2022,horse_NA,0,108,0,snake_wilsonsouthpark,2022,63.20355466451241,0.3199459910392761,0.05410708739882333,4.14636054426279,-2.916790096186639,0.08225231799871911,-0.44906588448140466,23.594246448937778,-1.1320171361046292,0.03164378982505175,-3.450058168836203,0,0.4739895784159695,0.94498110256621,-0.13129949742880404,culvert_diversion,0,0,0,-9.210340371976182,-9.210340371976182,-9.210340371976182,-0.24954335540271758,-0.3336384980437742,-0.25991197094852375,-0.4166342281125043,-0.7119043022658508,-0.6342699898538559
snake_wilsonsouthpark_2022,lava_NA,0,108,0,snake_wilsonsouthpark,2022,65.33372895413697,0.15424099564552307,0.03712820915992983,4.179508425964538,-3.2933782435768575,0.10562573535417148,-0.9595635301695766,83.3306535591,0.4046696165406131,0,-9.210340371976182,0,-0.6819171054196009,-1.0910029067932832,-0.5580228640724171,culvert_diversion,0,1.3745704467353953e-5,1.3745704467353953e-5,-9.210340371976182,-9.081545263770613,-9.081545263770613,-0.24954335540271758,-0.3268581563591559,-0.259651202717231,-0.4166342281125043,-0.6037990234028876,-0.5732311706569175
snake_wilsonsouthpark_2022,leidy_NA,7.836005544657737e-5,108,0,snake_wilsonsouthpark,2022,10.736033129626785,0.0376180000603199,0.04548522459554739,2.3736056660690865,-3.090367739926582,-1.1677623891175724,-0.6843653199188215,101.15538065726491,0.8632010771079327,0,-9.210340371976182,1,-0.6819171054196009,-1.0910029067932832,-0.5580228640724171,connected,0,0,0,-9.210340371976182,-9.210340371976182,-9.210340371976182,-0.24954335540271758,-0.3336384980437742,-0.25991197094852375,-0.4166342281125043,-0.7119043022658508,-0.6342699898538559
snake_wilsonsouthpark_2022,littlegreys_steer,0.009758420400487001,108,1,snake_wilsonsouthpark,2022,179.34572943407238,0.18192599713802335,0.05653151460733583,5.1893153923430955,-2.872957015670742,0.8176663986453313,-0.38964637125004736,89.04542729621527,0.5516790789609941,0.01672746827853964,-4.084742711177624,1,-0.0708843405797834,0.7206504997199836,0.0820621858930025,connected,0,2.003345587130508e-4,2.003345587130508e-4,-9.210340371976182,-8.110613508966717,-8.110613508966717,-0.24954335540271758,-0.23481949880384692,-0.25611144630706323,-0.4166342281125043,0.21116087354017601,-0.11308537273228468
snake_wilsonsouthpark_2022,lowerbarbc_NA,0.08264932665058508,108,9,snake_wilsonsouthpark,2022,6.396831141622167,0.3782680034637451,0.2384034549706952,1.8558027336247136,-1.4337908515692135,-1.532878451639943,1.5612672292426015,19.65650742964477,-1.2333133418701152,0,-9.210340371976182,1,-0.6819171054196009,-1.0910029067932832,-0.5580228640724171,connected,0.3226711560044893,0,0.3226711560044893,-1.1308117022030537,-9.210340371976182,-1.1308117022030537,5.932833989816739,-0.3336384980437742,5.861446657145803,3.3206279528550064,-0.7119043022658508,3.1947953880300908
snake_wilsonsouthpark_2022,mosquito_NA,0.09337959829772982,108,10,snake_wilsonsouthpark,2022,61.64128666828233,0.5507169961929321,0.08812801689048827,4.121331884151681,-2.428964784217375,0.06460397099759342,0.21222331166889216,4.867499301094669,-1.6137525744137753,0.06489157212966175,-2.7334976770366906,1,1.6884880313851962,1.1982509340767773,0.29542386921480907,connected,0,1.4571312000932565e-5,1.4571312000932565e-5,-9.210340371976182,-9.07431311660181,-9.07431311660181,-0.24954335540271758,-0.3264509090486704,-0.2596355402084971,-0.4166342281125043,-0.59772865864017,-0.5698036979089801
snake_wilsonsouthpark_2022,northbuffalofork_NA,0,108,0,snake_wilsonsouthpark,2022,211.7277106985484,0.4812009930610657,0.10908345246553668,5.3553010656471765,-2.215642070739795,0.9347071330147165,0.5014006098839496,122.30640977496957,1.407299857438852,0.03778437868905201,-3.2732164236527206,1,0.6982973414818484,1.0074861939286666,1.1488706025020352,connected,0,4.2428973897695254e-6,4.2428973897695254e-6,-9.210340371976182,-9.168786830160125,-9.168786830160125,-0.24954335540271758,-0.33154560465269795,-0.25983147941383994,-0.4166342281125043,-0.67702598050072,-0.6145768573953277
snake_wilsonsouthpark_2022,deadman_greys,7.889019528567455e-6,108,0,snake_wilsonsouthpark,2022,42.60696343033698,0.05682190135121345,0.0415623772348318,3.7520177007230955,-3.1805599143188346,-0.19580888501031607,-0.8066285748986248,109.9753693310454,1.090090513703691,0.14082205153648392,-1.9595483674509768,1,4.462130162698441,1.471804965424821,0.7221472358584221,connected,0,0,0,-9.210340371976182,-9.210340371976182,-9.210340371976182,-0.24954335540271758,-0.3336384980437742,-0.25991197094852375,-0.4166342281125043,-0.7119043022658508,-0.6342699898538559
snake_wilsonsouthpark_2022,pacific_NA,4.911249465793027e-5,108,0,snake_wilsonsouthpark,2022,415.0574929301797,0.1369519978761673,0.04158214126053129,6.028417047816465,-3.1800845005109393,1.409338390644628,-0.8059841105644706,76.06789576665982,0.21783910183067803,0.01927443820739732,-3.9438006999103465,1,0.02215317422396,0.7704667536928741,1.1488706025020352,connected,0,1.0388508578094532e-4,1.0388508578094532e-4,-9.210340371976182,-8.49795402783129,-8.49795402783129,-0.24954335540271758,-0.2823951165784162,-0.2579411785354372,-0.4166342281125043,-0.11395671353421293,-0.2966545177722249
snake_wilsonsouthpark_2022,rock_NA,1.6976202973793111e-7,108,0,snake_wilsonsouthpark,2022,11.98579900144692,0.02564449980854988,0.01921974716928189,2.48372253245161,-3.9518170300904103,-1.090116176337176,-1.8521339752947334,77.66071440112681,0.2588134994110026,0,-9.210340371976182,1,-0.6819171054196009,-1.0910029067932832,-0.5580228640724171,connected,0,0,0,-9.210340371976182,-9.210340371976182,-9.210340371976182,-0.24954335540271758,-0.3336384980437742,-0.25991197094852375,-0.4166342281125043,-0.7119043022658508,-0.6342699898538559
snake_wilsonsouthpark_2022,shoal_NA,0.03905794943305251,108,4,snake_wilsonsouthpark,2022,82.64969488421343,0.1540520042181015,0.06550537569878219,4.414611132599159,-2.725623067971499,0.2714026538616901,-0.18992252451816394,47.61143187461727,-0.5141880354791994,0.01209925821747958,-4.40638013093737,1,-0.23994686353773353,0.6069670688829447,-0.3446611807506106,connected,0,0,0,-9.210340371976182,-9.210340371976182,-9.210340371976182,-0.24954335540271758,-0.3336384980437742,-0.25991197094852375,-0.4166342281125043,-0.7119043022658508,-0.6342699898538559
snake_wilsonsouthpark_2022,slate_NA,0,108,0,snake_wilsonsouthpark,2022,97.25682381756316,0.03599809855222702,0.03336693660136213,4.577355147826764,-3.4001897914108823,0.3861576123909513,-1.1043557762332283,65.18027481261483,-0.0622390564865716,0.01028205488054828,-4.567676455466213,0,-0.3063269493195021,0.5499565395498207,-0.3446611807506106,waterfall,0,7.388457382454261e-5,7.388457382454261e-5,-9.210340371976182,-8.657118847700668,-8.657118847700668,-0.24954335540271758,-0.29719346483775755,-0.2585103149125016,-0.4166342281125043,-0.24755307039032232,-0.3720862076700571
snake_wilsonsouthpark_2022,snakeriversidechannel_NA,0.01345984811890797,108,1,snake_wilsonsouthpark,2022,18.81037955717093,0.5644689798355103,0.3722616615355763,2.934408821587343,-0.9881582807479885,-0.7723257718965152,2.1653605333541472,39.25295484706276,-0.7292053346757481,0,-9.210340371976182,1,-0.6819171054196009,-1.0910029067932832,-0.5580228640724171,connected,0,1.4316392269148176e-4,1.4316392269148176e-4,-9.210340371976182,-8.321774763072561,-8.321774763072561,-0.24954335540271758,-0.2630200502905912,-0.25719602408717135,-0.4166342281125043,0.03392086358785493,-0.21315931024700205
snake_wilsonsouthpark_2022,spread_southfork,0,108,0,snake_wilsonsouthpark,2022,98.90320211647273,0.01897189952433109,0.03276703860723393,4.594141615419727,-3.41833218937435,0.3979941790984226,-1.1289493581387449,95.953815270785,0.7293936218372936,0.01011089609436867,-4.584299884313153,1,-0.31257915823746063,0.5440809532296494,-0.3446611807506106,connected,0,0,0,-9.210340371976182,-9.210340371976182,-9.210340371976182,-0.24954335540271758,-0.3336384980437742,-0.25991197094852375,-0.4166342281125043,-0.7119043022658508,-0.6342699898538559
snake_wilsonsouthpark_2022,spread_uppermainstem,0,108,0,snake_wilsonsouthpark,2022,202.6088598876728,0.07364709675312042,0.04527153653174867,5.3112773217946065,-3.095076776609305,0.9036648676936901,-0.6907488244360215,86.0221241640995,0.47390624163943335,0.02467809158381336,-3.697795420120856,1,0.2195416377886189,0.8574178436232227,0.5087855525366156,connected,0,3.546791040805831e-5,3.546791040805831e-5,-9.210340371976182,-8.90677576924841,-8.90677576924841,-0.24954335540271758,-0.31614324692898294,-0.25923911316326254,-0.4166342281125043,-0.4571047490217056,-0.49040408408578545
snake_wilsonsouthpark_2022,spring_nps,3.990780685102863e-5,108,0,snake_wilsonsouthpark,2022,4.013031939407464,0.25288400053977966,0.09214421894145744,1.3895470502382712,-2.384400332141274,-1.8616472333135063,0.2726342619972348,81.41938436435763,0.3555032505942436,0,-9.210340371976182,0,-0.6819171054196009,-1.0910029067932832,-0.5580228640724171,culvert_diversion,0,6.727965911639381e-4,6.727965911639381e-4,-9.210340371976182,-7.165494686095443,-7.165494686095443,-0.24954335540271758,-0.00176821935618749,-0.24714842161467337,-0.4166342281125043,1.0044544646450324,0.33482711208651617
snake_wilsonsouthpark_2022,spring_tss,0.009938646912659822,108,1,snake_wilsonsouthpark,2022,24.857829441667217,0.359358012676239,0.20042810356345644,3.2131727709942544,-1.6072996822611672,-0.5757621968310707,1.326061075814283,16.68886092504857,-1.309654442561642,0,-9.210340371976182,1,-0.6819171054196009,-1.0910029067932832,-0.5580228640724171,connected,0.18503922773780687,0.00325391373513142,0.1882931414729383,-1.6866471545853954,-5.6976273359084795,-1.6692243215739715,3.295807098937877,1.271419066583958,3.3121762827357326,3.0635210224964284,2.2365215162330907,2.9396298698282872
snake_wilsonsouthpark_2022,threechannel_NA,0.027436903186947647,108,3,snake_wilsonsouthpark,2022,32.364754827547884,0.2897590100765228,0.117843813057241,3.477070016734667,-2.138395149431708,-0.38968151393422557,0.6061154601460216,19.65002939751685,-1.2334799857416796,0,-9.210340371976182,1,-0.6819171054196009,-1.0910029067932832,-0.5580228640724171,connected,0.02484110022481889,0.01035277137861167,0.03519387160343057,-3.691238224834839,-4.560888132036704,-3.3440459390826396,0.2264119706386022,4.7730715651936615,0.4077470546159004,2.136278518465708,3.1906533178297867,2.1458952682386987
snake_wilsonsouthpark_2022,upperbarbc_NA,0.020284244176012496,108,2,snake_wilsonsouthpark,2022,5.737050517642647,0.4632450044155121,0.3517652148147659,1.7469452311662268,-1.044791329296893,-1.609636654777257,2.0885895617961863,38.69963907939096,-0.7434390834287149,0,-9.210340371976182,1,-0.6819171054196009,-1.0910029067932832,-0.5580228640724171,connected,0,6.263701847792045e-4,6.263701847792045e-4,-9.210340371976182,-7.22745077670238,-7.22745077670238,-0.24954335540271758,-0.024668966220421217,-0.2480291718088142,-0.4166342281125043,0.9524510885414027,0.30546476544622353
snake_wilsonsouthpark_2022,white_NA,2.2690357320614515e-4,108,0,snake_wilsonsouthpark,2022,32.672161808639686,0.1206509992480278,0.06405398730038497,3.4865233944871217,-2.7480289996436165,-0.3830156960211845,-0.22029569331631507,98.63064322345744,0.7982535726273782,0.06121419242821969,-2.7917439387230294,1,1.5541581107467735,1.1776636688671474,-0.13129949742880404,connected,0,0,0,-9.210340371976182,-9.210340371976182,-9.210340371976182,-0.24954335540271758,-0.3336384980437742,-0.25991197094852375,-0.4166342281125043,-0.7119043022658508,-0.6342699898538559
snake_wilsonsouthpark_2022,willow_NA,0.08760871008034149,108,9,snake_wilsonsouthpark,2022,185.7033360595004,0.3712950050830841,0.07220654056398042,5.224150432976511,-2.6282246476575253,0.8422294748215096,-0.057890582969804004,29.918310160580123,-0.9693340187446622,0.01076986575706528,-4.521760927781279,1,-0.2885078494034962,0.5661854805723404,-0.13129949742880404,connected,0,1.934516612661411e-5,1.934516612661411e-5,-9.210340371976182,-9.03349070766187,-9.03349070766187,-0.24954335540271758,-0.32409611070410244,-0.2595449759526047,-0.4166342281125043,-0.5634640195261876,-0.5504570653141193
snake_deadmansmoose_2022,bailey_NA,0,76,0,snake_deadmansmoose,2022,41.571436204356225,0.00952018983662128,0.02815868421076803,3.7274133017261057,-3.5698994742538495,-0.21315807467230266,-1.3344118577700934,84.45438197586344,0.4335769220708386,0,-9.210340371976182,1,-0.6819171054196009,-1.0910029067932832,-0.5580228640724171,connected,0,0,0,-9.210340371976182,-9.210340371976182,-9.210340371976182,-0.24954335540271758,-0.3336384980437742,-0.25991197094852375,-0.4166342281125043,-0.7119043022658508,-0.6342699898538559
snake_deadmansmoose_2022,blackrock_lower,0,76,0,snake_deadmansmoose,2022,124.92159198396442,0.13935300707817078,0.04385356876906868,4.8276862763615664,-3.1268991776359423,0.5626724798250547,-0.7338868278937084,52.1917748672894,-0.3963611901781308,0.02401506378805271,-3.7249185803038998,1,0.19532209060651237,0.8478311049065204,0.0820621858930025,connected,0,8.272310060567697e-4,8.272310060567697e-4,-9.210340371976182,-6.983307825970708,-6.983307825970708,-0.24954335540271758,0.0744096224797411,-0.24421866349874877,-0.4166342281125043,1.157374568470067,0.42116945047302
snake_deadmansmoose_2022,blackrock_upper,1.0100123197341844e-4,76,0,snake_deadmansmoose,2022,80.686204569364,0.1924089938402176,0.06852655983759876,4.390567613566922,-2.6805338740082356,0.25444895497707576,-0.12880024139868984,70.41749585009123,0.07248562111453336,0.02478738479117143,-3.6933942387870102,1,0.22353397718859186,0.8589734505365639,-0.13129949742880404,connected,0,4.900268401064695e-4,4.900268401064695e-4,-9.210340371976182,-7.435342530393345,-7.435342530393345,-0.24954335540271758,-0.09192302842584753,-0.2506157262428401,-0.4166342281125043,0.7779553618077346,0.20694031569908214
snake_deadmansmoose_2022,blacktail_NA,0.162498539927754,76,12,snake_deadmansmoose,2022,61.14455063095294,0.17830100655555725,0.2664974502977697,4.1132407433781335,-1.3223906027849708,0.05889870114404863,1.7122798543810784,7.495611002680863,-1.5461458228250542,0,-9.210340371976182,1,-0.6819171054196009,-1.0910029067932832,-0.5580228640724171,connected,0,1.46864444118079e-4,1.46864444118079e-4,-9.210340371976182,-8.306671181225756,-8.306671181225756,-0.24954335540271758,-0.2611946946136107,-0.2571258219065871,-0.4166342281125043,0.04659818456787542,-0.20600139241597806
snake_deadmansmoose_2022,blindbull_NA,0,76,0,snake_deadmansmoose,2022,36.35174492325697,0.04732979834079742,0.07027445956149014,3.5932422062182408,-2.6553468525572104,-0.3077655382972935,-0.09465706604452084,156.93987849334107,2.2982271018499256,0.08252698753067757,-2.493418926265378,1,2.332686929398121,1.2831072797070224,0.0820621858930025,connected,0,4.9432759089448577e-5,4.9432759089448577e-5,-9.210340371976182,-8.80866403828822,-8.80866403828822,-0.24954335540271758,-0.30925480800912264,-0.25897418757144836,-0.4166342281125043,-0.37475382604836954,-0.44390678857034355
snake_deadmansmoose_2022,cody_bluecrane,2.5114802425328715e-5,76,0,snake_deadmansmoose,2022,18.511707107521175,0.5193600058555603,0.29697441361563093,2.918403348563038,-1.214109293332834,-0.7836116394018523,1.8590644888164,56.9086052154098,-0.27502328150436667,0,-9.210340371976182,1,-0.6819171054196009,-1.0910029067932832,-0.5580228640724171,connected,0.08362064779293935,0.00689554703054436,0.0905161948234837,-2.4802696438215244,-4.9624814708424285,-2.401122331096148,1.3526277370157538,3.067727003483424,1.457260698049786,2.696423455767853,2.8535725040786315,2.5927673927028443
snake_deadmansmoose_2022,boulder_NA,0,76,0,snake_deadmansmoose,2022,53.69998009443431,0.1402049958705902,0.04973721661138328,3.983412630833825,-3.0010018009305037,-0.032646414356009776,-0.5632220981303292,92.50694145758364,0.6407246579168765,0,-9.210340371976182,1,-0.6819171054196009,-1.0910029067932832,-0.5580228640724171,connected,0,1.338956952533976e-4,1.338956952533976e-4,-9.210340371976182,-8.360635288761552,-8.360635288761552,-0.24954335540271758,-0.26759178751877144,-0.2573718505995184,-0.4166342281125043,0.0013029480093809025,-0.23157616345265597
snake_deadmansmoose_2022,box_NA,1.6299102539457078e-4,76,0,snake_deadmansmoose,2022,29.14147010476363,0.05944409966468811,0.02514578939696184,3.372162249211866,-3.6830648160565183,-0.4636546581671469,-1.487817218411723,63.825557420064456,-0.0970884284427921,0,-9.210340371976182,0,-0.6819171054196009,-1.0910029067932832,-0.5580228640724171,low flow,0,0,0,-9.210340371976182,-9.210340371976182,-9.210340371976182,-0.24954335540271758,-0.3336384980437742,-0.25991197094852375,-0.4166342281125043,-0.7119043022658508,-0.6342699898538559
snake_deadmansmoose_2022,cabin_NA,1.2809039485604527e-4,76,0,snake_deadmansmoose,2022,23.51004271715979,0.0558410994708538,0.04978562821142316,3.1574276795286256,-3.0000289267337403,-0.6150694834947404,-0.5619032834240238,82.5670514755518,0.3850263660867171,0,-9.210340371976182,1,-0.6819171054196009,-1.0910029067932832,-0.5580228640724171,connected,0,0,0,-9.210340371976182,-9.210340371976182,-9.210340371976182,-0.24954335540271758,-0.3336384980437742,-0.25991197094852375,-0.4166342281125043,-0.7119043022658508,-0.6342699898538559
snake_deadmansmoose_2022,clear_NA,3.1761180315793014e-5,76,0,snake_deadmansmoose,2022,16.604101618688585,0.07531759887933731,0.02877694341500888,2.8096497503050797,-3.548180788339982,-0.860296577035633,-1.304970309746593,65.87641578531638,-0.044331206609506076,0,-9.210340371976182,1,-0.6819171054196009,-1.0910029067932832,-0.5580228640724171,connected,0,5.4124269322364146e-5,5.4124269322364146e-5,-9.210340371976182,-8.777751337302915,-8.777751337302915,-0.24954335540271758,-0.30694062742481,-0.25888518545239114,-0.4166342281125043,-0.34880698531052073,-0.42925658335199407
snake_deadmansmoose_2022,cliff_NA,0,76,0,snake_deadmansmoose,2022,158.3813173763604,0.2303059995174408,0.0598667292930114,5.065005526567855,-2.8156343656856224,0.7300123397733954,-0.31194058559320764,95.2848505254179,0.7121848657047634,0.05682488407779412,-2.866022703436794,1,1.3938223580533489,1.151409681326439,1.3622322858238418,connected,0,1.701915221929745e-4,1.701915221929745e-4,-9.210340371976182,-8.21637950897418,-8.21637950897418,-0.24954335540271758,-0.24968815013440973,-0.25668328650178013,-0.4166342281125043,0.12238527418451206,-0.16321019378787024
snake_deadmansmoose_2022,fall_coburn,0,76,0,snake_deadmansmoose,2022,116.5315084203892,0.2628070116043091,0.10592850612511062,4.75816169498255,-2.2449908829454603,0.5136489231569016,0.46161576896804113,68.97165670961705,0.03529219149421252,0.00858137008226551,-4.746575919186889,0,-0.36845076370144103,0.4867241431891463,-0.3446611807506106,waterfall,0,1.2334543660430012e-4,1.2334543660430012e-4,-9.210340371976182,-8.406790941965202,-8.406790941965202,-0.24954335540271758,-0.27279591209979054,-0.25757199838344175,-0.4166342281125043,-0.03743819542534349,-0.2534503371698559
snake_deadmansmoose_2022,cottonwood_grosventre,0,76,0,snake_deadmansmoose,2022,89.17802924901731,0.14260199666023254,0.07427305852988855,4.490634700379434,-2.6000069969197113,0.3250088117020927,-0.019639128779508592,90.72696989217776,0.5949358524468684,0.02242704864463058,-3.7930385298063016,0,0.13731395288147488,0.8237539637154752,-0.13129949742880404,low flow,2.0141392575882696e-5,0,2.0141392575882696e-5,-9.026841237333569,-9.210340371976182,-9.026841237333569,-0.24915744644604412,-0.3336384980437742,-0.25952987082915485,-0.33175497287751304,-0.7119043022658508,-0.5473057358670669
snake_deadmansmoose_2022,cottonwood_nps,0.0214216203836187,76,2,snake_deadmansmoose,2022,187.15270214946145,0.4438450038433075,0.15160907633961737,5.2319248726617085,-1.8864499372519228,0.8477114306551253,0.9476488794836052,6.4275082145075775,-1.573622189155933,0.07480522503393781,-2.591531630759407,1,2.05062094013706,1.2484291354043062,2.4290407024328746,connected,4.801044707328315e-6,4.0328775541557846e-4,4.080888001229067e-4,-9.16344681754564,-7.5943484730779875,-7.584854322270576,-0.24945136741594023,-0.1347088043758597,-0.2521701636900334,-0.39494317227653003,0.6444923598794643,0.13608340692861376
snake_deadmansmoose_2022,cowboycabin_NA,0.005920078348727388,76,0,snake_deadmansmoose,2022,6.639295264034606,NA,0.15103490929646746,1.8930058229210844,-1.890244281493076,-1.5066456039165121,0.942505319296003,2.4766812803618685,-1.6752550744498145,0,-9.210340371976182,1,-0.6819171054196009,-1.0910029067932832,-0.5580228640724171,connected,0,0,0,-9.210340371976182,-9.210340371976182,-9.210340371976182,-0.24954335540271758,-0.3336384980437742,-0.25991197094852375,-0.4166342281125043,-0.7119043022658508,-0.6342699898538559
snake_deadmansmoose_2022,crystal_lower,1.317341759741714e-4,76,0,snake_deadmansmoose,2022,185.11488744216464,0.08405669778585434,0.05345949334579199,5.220976645530312,-2.9288310455741864,0.8399915562949208,-0.4653884277074507,68.77686669260154,0.03028132369723802,0,-9.210340371976182,0,-0.6819171054196009,-1.0910029067932832,-0.5580228640724171,low flow,0.00159203207362177,1.4561268966052827e-4,0.0017376447632823,-6.381825061936533,-8.311754695027139,-6.299270547241813,-0.21904003075883446,-0.26181214735658187,-0.22694730532426494,0.8917222031291218,0.0423312936528489,0.745349680312629
snake_deadmansmoose_2022,crystal_upper,1.5521510335675027e-4,76,0,snake_deadmansmoose,2022,155.6115004101287,0.01565520092844963,0.0350789321250407,5.047362519103877,-3.350154553074885,0.7175718049431052,-1.0365287042741476,77.49725044470021,0.2546084775737753,0,-9.210340371976182,0,-0.6819171054196009,-1.0910029067932832,-0.5580228640724171,waterfall,0,0,0,-9.210340371976182,-9.210340371976182,-9.210340371976182,-0.24954335540271758,-0.3336384980437742,-0.25991197094852375,-0.4166342281125043,-0.7119043022658508,-0.6342699898538559
snake_deadmansmoose_2022,deadmansbar_NA,0,76,0,snake_deadmansmoose,2022,11.761208318342591,0.4607529938220978,0.12284876516395296,2.464806685350634,-2.096801231640941,-1.1034542228796713,0.6624995955849202,10.72287918832195,-1.4631260948564389,0,-9.210340371976182,1,-0.6819171054196009,-1.0910029067932832,-0.5580228640724171,connected,0.00183668783959592,0.00107140123976429,0.00290808907936022,-6.246776064180481,-6.749554605947969,-5.806450259184024,-0.2143524278021114,0.19485143888006076,-0.20474293632628776,0.954190390633608,1.353577338806193,0.9789079953639275
snake_deadmansmoose_2022,dell_NA,0,76,0,snake_deadmansmoose,2022,118.1568591435451,0.21458500623703003,0.05066461454892191,4.772013056484806,-2.9825275499481214,0.5234158716529316,-0.5381786608960017,103.2869119127605,0.9180335653948308,0.00846332584708545,-4.760266630750077,1,-0.37276276682076614,0.48188513203719124,-0.3446611807506106,connected,0.02027330174976997,5.170984692364432e-4,0.02079040021900641,-3.8935299730335315,-7.390481953216503,-3.868465545195727,0.13889298022324095,-0.07856940978109699,0.13450040026564955,2.0427065626048213,0.815609472070334,1.8973613451196976
snake_deadmansmoose_2022,ditch_NA,1.0566150423741857e-4,76,0,snake_deadmansmoose,2022,67.69148631266991,0.03313380107283592,0.03794501053647849,4.214960415919721,-3.271617258448648,0.13062383824230042,-0.9300646419204589,21.524590436401407,-1.185257917243878,0.01477290652743177,-4.208214075106562,0,-0.14228195144010805,0.6770092832469276,-0.3446611807506106,low flow,0,0,0,-9.210340371976182,-9.210340371976182,-9.210340371976182,-0.24954335540271758,-0.3336384980437742,-0.25991197094852375,-0.4166342281125043,-0.7119043022658508,-0.6342699898538559
snake_deadmansmoose_2022,dog_NA,2.74942551846019e-4,76,0,snake_deadmansmoose,2022,31.090483742564395,0.06368420273065567,0.06185985047343163,3.4369017833759394,-2.7828839289051213,-0.4180051604095067,-0.26754454979768644,77.3493999887125,0.2508051045876853,0.03216418272163939,-3.433797558098338,1,0.49299885735227406,0.9507284500532249,-0.3446611807506106,connected,0,0,0,-9.210340371976182,-9.210340371976182,-9.210340371976182,-0.24954335540271758,-0.3336384980437742,-0.25991197094852375,-0.4166342281125043,-0.7119043022658508,-0.6342699898538559
snake_deadmansmoose_2022,fish_grosventre,5.565634353058133e-5,76,0,snake_deadmansmoose,2022,587.8758585030148,0.0790754035115242,0.05700038366984491,6.376515800613735,-2.8646972801203296,1.6547917050750964,-0.37844958881885943,91.92943925367771,0.6258687261778099,0.0136083152323544,-4.289752679001736,0,-0.1848229640482416,0.6481892900900684,1.1488706025020352,low flow,4.584436144917083e-6,1.11554612859649e-4,1.161390490045661e-4,-9.16551581143003,-8.461027375979677,-8.439588612003783,-0.24945551763465085,-0.2786119700487823,-0.2577087099614373,-0.39590020490959804,-0.08296201154970495,-0.26899387045662126
snake_deadmansmoose_2022,fish_NA,0.14212433108625885,76,11,snake_deadmansmoose,2022,233.3741440851509,0.18696600198745728,0.19327329665870344,5.452642934303585,-1.643650046859559,1.0033453688675344,1.2767850280257762,45.49933474542233,-0.5685205913818085,0.02999475382091136,-3.5034044140819387,1,0.4137524276318896,0.926125758600513,0.9355089191802287,connected,0.03691386252184423,0.00802943870913108,0.04494330123097531,-3.296462773753929,-4.812263397273023,-3.1001310022999364,0.45772602127630674,3.62704159026381,0.5927024002022878,2.3188856263306405,2.979659332683629,2.261491892467229
snake_deadmansmoose_2022,spreadnf_flagstaff,0,76,0,snake_deadmansmoose,2022,62.105753464464634,0.05579309910535812,0.07693418338645021,4.12883863302891,-2.564804983860054,0.06989717121077008,0.02808022966280149,53.17083730097065,-0.3711753387914537,0.04830470339139393,-3.02815829247284,1,1.0825911857650083,1.0941025121663015,0.0820621858930025,connected,0,7.227731359680823e-5,7.227731359680823e-5,-9.210340371976182,-8.666405091138806,-8.666405091138806,-0.24954335540271758,-0.29798627786134746,-0.2585408060675972,-0.4166342281125043,-0.25534755847652363,-0.37648716157379225
snake_deadmansmoose_2022,flat_NA,2.06693766107347e-4,76,0,snake_deadmansmoose,2022,173.36864105262885,0.4952880144119262,0.23744731527971188,5.155420200544216,-1.437809510516657,0.79376603386828,1.555819591164476,86.52941390269902,0.48695599569680686,0,-9.210340371976182,1,-0.6819171054196009,-1.0910029067932832,-0.5580228640724171,connected,0,1.0364036792330612e-4,1.0364036792330612e-4,-9.210340371976182,-8.4991550221978,-8.4991550221978,-0.24954335540271758,-0.28251582852119533,-0.25794582105070835,-0.4166342281125043,-0.11496477845774382,-0.29722369527450193
snake_deadmansmoose_2022,fordspring_NA,0,76,0,snake_deadmansmoose,2022,0.371298460979693,0.36350199580192566,0.3083825652441645,-0.9907490627586949,-1.1764141718217336,-3.540054770157885,1.910163470339593,47.46374554395788,-0.5179871864300182,0,-9.210340371976182,1,-0.6819171054196009,-1.0910029067932832,-0.5580228640724171,connected,0,0,0,-9.210340371976182,-9.210340371976182,-9.210340371976182,-0.24954335540271758,-0.3336384980437742,-0.25991197094852375,-0.4166342281125043,-0.7119043022658508,-0.6342699898538559
snake_deadmansmoose_2022,goosewing_NA,1.2463868808602755e-4,76,0,snake_deadmansmoose,2022,40.396075600271566,0.12725499272346497,0.04498435530865712,3.698732641641705,-3.1014405094671185,-0.23338154005733883,-0.6993754120336815,87.41670747294091,0.5097811427228667,0,-9.210340371976182,0,-0.6819171054196009,-1.0910029067932832,-0.5580228640724171,low flow,0,0,0,-9.210340371976182,-9.210340371976182,-9.210340371976182,-0.24954335540271758,-0.3336384980437742,-0.25991197094852375,-0.4166342281125043,-0.7119043022658508,-0.6342699898538559
snake_deadmansmoose_2022,granite_lower,3.6419170102724925e-4,76,0,snake_deadmansmoose,2022,220.38266084017036,0.4365609884262085,0.07926979243391333,5.395365402859918,-2.5348981506061192,0.9629575196659279,0.06862151613696778,89.05550148041728,0.5519382318989736,0.01361268617305474,-4.289433876586555,1,-0.18466329924203148,0.6483019714825007,0.0820621858930025,connected,0,1.7526340459353155e-4,1.7526340459353155e-4,-9.210340371976182,-8.197782083843256,-8.197782083843256,-0.24954335540271758,-0.24718634342514625,-0.25658706838461787,-0.4166342281125043,0.13799518249487042,-0.1543964671959935
snake_deadmansmoose_2022,granite_upper,1.7358749485184294e-4,76,0,snake_deadmansmoose,2022,131.17478860877102,0.06855929642915726,0.05121030340437559,4.876530698050768,-2.9718145288156883,0.5971139281172764,-0.5236562387108771,104.04775280709262,0.9376057857500794,0.02287024840533575,-3.7735554480019577,1,0.15350346647974358,0.8306403004621478,0.0820621858930025,connected,0,0,0,-9.210340371976182,-9.210340371976182,-9.210340371976182,-0.24954335540271758,-0.3336384980437742,-0.25991197094852375,-0.4166342281125043,-0.7119043022658508,-0.6342699898538559
snake_deadmansmoose_2022,grosventre_lower,0.07548098311750434,76,6,snake_deadmansmoose,2022,1589.6465467527958,0.11285000294446944,0.12772197756082734,7.371266972862744,-2.0578994276911646,2.3562161436863795,0.7152343390095599,35.76593183833315,-0.8189071149284874,0.01761397843891535,-4.033401208773123,0,-0.03850127188504782,0.7387972630599943,5.416104268938166,low flow,4.402174527288961e-4,8.985182924761807e-5,5.300692819765142e-4,-7.523538809225212,-8.569266636107082,-7.369680773233814,-0.2411087917422351,-0.2893172990296571,-0.2498560855297801,0.36361174228060683,-0.17381356300240194,0.2380588587808339
snake_deadmansmoose_2022,hoback_upper,0,76,0,snake_deadmansmoose,2022,114.07783296671197,0.13229399919509888,0.0672652044873204,4.736880960751974,-2.699112197023675,0.4986433343450082,-0.1539847572310184,134.68010421198858,1.7256064520685204,0.03506377966670531,-3.3477387128897176,1,0.598917380631602,0.981146132126715,0.29542386921480907,connected,0,4.72481868508296e-5,4.72481868508296e-5,-9.210340371976182,-8.823391048915319,-8.823391048915319,-0.24954335540271758,-0.310332391646087,-0.25901563084852075,-0.4166342281125043,-0.3871150687449412,-0.4508862410627788
snake_deadmansmoose_2022,horse_NA,1.408599778533079e-4,76,0,snake_deadmansmoose,2022,63.20355466451241,0.3199459910392761,0.05410708739882333,4.14636054426279,-2.916790096186639,0.08225231799871911,-0.44906588448140466,68.19787838452241,0.01538716273236928,0.03164378982505175,-3.450058168836203,0,0.4739895784159695,0.94498110256621,-0.13129949742880404,culvert_diversion,0,0,0,-9.210340371976182,-9.210340371976182,-9.210340371976182,-0.24954335540271758,-0.3336384980437742,-0.25991197094852375,-0.4166342281125043,-0.7119043022658508,-0.6342699898538559
snake_deadmansmoose_2022,lava_NA,0,76,0,snake_deadmansmoose,2022,65.33372895413697,0.15424099564552307,0.03712820915992983,4.179508425964538,-3.2933782435768575,0.10562573535417148,-0.9595635301695766,38.727021623515355,-0.7427346822963856,0,-9.210340371976182,0,-0.6819171054196009,-1.0910029067932832,-0.5580228640724171,culvert_diversion,0,1.3745704467353953e-5,1.3745704467353953e-5,-9.210340371976182,-9.081545263770613,-9.081545263770613,-0.24954335540271758,-0.3268581563591559,-0.259651202717231,-0.4166342281125043,-0.6037990234028876,-0.5732311706569175
snake_deadmansmoose_2022,leidy_NA,5.612718550560156e-5,76,0,snake_deadmansmoose,2022,10.736033129626785,0.0376180000603199,0.04548522459554739,2.3736056660690865,-3.090367739926582,-1.1677623891175724,-0.6843653199188215,56.55174872168028,-0.28420322172906576,0,-9.210340371976182,1,-0.6819171054196009,-1.0910029067932832,-0.5580228640724171,connected,0,0,0,-9.210340371976182,-9.210340371976182,-9.210340371976182,-0.24954335540271758,-0.3336384980437742,-0.25991197094852375,-0.4166342281125043,-0.7119043022658508,-0.6342699898538559
snake_deadmansmoose_2022,littlegreys_steer,2.827777845074441e-4,76,0,snake_deadmansmoose,2022,179.34572943407238,0.18192599713802335,0.05653151460733583,5.1893153923430955,-2.872957015670742,0.8176663986453313,-0.38964637125004736,133.64905923179987,1.6990833777979917,0.01672746827853964,-4.084742711177624,1,-0.0708843405797834,0.7206504997199836,0.0820621858930025,connected,0,2.003345587130508e-4,2.003345587130508e-4,-9.210340371976182,-8.110613508966717,-8.110613508966717,-0.24954335540271758,-0.23481949880384692,-0.25611144630706323,-0.4166342281125043,0.21116087354017601,-0.11308537273228468
snake_deadmansmoose_2022,lowerbarbc_NA,0.0011410735726738656,76,0,snake_deadmansmoose,2022,6.396831141622167,0.3782680034637451,0.2384034549706952,1.8558027336247136,-1.4337908515692135,-1.532878451639943,1.5612672292426015,27.582509389365345,-1.0294212298038232,0,-9.210340371976182,1,-0.6819171054196009,-1.0910029067932832,-0.5580228640724171,connected,0.3226711560044893,0,0.3226711560044893,-1.1308117022030537,-9.210340371976182,-1.1308117022030537,5.932833989816739,-0.3336384980437742,5.861446657145803,3.3206279528550064,-0.7119043022658508,3.1947953880300908
snake_deadmansmoose_2022,mosquito_NA,0.03233038927279089,76,2,snake_deadmansmoose,2022,61.64128666828233,0.5507169961929321,0.08812801689048827,4.121331884151681,-2.428964784217375,0.06460397099759342,0.21222331166889216,45.558752998071384,-0.5669920889805384,0.06489157212966175,-2.7334976770366906,1,1.6884880313851962,1.1982509340767773,0.29542386921480907,connected,0,1.4571312000932565e-5,1.4571312000932565e-5,-9.210340371976182,-9.07431311660181,-9.07431311660181,-0.24954335540271758,-0.3264509090486704,-0.2596355402084971,-0.4166342281125043,-0.59772865864017,-0.5698036979089801
snake_deadmansmoose_2022,northbuffalofork_NA,0,76,0,snake_deadmansmoose,2022,211.7277106985484,0.4812009930610657,0.10908345246553668,5.3553010656471765,-2.215642070739795,0.9347071330147165,0.5014006098839496,77.70277783938494,0.25989555860185365,0.03778437868905201,-3.2732164236527206,1,0.6982973414818484,1.0074861939286666,1.1488706025020352,connected,0,4.2428973897695254e-6,4.2428973897695254e-6,-9.210340371976182,-9.168786830160125,-9.168786830160125,-0.24954335540271758,-0.33154560465269795,-0.25983147941383994,-0.4166342281125043,-0.67702598050072,-0.6145768573953277
snake_deadmansmoose_2022,deadman_greys,1.9898354132140647e-4,76,0,snake_deadmansmoose,2022,42.60696343033698,0.05682190135121345,0.0415623772348318,3.7520177007230955,-3.1805599143188346,-0.19580888501031607,-0.8066285748986248,154.57900126663003,2.2374948125406893,0.14082205153648392,-1.9595483674509768,1,4.462130162698441,1.471804965424821,0.7221472358584221,connected,0,0,0,-9.210340371976182,-9.210340371976182,-9.210340371976182,-0.24954335540271758,-0.3336384980437742,-0.25991197094852375,-0.4166342281125043,-0.7119043022658508,-0.6342699898538559
snake_deadmansmoose_2022,pacific_NA,0.05728222999631549,76,4,snake_deadmansmoose,2022,415.0574929301797,0.1369519978761673,0.04158214126053129,6.028417047816465,-3.1800845005109393,1.409338390644628,-0.8059841105644706,31.464263831075172,-0.9295651970063207,0.01927443820739732,-3.9438006999103465,1,0.02215317422396,0.7704667536928741,1.1488706025020352,connected,0,1.0388508578094532e-4,1.0388508578094532e-4,-9.210340371976182,-8.49795402783129,-8.49795402783129,-0.24954335540271758,-0.2823951165784162,-0.2579411785354372,-0.4166342281125043,-0.11395671353421293,-0.2966545177722249
snake_deadmansmoose_2022,rock_NA,6.204591516270784e-5,76,0,snake_deadmansmoose,2022,11.98579900144692,0.02564449980854988,0.01921974716928189,2.48372253245161,-3.9518170300904103,-1.090116176337176,-1.8521339752947334,33.05708246554217,-0.888590799425996,0,-9.210340371976182,1,-0.6819171054196009,-1.0910029067932832,-0.5580228640724171,connected,0,0,0,-9.210340371976182,-9.210340371976182,-9.210340371976182,-0.24954335540271758,-0.3336384980437742,-0.25991197094852375,-0.4166342281125043,-0.7119043022658508,-0.6342699898538559
snake_deadmansmoose_2022,shoal_NA,0,76,0,snake_deadmansmoose,2022,82.64969488421343,0.1540520042181015,0.06550537569878219,4.414611132599159,-2.725623067971499,0.2714026538616901,-0.18992252451816394,92.2150638102019,0.633216263357799,0.01209925821747958,-4.40638013093737,1,-0.23994686353773353,0.6069670688829447,-0.3446611807506106,connected,0,0,0,-9.210340371976182,-9.210340371976182,-9.210340371976182,-0.24954335540271758,-0.3336384980437742,-0.25991197094852375,-0.4166342281125043,-0.7119043022658508,-0.6342699898538559
snake_deadmansmoose_2022,slate_NA,7.535683503158282e-5,76,0,snake_deadmansmoose,2022,97.25682381756316,0.03599809855222702,0.03336693660136213,4.577355147826764,-3.4001897914108823,0.3861576123909513,-1.1043557762332283,73.10627677233539,0.14165305557972013,0.01028205488054828,-4.567676455466213,0,-0.3063269493195021,0.5499565395498207,-0.3446611807506106,waterfall,0,7.388457382454261e-5,7.388457382454261e-5,-9.210340371976182,-8.657118847700668,-8.657118847700668,-0.24954335540271758,-0.29719346483775755,-0.2585103149125016,-0.4166342281125043,-0.24755307039032232,-0.3720862076700571
snake_deadmansmoose_2022,snakeriversidechannel_NA,0.1668267932046251,76,13,snake_deadmansmoose,2022,18.81037955717093,0.5644689798355103,0.3722616615355763,2.934408821587343,-0.9881582807479885,-0.7723257718965152,2.1653605333541472,6.712200490790223,-1.566298634380749,0,-9.210340371976182,1,-0.6819171054196009,-1.0910029067932832,-0.5580228640724171,connected,0,1.4316392269148176e-4,1.4316392269148176e-4,-9.210340371976182,-8.321774763072561,-8.321774763072561,-0.24954335540271758,-0.2630200502905912,-0.25719602408717135,-0.4166342281125043,0.03392086358785493,-0.21315931024700205
snake_deadmansmoose_2022,spread_southfork,0,76,0,snake_deadmansmoose,2022,98.90320211647273,0.01897189952433109,0.03276703860723393,4.594141615419727,-3.41833218937435,0.3979941790984226,-1.1289493581387449,51.350183335200335,-0.4180106769997057,0.01011089609436867,-4.584299884313153,1,-0.31257915823746063,0.5440809532296494,-0.3446611807506106,connected,0,0,0,-9.210340371976182,-9.210340371976182,-9.210340371976182,-0.24954335540271758,-0.3336384980437742,-0.25991197094852375,-0.4166342281125043,-0.7119043022658508,-0.6342699898538559
snake_deadmansmoose_2022,spread_uppermainstem,0,76,0,snake_deadmansmoose,2022,202.6088598876728,0.07364709675312042,0.04527153653174867,5.3112773217946065,-3.095076776609305,0.9036648676936901,-0.6907488244360215,41.41849222851486,-0.6734980571975653,0.02467809158381336,-3.697795420120856,1,0.2195416377886189,0.8574178436232227,0.5087855525366156,connected,0,3.546791040805831e-5,3.546791040805831e-5,-9.210340371976182,-8.90677576924841,-8.90677576924841,-0.24954335540271758,-0.31614324692898294,-0.25923911316326254,-0.4166342281125043,-0.4571047490217056,-0.49040408408578545
snake_deadmansmoose_2022,spring_nps,8.95802258140242e-5,76,0,snake_deadmansmoose,2022,4.013031939407464,0.25288400053977966,0.09214421894145744,1.3895470502382712,-2.384400332141274,-1.8616472333135063,0.2726342619972348,36.81575242877299,-0.791901048242755,0,-9.210340371976182,0,-0.6819171054196009,-1.0910029067932832,-0.5580228640724171,culvert_diversion,0,6.727965911639381e-4,6.727965911639381e-4,-9.210340371976182,-7.165494686095443,-7.165494686095443,-0.24954335540271758,-0.00176821935618749,-0.24714842161467337,-0.4166342281125043,1.0044544646450324,0.33482711208651617
snake_deadmansmoose_2022,spring_tss,0,76,0,snake_deadmansmoose,2022,24.857829441667217,0.359358012676239,0.20042810356345644,3.2131727709942544,-1.6072996822611672,-0.5757621968310707,1.326061075814283,61.29249286063321,-0.16225014372464347,0,-9.210340371976182,1,-0.6819171054196009,-1.0910029067932832,-0.5580228640724171,connected,0.18503922773780687,0.00325391373513142,0.1882931414729383,-1.6866471545853954,-5.6976273359084795,-1.6692243215739715,3.295807098937877,1.271419066583958,3.3121762827357326,3.0635210224964284,2.2365215162330907,2.9396298698282872
snake_deadmansmoose_2022,threechannel_NA,0.11046153427242421,76,8,snake_deadmansmoose,2022,32.364754827547884,0.2897590100765228,0.117843813057241,3.477070016734667,-2.138395149431708,-0.38968151393422557,0.6061154601460216,25.063804805623143,-1.0942135424805102,0,-9.210340371976182,1,-0.6819171054196009,-1.0910029067932832,-0.5580228640724171,connected,0.02484110022481889,0.01035277137861167,0.03519387160343057,-3.691238224834839,-4.560888132036704,-3.3440459390826396,0.2264119706386022,4.7730715651936615,0.4077470546159004,2.136278518465708,3.1906533178297867,2.1458952682386987
snake_deadmansmoose_2022,upperbarbc_NA,0.15948875571921647,76,12,snake_deadmansmoose,2022,5.737050517642647,0.4632450044155121,0.3517652148147659,1.7469452311662268,-1.044791329296893,-1.609636654777257,2.0885895617961863,6.444855234876355,-1.5731759464425168,0,-9.210340371976182,1,-0.6819171054196009,-1.0910029067932832,-0.5580228640724171,connected,0,6.263701847792045e-4,6.263701847792045e-4,-9.210340371976182,-7.22745077670238,-7.22745077670238,-0.24954335540271758,-0.024668966220421217,-0.2480291718088142,-0.4166342281125043,0.9524510885414027,0.30546476544622353
snake_deadmansmoose_2022,white_NA,1.0601780732349507e-4,76,0,snake_deadmansmoose,2022,32.672161808639686,0.1206509992480278,0.06405398730038497,3.4865233944871217,-2.7480289996436165,-0.3830156960211845,-0.22029569331631507,143.23427515904203,1.9456578714643755,0.06121419242821969,-2.7917439387230294,1,1.5541581107467735,1.1776636688671474,-0.13129949742880404,connected,0,0,0,-9.210340371976182,-9.210340371976182,-9.210340371976182,-0.24954335540271758,-0.3336384980437742,-0.25991197094852375,-0.4166342281125043,-0.7119043022658508,-0.6342699898538559
snake_deadmansmoose_2022,willow_NA,0.061970641861588585,76,5,snake_deadmansmoose,2022,185.7033360595004,0.3712950050830841,0.07220654056398042,5.224150432976511,-2.6282246476575253,0.8422294748215096,-0.057890582969804004,74.52194209616476,0.17807028009233658,0.01076986575706528,-4.521760927781279,1,-0.2885078494034962,0.5661854805723404,-0.13129949742880404,connected,0,1.934516612661411e-5,1.934516612661411e-5,-9.210340371976182,-9.03349070766187,-9.03349070766187,-0.24954335540271758,-0.32409611070410244,-0.2595449759526047,-0.4166342281125043,-0.5634640195261876,-0.5504570653141193
snake_southparkastoria_2022,bailey_NA,0.06558827232282635,67,4,snake_southparkastoria,2022,41.571436204356225,0.00952018983662128,0.02815868421076803,3.7274133017261057,-3.5698994742538495,-0.21315807467230266,-1.3344118577700934,20.797118428217956,-1.2039717410571211,0,-9.210340371976182,1,-0.6819171054196009,-1.0910029067932832,-0.5580228640724171,connected,0,0,0,-9.210340371976182,-9.210340371976182,-9.210340371976182,-0.24954335540271758,-0.3336384980437742,-0.25991197094852375,-0.4166342281125043,-0.7119043022658508,-0.6342699898538559
snake_southparkastoria_2022,blackrock_lower,1.9790723593172027e-4,67,0,snake_southparkastoria,2022,124.92159198396442,0.13935300707817078,0.04385356876906868,4.8276862763615664,-3.1268991776359423,0.5626724798250547,-0.7338868278937084,115.84903841493484,1.2411874729498278,0.02401506378805271,-3.7249185803038998,1,0.19532209060651237,0.8478311049065204,0.0820621858930025,connected,0,8.272310060567697e-4,8.272310060567697e-4,-9.210340371976182,-6.983307825970708,-6.983307825970708,-0.24954335540271758,0.0744096224797411,-0.24421866349874877,-0.4166342281125043,1.157374568470067,0.42116945047302
snake_southparkastoria_2022,blackrock_upper,8.97846659672971e-5,67,0,snake_southparkastoria,2022,80.686204569364,0.1924089938402176,0.06852655983759876,4.390567613566922,-2.6805338740082356,0.25444895497707576,-0.12880024139868984,134.0747593977367,1.7100342842424927,0.02478738479117143,-3.6933942387870102,1,0.22353397718859186,0.8589734505365639,-0.13129949742880404,connected,0,4.900268401064695e-4,4.900268401064695e-4,-9.210340371976182,-7.435342530393345,-7.435342530393345,-0.24954335540271758,-0.09192302842584753,-0.2506157262428401,-0.4166342281125043,0.7779553618077346,0.20694031569908214
snake_southparkastoria_2022,blacktail_NA,0.029588624849597032,67,2,snake_southparkastoria,2022,61.14455063095294,0.17830100655555725,0.2664974502977697,4.1132407433781335,-1.3223906027849708,0.05889870114404863,1.7122798543810784,56.48487356841682,-0.2859235488641002,0,-9.210340371976182,1,-0.6819171054196009,-1.0910029067932832,-0.5580228640724171,connected,0,1.46864444118079e-4,1.46864444118079e-4,-9.210340371976182,-8.306671181225756,-8.306671181225756,-0.24954335540271758,-0.2611946946136107,-0.2571258219065871,-0.4166342281125043,0.04659818456787542,-0.20600139241597806
snake_southparkastoria_2022,blindbull_NA,0,67,0,snake_southparkastoria,2022,36.35174492325697,0.04732979834079742,0.07027445956149014,3.5932422062182408,-2.6553468525572104,-0.3077655382972935,-0.09465706604452084,93.2826149456956,0.6606784387219662,0.08252698753067757,-2.493418926265378,1,2.332686929398121,1.2831072797070224,0.0820621858930025,connected,0,4.9432759089448577e-5,4.9432759089448577e-5,-9.210340371976182,-8.80866403828822,-8.80866403828822,-0.24954335540271758,-0.30925480800912264,-0.25897418757144836,-0.4166342281125043,-0.37475382604836954,-0.44390678857034355
snake_southparkastoria_2022,cody_bluecrane,4.011437645749087e-4,67,0,snake_southparkastoria,2022,18.511707107521175,0.5193600058555603,0.29697441361563093,2.918403348563038,-1.214109293332834,-0.7836116394018523,1.8590644888164,18.59828731244239,-1.2605354818372667,0,-9.210340371976182,1,-0.6819171054196009,-1.0910029067932832,-0.5580228640724171,connected,0.08362064779293935,0.00689554703054436,0.0905161948234837,-2.4802696438215244,-4.9624814708424285,-2.401122331096148,1.3526277370157538,3.067727003483424,1.457260698049786,2.696423455767853,2.8535725040786315,2.5927673927028443
snake_southparkastoria_2022,boulder_NA,0.029314723825497466,67,2,snake_southparkastoria,2022,53.69998009443431,0.1402049958705902,0.04973721661138328,3.983412630833825,-3.0010018009305037,-0.032646414356009776,-0.5632220981303292,28.84967790993819,-0.9968240052110823,0,-9.210340371976182,1,-0.6819171054196009,-1.0910029067932832,-0.5580228640724171,connected,0,1.338956952533976e-4,1.338956952533976e-4,-9.210340371976182,-8.360635288761552,-8.360635288761552,-0.24954335540271758,-0.26759178751877144,-0.2573718505995184,-0.4166342281125043,0.0013029480093809025,-0.23157616345265597
snake_southparkastoria_2022,box_NA,1.9850200297916195e-4,67,0,snake_southparkastoria,2022,29.14147010476363,0.05944409966468811,0.02514578939696184,3.372162249211866,-3.6830648160565183,-0.4636546581671469,-1.487817218411723,127.48282096770994,1.5404602346851677,0,-9.210340371976182,0,-0.6819171054196009,-1.0910029067932832,-0.5580228640724171,low flow,0,0,0,-9.210340371976182,-9.210340371976182,-9.210340371976182,-0.24954335540271758,-0.3336384980437742,-0.25991197094852375,-0.4166342281125043,-0.7119043022658508,-0.6342699898538559
snake_southparkastoria_2022,cabin_NA,0.036823690500426526,67,2,snake_southparkastoria,2022,23.51004271715979,0.0558410994708538,0.04978562821142316,3.1574276795286256,-3.0000289267337403,-0.6150694834947404,-0.5619032834240238,18.909787927906343,-1.2525222970412422,0,-9.210340371976182,1,-0.6819171054196009,-1.0910029067932832,-0.5580228640724171,connected,0,0,0,-9.210340371976182,-9.210340371976182,-9.210340371976182,-0.24954335540271758,-0.3336384980437742,-0.25991197094852375,-0.4166342281125043,-0.7119043022658508,-0.6342699898538559
snake_southparkastoria_2022,clear_NA,0,67,0,snake_southparkastoria,2022,16.604101618688585,0.07531759887933731,0.02877694341500888,2.8096497503050797,-3.548180788339982,-0.860296577035633,-1.304970309746593,129.53367933296184,1.593217456518453,0,-9.210340371976182,1,-0.6819171054196009,-1.0910029067932832,-0.5580228640724171,connected,0,5.4124269322364146e-5,5.4124269322364146e-5,-9.210340371976182,-8.777751337302915,-8.777751337302915,-0.24954335540271758,-0.30694062742481,-0.25888518545239114,-0.4166342281125043,-0.34880698531052073,-0.42925658335199407
snake_southparkastoria_2022,cliff_NA,0.11880096704064909,67,8,snake_southparkastoria,2022,158.3813173763604,0.2303059995174408,0.0598667292930114,5.065005526567855,-2.8156343656856224,0.7300123397733954,-0.31194058559320764,31.62758697777242,-0.9253637974231961,0.05682488407779412,-2.866022703436794,1,1.3938223580533489,1.151409681326439,1.3622322858238418,connected,0,1.701915221929745e-4,1.701915221929745e-4,-9.210340371976182,-8.21637950897418,-8.21637950897418,-0.24954335540271758,-0.24968815013440973,-0.25668328650178013,-0.4166342281125043,0.12238527418451206,-0.16321019378787024
snake_southparkastoria_2022,fall_coburn,0.016116698226138433,67,1,snake_southparkastoria,2022,116.5315084203892,0.2628070116043091,0.10592850612511062,4.75816169498255,-2.2449908829454603,0.5136489231569016,0.46161576896804113,5.31439316197158,-1.6022564716337468,0.00858137008226551,-4.746575919186889,0,-0.36845076370144103,0.4867241431891463,-0.3446611807506106,waterfall,0,1.2334543660430012e-4,1.2334543660430012e-4,-9.210340371976182,-8.406790941965202,-8.406790941965202,-0.24954335540271758,-0.27279591209979054,-0.25757199838344175,-0.4166342281125043,-0.03743819542534349,-0.2534503371698559
snake_southparkastoria_2022,cottonwood_grosventre,0,67,0,snake_southparkastoria,2022,89.17802924901731,0.14260199666023254,0.07427305852988855,4.490634700379434,-2.6000069969197113,0.3250088117020927,-0.019639128779508592,101.854599544518,0.8811881046715366,0.02242704864463058,-3.7930385298063016,0,0.13731395288147488,0.8237539637154752,-0.13129949742880404,low flow,2.0141392575882696e-5,0,2.0141392575882696e-5,-9.026841237333569,-9.210340371976182,-9.026841237333569,-0.24915744644604412,-0.3336384980437742,-0.25952987082915485,-0.33175497287751304,-0.7119043022658508,-0.5473057358670669
snake_southparkastoria_2022,cottonwood_nps,0,67,0,snake_southparkastoria,2022,187.15270214946145,0.4438450038433075,0.15160907633961737,5.2319248726617085,-1.8864499372519228,0.8477114306551253,0.9476488794836052,57.735923671083015,-0.25374096185117023,0.07480522503393781,-2.591531630759407,1,2.05062094013706,1.2484291354043062,2.4290407024328746,connected,4.801044707328315e-6,4.0328775541557846e-4,4.080888001229067e-4,-9.16344681754564,-7.5943484730779875,-7.584854322270576,-0.24945136741594023,-0.1347088043758597,-0.2521701636900334,-0.39494317227653003,0.6444923598794643,0.13608340692861376
snake_southparkastoria_2022,cowboycabin_NA,3.86595315108305e-4,67,0,snake_southparkastoria,2022,6.639295264034606,NA,0.15103490929646746,1.8930058229210844,-1.890244281493076,-1.5066456039165121,0.942505319296003,66.13394482800733,-0.037706411321855315,0,-9.210340371976182,1,-0.6819171054196009,-1.0910029067932832,-0.5580228640724171,connected,0,0,0,-9.210340371976182,-9.210340371976182,-9.210340371976182,-0.24954335540271758,-0.3336384980437742,-0.25991197094852375,-0.4166342281125043,-0.7119043022658508,-0.6342699898538559
snake_southparkastoria_2022,crystal_lower,0,67,0,snake_southparkastoria,2022,185.11488744216464,0.08405669778585434,0.05345949334579199,5.220976645530312,-2.9288310455741864,0.8399915562949208,-0.4653884277074507,79.90449634494179,0.31653357592190656,0,-9.210340371976182,0,-0.6819171054196009,-1.0910029067932832,-0.5580228640724171,low flow,0.00159203207362177,1.4561268966052827e-4,0.0017376447632823,-6.381825061936533,-8.311754695027139,-6.299270547241813,-0.21904003075883446,-0.26181214735658187,-0.22694730532426494,0.8917222031291218,0.0423312936528489,0.745349680312629
snake_southparkastoria_2022,crystal_upper,0,67,0,snake_southparkastoria,2022,155.6115004101287,0.01565520092844963,0.0350789321250407,5.047362519103877,-3.350154553074885,0.7175718049431052,-1.0365287042741476,88.62488009704046,0.5408607297984439,0,-9.210340371976182,0,-0.6819171054196009,-1.0910029067932832,-0.5580228640724171,waterfall,0,0,0,-9.210340371976182,-9.210340371976182,-9.210340371976182,-0.24954335540271758,-0.3336384980437742,-0.25991197094852375,-0.4166342281125043,-0.7119043022658508,-0.6342699898538559
snake_southparkastoria_2022,deadmansbar_NA,1.6060611278797645e-4,67,0,snake_southparkastoria,2022,11.761208318342591,0.4607529938220978,0.12284876516395296,2.464806685350634,-2.096801231640941,-1.1034542228796713,0.6624995955849202,74.38014273596742,0.17442256827152047,0,-9.210340371976182,1,-0.6819171054196009,-1.0910029067932832,-0.5580228640724171,connected,0.00183668783959592,0.00107140123976429,0.00290808907936022,-6.246776064180481,-6.749554605947969,-5.806450259184024,-0.2143524278021114,0.19485143888006076,-0.20474293632628776,0.954190390633608,1.353577338806193,0.9789079953639275
snake_southparkastoria_2022,dell_NA,6.623506811272812e-5,67,0,snake_southparkastoria,2022,118.1568591435451,0.21458500623703003,0.05066461454892191,4.772013056484806,-2.9825275499481214,0.5234158716529316,-0.5381786608960017,39.629648365115045,-0.7195150977331282,0.00846332584708545,-4.760266630750077,1,-0.37276276682076614,0.48188513203719124,-0.3446611807506106,connected,0.02027330174976997,5.170984692364432e-4,0.02079040021900641,-3.8935299730335315,-7.390481953216503,-3.868465545195727,0.13889298022324095,-0.07856940978109699,0.13450040026564955,2.0427065626048213,0.815609472070334,1.8973613451196976
snake_southparkastoria_2022,ditch_NA,1.2273727899897935e-5,67,0,snake_southparkastoria,2022,67.69148631266991,0.03313380107283592,0.03794501053647849,4.214960415919721,-3.271617258448648,0.13062383824230042,-0.9300646419204589,70.30483032945452,0.06958736155360876,0.01477290652743177,-4.208214075106562,0,-0.14228195144010805,0.6770092832469276,-0.3446611807506106,low flow,0,0,0,-9.210340371976182,-9.210340371976182,-9.210340371976182,-0.24954335540271758,-0.3336384980437742,-0.25991197094852375,-0.4166342281125043,-0.7119043022658508,-0.6342699898538559
snake_southparkastoria_2022,dog_NA,0.08232513296972228,67,6,snake_southparkastoria,2022,31.090483742564395,0.06368420273065567,0.06185985047343163,3.4369017833759394,-2.7828839289051213,-0.4180051604095067,-0.26754454979768644,13.692136441067042,-1.3867435585402739,0.03216418272163939,-3.433797558098338,1,0.49299885735227406,0.9507284500532249,-0.3446611807506106,connected,0,0,0,-9.210340371976182,-9.210340371976182,-9.210340371976182,-0.24954335540271758,-0.3336384980437742,-0.25991197094852375,-0.4166342281125043,-0.7119043022658508,-0.6342699898538559
snake_southparkastoria_2022,fish_grosventre,3.642649122218102e-4,67,0,snake_southparkastoria,2022,587.8758585030148,0.0790754035115242,0.05700038366984491,6.376515800613735,-2.8646972801203296,1.6547917050750964,-0.37844958881885943,103.05706890601796,0.9121209784024784,0.0136083152323544,-4.289752679001736,0,-0.1848229640482416,0.6481892900900684,1.1488706025020352,low flow,4.584436144917083e-6,1.11554612859649e-4,1.161390490045661e-4,-9.16551581143003,-8.461027375979677,-8.439588612003783,-0.24945551763465085,-0.2786119700487823,-0.2577087099614373,-0.39590020490959804,-0.08296201154970495,-0.26899387045662126
snake_southparkastoria_2022,fish_NA,0.14234483673623793,67,10,snake_southparkastoria,2022,233.3741440851509,0.18696600198745728,0.19327329665870344,5.452642934303585,-1.643650046859559,1.0033453688675344,1.2767850280257762,23.86171266050645,-1.1251367125240843,0.02999475382091136,-3.5034044140819387,1,0.4137524276318896,0.926125758600513,0.9355089191802287,connected,0.03691386252184423,0.00802943870913108,0.04494330123097531,-3.296462773753929,-4.812263397273023,-3.1001310022999364,0.45772602127630674,3.62704159026381,0.5927024002022878,2.3188856263306405,2.979659332683629,2.261491892467229
snake_southparkastoria_2022,spreadnf_flagstaff,1.581377024405483e-4,67,0,snake_southparkastoria,2022,62.105753464464634,0.05579309910535812,0.07693418338645021,4.12883863302891,-2.564804983860054,0.06989717121077008,0.02808022966280149,116.82810084861612,1.2663733243365056,0.04830470339139393,-3.02815829247284,1,1.0825911857650083,1.0941025121663015,0.0820621858930025,connected,0,7.227731359680823e-5,7.227731359680823e-5,-9.210340371976182,-8.666405091138806,-8.666405091138806,-0.24954335540271758,-0.29798627786134746,-0.2585408060675972,-0.4166342281125043,-0.25534755847652363,-0.37648716157379225
snake_southparkastoria_2022,flat_NA,8.15845186683936e-5,67,0,snake_southparkastoria,2022,173.36864105262885,0.4952880144119262,0.23744731527971188,5.155420200544216,-1.437809510516657,0.79376603386828,1.555819591164476,36.78093346098291,-0.7927967473504218,0,-9.210340371976182,1,-0.6819171054196009,-1.0910029067932832,-0.5580228640724171,connected,0,1.0364036792330612e-4,1.0364036792330612e-4,-9.210340371976182,-8.4991550221978,-8.4991550221978,-0.24954335540271758,-0.28251582852119533,-0.25794582105070835,-0.4166342281125043,-0.11496477845774382,-0.29722369527450193
snake_southparkastoria_2022,fordspring_NA,0.0022820164756644145,67,0,snake_southparkastoria,2022,0.371298460979693,0.36350199580192566,0.3083825652441645,-0.9907490627586949,-1.1764141718217336,-3.540054770157885,1.910163470339593,22.970958067804357,-1.1480508924803534,0,-9.210340371976182,1,-0.6819171054196009,-1.0910029067932832,-0.5580228640724171,connected,0,0,0,-9.210340371976182,-9.210340371976182,-9.210340371976182,-0.24954335540271758,-0.3336384980437742,-0.25991197094852375,-0.4166342281125043,-0.7119043022658508,-0.6342699898538559
snake_southparkastoria_2022,goosewing_NA,1.0723117103580262e-4,67,0,snake_southparkastoria,2022,40.396075600271566,0.12725499272346497,0.04498435530865712,3.698732641641705,-3.1014405094671185,-0.23338154005733883,-0.6993754120336815,98.54433712528116,0.7960333949475353,0,-9.210340371976182,0,-0.6819171054196009,-1.0910029067932832,-0.5580228640724171,low flow,0,0,0,-9.210340371976182,-9.210340371976182,-9.210340371976182,-0.24954335540271758,-0.3336384980437742,-0.25991197094852375,-0.4166342281125043,-0.7119043022658508,-0.6342699898538559
snake_southparkastoria_2022,granite_lower,0.05165424760073387,67,3,snake_southparkastoria,2022,220.38266084017036,0.4365609884262085,0.07926979243391333,5.395365402859918,-2.5348981506061192,0.9629575196659279,0.06862151613696778,25.398237932771817,-1.0856104312289854,0.01361268617305474,-4.289433876586555,1,-0.18466329924203148,0.6483019714825007,0.0820621858930025,connected,0,1.7526340459353155e-4,1.7526340459353155e-4,-9.210340371976182,-8.197782083843256,-8.197782083843256,-0.24954335540271758,-0.24718634342514625,-0.25658706838461787,-0.4166342281125043,0.13799518249487042,-0.1543964671959935
snake_southparkastoria_2022,granite_upper,0.0016496489113599596,67,0,snake_southparkastoria,2022,131.17478860877102,0.06855929642915726,0.05121030340437559,4.876530698050768,-2.9718145288156883,0.5971139281172764,-0.5236562387108771,40.39048925944716,-0.69994287737788,0.02287024840533575,-3.7735554480019577,1,0.15350346647974358,0.8306403004621478,0.0820621858930025,connected,0,0,0,-9.210340371976182,-9.210340371976182,-9.210340371976182,-0.24954335540271758,-0.3336384980437742,-0.25991197094852375,-0.4166342281125043,-0.7119043022658508,-0.6342699898538559
snake_southparkastoria_2022,grosventre_lower,0.0549023047248211,67,4,snake_southparkastoria,2022,1589.6465467527958,0.11285000294446944,0.12772197756082734,7.371266972862744,-2.0578994276911646,2.3562161436863795,0.7152343390095599,46.893561490673406,-0.5326548627038187,0.01761397843891535,-4.033401208773123,0,-0.03850127188504782,0.7387972630599943,5.416104268938166,low flow,4.402174527288961e-4,8.985182924761807e-5,5.300692819765142e-4,-7.523538809225212,-8.569266636107082,-7.369680773233814,-0.2411087917422351,-0.2893172990296571,-0.2498560855297801,0.36361174228060683,-0.17381356300240194,0.2380588587808339
snake_southparkastoria_2022,hoback_upper,0.05828723727462228,67,4,snake_southparkastoria,2022,114.07783296671197,0.13229399919509888,0.0672652044873204,4.736880960751974,-2.699112197023675,0.4986433343450082,-0.1539847572310184,71.02284066434312,0.08805778894056136,0.03506377966670531,-3.3477387128897176,1,0.598917380631602,0.981146132126715,0.29542386921480907,connected,0,4.72481868508296e-5,4.72481868508296e-5,-9.210340371976182,-8.823391048915319,-8.823391048915319,-0.24954335540271758,-0.310332391646087,-0.25901563084852075,-0.4166342281125043,-0.3871150687449412,-0.4508862410627788
snake_southparkastoria_2022,horse_NA,0.024910593078283177,67,2,snake_southparkastoria,2022,63.20355466451241,0.3199459910392761,0.05410708739882333,4.14636054426279,-2.916790096186639,0.08225231799871911,-0.44906588448140466,4.894165732153976,-1.6130665949025935,0.03164378982505175,-3.450058168836203,0,0.4739895784159695,0.94498110256621,-0.13129949742880404,culvert_diversion,0,0,0,-9.210340371976182,-9.210340371976182,-9.210340371976182,-0.24954335540271758,-0.3336384980437742,-0.25991197094852375,-0.4166342281125043,-0.7119043022658508,-0.6342699898538559
snake_southparkastoria_2022,lava_NA,0,67,0,snake_southparkastoria,2022,65.33372895413697,0.15424099564552307,0.03712820915992983,4.179508425964538,-3.2933782435768575,0.10562573535417148,-0.9595635301695766,102.38428517116084,0.8948139808315742,0,-9.210340371976182,0,-0.6819171054196009,-1.0910029067932832,-0.5580228640724171,culvert_diversion,0,1.3745704467353953e-5,1.3745704467353953e-5,-9.210340371976182,-9.081545263770613,-9.081545263770613,-0.24954335540271758,-0.3268581563591559,-0.259651202717231,-0.4166342281125043,-0.6037990234028876,-0.5732311706569175
snake_southparkastoria_2022,leidy_NA,4.9997127110454347e-05,67,0,snake_southparkastoria,2022,10.736033129626785,0.0376180000603199,0.04548522459554739,2.3736056660690865,-3.090367739926582,-1.1677623891175724,-0.6843653199188215,120.20901226932575,1.3533454413988937,0,-9.210340371976182,1,-0.6819171054196009,-1.0910029067932832,-0.5580228640724171,connected,0,0,0,-9.210340371976182,-9.210340371976182,-9.210340371976182,-0.24954335540271758,-0.3336384980437742,-0.25991197094852375,-0.4166342281125043,-0.7119043022658508,-0.6342699898538559
snake_southparkastoria_2022,littlegreys_steer,0.007424052637622376,67,0,snake_southparkastoria,2022,179.34572943407238,0.18192599713802335,0.05653151460733583,5.1893153923430955,-2.872957015670742,0.8176663986453313,-0.38964637125004736,69.99179568415444,0.061534714670033464,0.01672746827853964,-4.084742711177624,1,-0.0708843405797834,0.7206504997199836,0.0820621858930025,connected,0,2.003345587130508e-4,2.003345587130508e-4,-9.210340371976182,-8.110613508966717,-8.110613508966717,-0.24954335540271758,-0.23481949880384692,-0.25611144630706323,-0.4166342281125043,0.21116087354017601,-0.11308537273228468
snake_southparkastoria_2022,lowerbarbc_NA,0.01757326576651336,67,1,snake_southparkastoria,2022,6.396831141622167,0.3782680034637451,0.2384034549706952,1.8558027336247136,-1.4337908515692135,-1.532878451639943,1.5612672292426015,38.710139041705595,-0.7431689775791546,0,-9.210340371976182,1,-0.6819171054196009,-1.0910029067932832,-0.5580228640724171,connected,0.3226711560044893,0,0.3226711560044893,-1.1308117022030537,-9.210340371976182,-1.1308117022030537,5.932833989816739,-0.3336384980437742,5.861446657145803,3.3206279528550064,-0.7119043022658508,3.1947953880300908
snake_southparkastoria_2022,mosquito_NA,0.003012286238265171,67,0,snake_southparkastoria,2022,61.64128666828233,0.5507169961929321,0.08812801689048827,4.121331884151681,-2.428964784217375,0.06460397099759342,0.21222331166889216,23.921130913155498,-1.1236082101228144,0.06489157212966175,-2.7334976770366906,1,1.6884880313851962,1.1982509340767773,0.29542386921480907,connected,0,1.4571312000932565e-5,1.4571312000932565e-5,-9.210340371976182,-9.07431311660181,-9.07431311660181,-0.24954335540271758,-0.3264509090486704,-0.2596355402084971,-0.4166342281125043,-0.59772865864017,-0.5698036979089801
snake_southparkastoria_2022,northbuffalofork_NA,0,67,0,snake_southparkastoria,2022,211.7277106985484,0.4812009930610657,0.10908345246553668,5.3553010656471765,-2.215642070739795,0.9347071330147165,0.5014006098839496,141.3600413870304,1.897444221729813,0.03778437868905201,-3.2732164236527206,1,0.6982973414818484,1.0074861939286666,1.1488706025020352,connected,0,4.2428973897695254e-6,4.2428973897695254e-6,-9.210340371976182,-9.168786830160125,-9.168786830160125,-0.24954335540271758,-0.33154560465269795,-0.25983147941383994,-0.4166342281125043,-0.67702598050072,-0.6145768573953277
snake_southparkastoria_2022,deadman_greys,2.827906955249822e-4,67,0,snake_southparkastoria,2022,42.60696343033698,0.05682190135121345,0.0415623772348318,3.7520177007230955,-3.1805599143188346,-0.19580888501031607,-0.8066285748986248,90.9217377189846,0.599946149412731,0.14082205153648392,-1.9595483674509768,1,4.462130162698441,1.471804965424821,0.7221472358584221,connected,0,0,0,-9.210340371976182,-9.210340371976182,-9.210340371976182,-0.24954335540271758,-0.3336384980437742,-0.25991197094852375,-0.4166342281125043,-0.7119043022658508,-0.6342699898538559
snake_southparkastoria_2022,pacific_NA,0,67,0,snake_southparkastoria,2022,415.0574929301797,0.1369519978761673,0.04158214126053129,6.028417047816465,-3.1800845005109393,1.409338390644628,-0.8059841105644706,95.12152737872064,0.7079834661216386,0.01927443820739732,-3.9438006999103465,1,0.02215317422396,0.7704667536928741,1.1488706025020352,connected,0,1.0388508578094532e-4,1.0388508578094532e-4,-9.210340371976182,-8.49795402783129,-8.49795402783129,-0.24954335540271758,-0.2823951165784162,-0.2579411785354372,-0.4166342281125043,-0.11395671353421293,-0.2966545177722249
snake_southparkastoria_2022,rock_NA,0,67,0,snake_southparkastoria,2022,11.98579900144692,0.02564449980854988,0.01921974716928189,2.48372253245161,-3.9518170300904103,-1.090116176337176,-1.8521339752947334,96.71434601318764,0.7489578637019633,0,-9.210340371976182,1,-0.6819171054196009,-1.0910029067932832,-0.5580228640724171,connected,0,0,0,-9.210340371976182,-9.210340371976182,-9.210340371976182,-0.24954335540271758,-0.3336384980437742,-0.25991197094852375,-0.4166342281125043,-0.7119043022658508,-0.6342699898538559
snake_southparkastoria_2022,shoal_NA,0.03684496617823695,67,2,snake_southparkastoria,2022,82.64969488421343,0.1540520042181015,0.06550537569878219,4.414611132599159,-2.725623067971499,0.2714026538616901,-0.18992252451816394,28.557800262556444,-1.00433239977016,0.01209925821747958,-4.40638013093737,1,-0.23994686353773353,0.6069670688829447,-0.3446611807506106,connected,0,0,0,-9.210340371976182,-9.210340371976182,-9.210340371976182,-0.24954335540271758,-0.3336384980437742,-0.25991197094852375,-0.4166342281125043,-0.7119043022658508,-0.6342699898538559
snake_southparkastoria_2022,slate_NA,3.6024017398399513e-4,67,0,snake_southparkastoria,2022,97.25682381756316,0.03599809855222702,0.03336693660136213,4.577355147826764,-3.4001897914108823,0.3861576123909513,-1.1043557762332283,84.23390642467565,0.42790530780438907,0.01028205488054828,-4.567676455466213,0,-0.3063269493195021,0.5499565395498207,-0.3446611807506106,waterfall,0,7.388457382454261e-5,7.388457382454261e-5,-9.210340371976182,-8.657118847700668,-8.657118847700668,-0.24954335540271758,-0.29719346483775755,-0.2585103149125016,-0.4166342281125043,-0.24755307039032232,-0.3720862076700571
snake_southparkastoria_2022,snakeriversidechannel_NA,0,67,0,snake_southparkastoria,2022,18.81037955717093,0.5644689798355103,0.3722616615355763,2.934408821587343,-0.9881582807479885,-0.7723257718965152,2.1653605333541472,58.306586459123594,-0.2390609703847873,0,-9.210340371976182,1,-0.6819171054196009,-1.0910029067932832,-0.5580228640724171,connected,0,1.4316392269148176e-4,1.4316392269148176e-4,-9.210340371976182,-8.321774763072561,-8.321774763072561,-0.24954335540271758,-0.2630200502905912,-0.25719602408717135,-0.4166342281125043,0.03392086358785493,-0.21315931024700205
snake_southparkastoria_2022,spread_southfork,8.320844446853242e-5,67,0,snake_southparkastoria,2022,98.90320211647273,0.01897189952433109,0.03276703860723393,4.594141615419727,-3.41833218937435,0.3979941790984226,-1.1289493581387449,115.0074468828458,1.2195379861282536,0.01011089609436867,-4.584299884313153,1,-0.31257915823746063,0.5440809532296494,-0.3446611807506106,connected,0,0,0,-9.210340371976182,-9.210340371976182,-9.210340371976182,-0.24954335540271758,-0.3336384980437742,-0.25991197094852375,-0.4166342281125043,-0.7119043022658508,-0.6342699898538559
snake_southparkastoria_2022,spread_uppermainstem,0,67,0,snake_southparkastoria,2022,202.6088598876728,0.07364709675312042,0.04527153653174867,5.3112773217946065,-3.095076776609305,0.9036648676936901,-0.6907488244360215,105.07575577616034,0.9640506059303944,0.02467809158381336,-3.697795420120856,1,0.2195416377886189,0.8574178436232227,0.5087855525366156,connected,0,3.546791040805831e-5,3.546791040805831e-5,-9.210340371976182,-8.90677576924841,-8.90677576924841,-0.24954335540271758,-0.31614324692898294,-0.25923911316326254,-0.4166342281125043,-0.4571047490217056,-0.49040408408578545
snake_southparkastoria_2022,spring_nps,0,67,0,snake_southparkastoria,2022,4.013031939407464,0.25288400053977966,0.09214421894145744,1.3895470502382712,-2.384400332141274,-1.8616472333135063,0.2726342619972348,100.47301597641848,0.845647614885205,0,-9.210340371976182,0,-0.6819171054196009,-1.0910029067932832,-0.5580228640724171,culvert_diversion,0,6.727965911639381e-4,6.727965911639381e-4,-9.210340371976182,-7.165494686095443,-7.165494686095443,-0.24954335540271758,-0.00176821935618749,-0.24714842161467337,-0.4166342281125043,1.0044544646450324,0.33482711208651617
snake_southparkastoria_2022,spring_tss,0,67,0,snake_southparkastoria,2022,24.857829441667217,0.359358012676239,0.20042810356345644,3.2131727709942544,-1.6072996822611672,-0.5757621968310707,1.326061075814283,22.9821749576658,-1.1477623440575435,0,-9.210340371976182,1,-0.6819171054196009,-1.0910029067932832,-0.5580228640724171,connected,0.18503922773780687,0.00325391373513142,0.1882931414729383,-1.6866471545853954,-5.6976273359084795,-1.6692243215739715,3.295807098937877,1.271419066583958,3.3121762827357326,3.0635210224964284,2.2365215162330907,2.9396298698282872
snake_southparkastoria_2022,threechannel_NA,0.04702775737369464,67,3,snake_southparkastoria,2022,32.364754827547884,0.2897590100765228,0.117843813057241,3.477070016734667,-2.138395149431708,-0.38968151393422557,0.6061154601460216,38.70366100957769,-0.7433356214507186,0,-9.210340371976182,1,-0.6819171054196009,-1.0910029067932832,-0.5580228640724171,connected,0.02484110022481889,0.01035277137861167,0.03519387160343057,-3.691238224834839,-4.560888132036704,-3.3440459390826396,0.2264119706386022,4.7730715651936615,0.4077470546159004,2.136278518465708,3.1906533178297867,2.1458952682386987
snake_southparkastoria_2022,upperbarbc_NA,0,67,0,snake_southparkastoria,2022,5.737050517642647,0.4632450044155121,0.3517652148147659,1.7469452311662268,-1.044791329296893,-1.609636654777257,2.0885895617961863,57.75327069145179,-0.2532947191377542,0,-9.210340371976182,1,-0.6819171054196009,-1.0910029067932832,-0.5580228640724171,connected,0,6.263701847792045e-4,6.263701847792045e-4,-9.210340371976182,-7.22745077670238,-7.22745077670238,-0.24954335540271758,-0.024668966220421217,-0.2480291718088142,-0.4166342281125043,0.9524510885414027,0.30546476544622353
snake_southparkastoria_2022,white_NA,0.004097007550815746,67,0,snake_southparkastoria,2022,32.672161808639686,0.1206509992480278,0.06405398730038497,3.4865233944871217,-2.7480289996436165,-0.3830156960211845,-0.22029569331631507,79.57701161139661,0.3081092083364175,0.06121419242821969,-2.7917439387230294,1,1.5541581107467735,1.1776636688671474,-0.13129949742880404,connected,0,0,0,-9.210340371976182,-9.210340371976182,-9.210340371976182,-0.24954335540271758,-0.3336384980437742,-0.25991197094852375,-0.4166342281125043,-0.7119043022658508,-0.6342699898538559
snake_southparkastoria_2022,willow_NA,0.16643116707945524,67,11,snake_southparkastoria,2022,185.7033360595004,0.3712950050830841,0.07220654056398042,5.224150432976511,-2.6282246476575253,0.8422294748215096,-0.057890582969804004,10.864678548519292,-1.4594783830356228,0.01076986575706528,-4.521760927781279,1,-0.2885078494034962,0.5661854805723404,-0.13129949742880404,connected,0,1.934516612661411e-5,1.934516612661411e-5,-9.210340371976182,-9.03349070766187,-9.03349070766187,-0.24954335540271758,-0.32409611070410244,-0.2595449759526047,-0.4166342281125043,-0.5634640195261876,-0.5504570653141193
