"pointid","xcoord","ycoord"
1,481017.353306992,4703849.20951127
2,486089.444253124,4705189.17680023
3,486341.25018662,4706762.96388458
4,486188.368012712,4707842.13217099
5,486278.298703246,4708282.7925546
6,486170.381874605,4709622.75984356
7,486296.284841353,4709892.55191517
8,486350.243255674,4710117.3786415
9,486745.938294024,4712050.88848799
10,486952.778882253,4712329.67362865
11,487663.231337474,4713741.58547003
12,487888.05806381,4713804.53695341
13,488994.205557381,4714640.89237538
14,489084.136247915,4714631.89930632
15,490082.366912846,4716358.56856458
16,490469.068882143,4716664.3329124
17,490999.659956295,4717158.95171034
18,492609.419316859,4718489.92593024
19,492555.460902538,4718831.66255427
20,494345.08164417,4719614.05956192
21,495208.416273299,4720513.36646726
22,495586.125173543,4721259.7911987
23,496359.529112138,4722590.76541861
24,499902.798319188,4725054.86633924
25,500532.313152927,4727734.80091717
26,500928.008191278,4728175.46130078
27,501026.931950866,4728517.19792481
28,500748.14681021,4729317.58107057
29,501080.890365186,4730099.97807822
30,502207.829757665,4732619.70700425
31,502330.926963613,4733859.08094255
32,502025.162615796,4737923.9481547
33,502258.982411185,4738526.48378128
34,501899.259649048,4738832.24812909
35,501881.273510941,4738958.15109584
36,502393.878446987,4740513.95204209
37,501413.633920163,4741620.09953566
38,501179.814124774,4742150.69060981
39,501683.425991766,4742690.27475301
40,501548.529955965,4743076.97672231
41,501107.869572347,4744291.04104452
42,499848.839904867,4747681.42807767
43,499794.881490546,4747996.18549454
44,499453.144866516,4748769.58943313
45,499309.255761661,4749318.16664539
46,498589.810237387,4752429.76853788
47,498517.86568496,4753634.83979103
48,498760.678549402,4754399.25066058
49,498329.011234838,4754794.94569893
50,498005.260748915,4755865.12091628
51,497888.35085122,4756917.30999553
52,497753.454815419,4757618.7693817
53,497717.482539205,4757996.47828195
54,498131.163715663,4761359.88610793
55,498005.260748915,4763365.34050684
56,497330.780569908,4764831.21076255
57,497231.85681032,4765505.69094156
58,496808.029392724,4766145.35201644
59,497168.905326946,4767250.34633792
60,497357.759777068,4768005.76413841
61,497159.912257892,4768824.13342227
62,497249.842948427,4768905.07104375
63,496602.34197658,4769534.58587749
64,496772.239405392,4770222.96552875
65,496602.34197658,4772178.5481792
66,496890.12018629,4773203.75805129
67,497186.891465053,4774049.10654231
68,497501.648881923,4775299.14314074
69,497267.829086534,4775613.90055761
70,496881.127117236,4776072.54707933
71,496838.087680788,4776560.47865376
72,495319.369943803,4779254.2830912
73,483490.447296684,4797449.07221933
74,483076.766120226,4798914.94247504
75,489308.962974251,4705099.24610969
76,488751.392692939,4705899.62925545
77,488877.295659687,4707581.33316844
78,492879.211388461,4705369.03818129
79,492645.391593072,4706834.908437
80,493247.927219652,4708525.60541905
81,496620.328114687,4707806.15989477
82,498796.650825616,4708417.68859041
83,499174.35972586,4710755.8865443
84,499048.456759112,4711295.4706875
85,498364.983511052,4714299.15575135
86,498266.059751464,4715153.49731142
87,497312.794431801,4717851.41802745
88,511135.141566917,4705405.01045751
89,511216.079188398,4706277.33815569
90,508563.123817637,4710342.20536784
91,508545.137679531,4711430.3667233
92,508383.262436569,4711808.07562355
93,508302.324815088,4711799.08255449
94,508185.414917393,4711951.9647284
95,507897.636707684,4714245.19733703
96,507654.823843241,4714497.00327052
97,506854.440697486,4716871.17350063
98,506152.981311319,4717302.84081519
99,504822.007091412,4718822.66948522
100,504525.235812649,4719353.26055937
101,504039.610083764,4722293.99413984
102,503904.714047962,4722356.94562322
103,503742.838805001,4722842.5713521
104,503473.046733398,4725873.23562311
105,502151.065582544,4731394.98002191
106,502339.920032666,4732150.3978224
107,502330.926963613,4733391.44135177
108,509210.624789484,4705414.00352656
109,508554.130748584,4707716.22920424
110,508167.428779287,4708309.77176176
111,508347.290160355,4709820.60736274
112,488652.468933351,4705422.99659561
113,482564.161184181,4705692.78866722
114,491692.126273409,4706376.26191528
115,508167.428779287,4706520.15102013
116,486179.374943659,4706574.10943445
117,499902.798319188,4707239.59654441
118,482438.258217433,4707482.40940885
119,488994.205557381,4707797.16682572
120,496494.425147939,4708156.88958786
121,507591.872359867,4708192.86186407
122,525191.308497423,4708588.55690242
123,526171.553024247,4712140.81917852
124,526081.622333712,4712410.61125013
125,526441.345095849,4713219.98746494
126,525937.733228858,4714299.15575135
127,526342.421336262,4716043.81114771
128,526504.296579223,4716772.24974104
129,527007.908446215,4717194.92398655
130,527583.464865635,4718265.09920391
131,527646.416349009,4719928.81697879
132,527448.568829833,4722293.99413984
133,526459.331233956,4723256.25252856
134,526630.199545971,4723687.91984312
135,526765.095581773,4723849.79508609
136,527097.83913675,4725126.81089167
137,527016.901515269,4726322.88907578
138,526036.656988445,4728463.23951049
139,526180.5460933,4730468.69390941
140,526207.52530046,4732393.21068684
141,526207.52530046,4732519.11365359
142,526468.32430301,4733382.44828272
143,526621.206476918,4734326.72053333
144,526585.234200704,4734488.59577629
145,526648.185684078,4734632.48488114
146,526396.379750582,4735468.84030311
147,526153.56688614,4735927.48682484
148,525622.975811988,4736853.77293734
149,525488.079776186,4739965.37482983
150,525416.135223759,4740280.1322467
151,525407.142154705,4740361.06986818
152,525335.197602278,4740711.79956126
153,524939.502563927,4742699.26782207
154,524957.488702034,4743589.58165836
155,524642.731285164,4744929.54894732
156,524336.966937348,4745532.0845739
157,524076.167934798,4745927.77961225
158,524103.147141959,4746026.70337184
159,523869.327346569,4746917.01720812
160,524004.223382371,4748427.8528091
161,523806.375863195,4749336.1527835
162,523554.569929699,4750145.52899831
163,523707.452103608,4751296.64183714
164,523509.604584432,4752240.91408775
165,523005.99271744,4753338.06851227
166,522664.25609341,4754740.98728461
167,521818.907602388,4756575.5733715
168,519984.321515489,4756287.79516179
169,519669.564098619,4756350.74664517
170,518905.153229078,4757277.03275767
171,518599.388881261,4758320.22876787
172,517241.435454194,4760280.71782152
173,516486.017653706,4760775.33661946
174,516072.336477249,4761584.71283426
175,515766.572129432,4763230.44447104
176,515137.057295692,4765181.94045563
177,514957.195914624,4766315.06715637
178,514048.895940228,4767340.27702846
179,513626.221694717,4767744.96513586
180,513545.284073236,4768104.687898
181,513266.498932579,4768752.18886984
182,512852.817756122,4769723.44032761
183,512439.136579664,4771027.43534036
184,512394.171234397,4771818.82541706
185,511962.503919833,4773545.49467532
186,511827.607884031,4773833.27288503
187,510298.786144949,4777043.7985371
188,508365.276298462,4775928.65797448
189,506890.4129737,4776549.17973917
190,505397.563510831,4776630.11736065
191,505370.584303671,4776630.11736065
192,503284.192283276,4776576.15894633
193,501125.855710454,4777052.79160616
194,500559.292360088,4777412.51436829
195,498715.713204135,4779525.88559585
196,487110.151706465,4795722.2045325
197,484457.672715259,4796533.64821665
198,482896.904739158,4708849.35590497
199,505208.709060709,4710009.46181286
200,483148.710672654,4710063.42022718
201,528950.411361755,4710099.3925034
202,527736.347039543,4712419.60431918
203,526693.151029345,4713264.9528102
204,486709.966017811,4710099.3925034
205,514759.348395448,4710126.37171056
206,514012.923664014,4711412.3805852
207,526558.254993544,4710809.84495862
208,501890.266579995,4710827.83109672
209,489344.935250465,4711025.6786159
210,530470.240031785,4711088.63009927
211,527817.284661024,4712401.61818107
212,493661.60839611,4711133.59544454
213,494686.8182682,4714182.24585365
214,494749.769751574,4715522.21314261
215,493832.476708125,4716817.21508631
216,491898.966861638,4711151.58158265
217,485693.749214774,4711232.51920413
218,485900.589803002,4711178.56078981
219,486620.035327277,4711871.02710692
220,508671.040646279,4711385.40137804
221,506152.981311319,4711457.34593046
222,483661.315608699,4711529.29048289
223,496872.134048183,4711547.276621
224,487060.695710894,4711835.05483071
225,494983.589546963,4711880.02017597
226,507259.128804891,4711996.93007367
227,515271.953331494,4712113.83997136
228,515065.112743265,4712122.83304042
229,514066.882078334,4711493.31820668
230,525937.733228858,4712392.62511202
231,483886.142335035,4712824.29242658
232,484731.490826057,4712707.38252889
233,508751.978267759,4713130.0567744
234,511350.9752242,4713264.9528102
235,483715.27402302,4713417.83498411
236,504165.513050512,4713606.68943423
237,503904.714047962,4714748.80920402
238,503967.665531336,4716331.58935742
239,491800.04310205,4713705.61319382
240,529301.141054839,4713714.60626287
241,502951.448728299,4713777.55774625
242,502285.961618346,4713804.53695341
243,513671.187039984,4713849.50229868
244,524256.029315867,4713903.460713
245,489362.921388572,4714227.21119892
246,487303.508575337,4714263.18347513
247,519094.0076792,4714479.01713242
248,517673.102768758,4714074.32902501
249,507888.64363863,4714488.01020147
250,528293.917320855,4714847.73296361
251,499848.839904867,4715000.61513751
252,497933.316196487,4715117.52503521
253,481754.784969373,4715243.42800196
254,484371.76806392,4715450.26859018
255,485441.943281278,4715567.17848788
256,495424.249930581,4715441.27552113
257,517565.185940117,4715459.26165924
258,518014.839392789,4714497.00327052
259,513806.083075785,4715729.05373084
260,512601.011822626,4716637.35370524
261,511764.656400657,4718328.05068728
262,510964.273254902,4717716.52199165
263,507636.837705134,4718462.94672308
264,506512.704073456,4715774.01907611
265,528293.917320855,4715890.9289738
266,518446.506707353,4716034.81807866
267,522304.533331273,4716142.7349073
268,522610.29767909,4716214.67945973
269,507825.692155256,4716268.63787405
270,511422.919776627,4716313.60321931
271,489470.838217213,4716529.4368766
272,491206.500544524,4716565.40915281
273,522430.436298021,4716709.29825766
274,513455.353382701,4716916.13884589
275,528779.54304974,4717383.77843667
276,487870.071925703,4717401.76457478
277,484686.52548079,4717419.75071289
278,499516.09634989,4717455.7229891
279,502573.739828055,4717626.59130111
280,504003.63780755,4720108.67835986
281,524022.209520478,4717842.4249584
282,516360.114686958,4717986.31406325
283,516000.391924821,4719299.30214505
284,515793.551336592,4719955.79618595
285,514858.272155036,4720639.26943401
286,511764.656400657,4718444.96058498
287,494273.137091743,4718085.23782284
288,504768.048677091,4718211.14078959
289,481970.618626655,4718328.05068728
290,519903.383894008,4718364.02296349
291,520838.663075565,4720117.67142891
292,512502.088063038,4718588.84968983
293,525838.80946927,4718912.60017575
294,485522.880902759,4719110.44769493
295,487636.252130314,4720567.32488159
296,488337.711516481,4720558.33181253
297,491215.493613578,4719569.09421665
298,491071.604508723,4719335.27442127
299,502618.705173322,4719119.44076398
300,517538.206732957,4719452.18431896
301,490864.763920494,4719524.12887139
302,488283.75310216,4720081.6991527
303,508662.047577225,4720243.57439566
304,508302.324815088,4720054.71994554
305,520290.085863306,4720396.45656957
306,495253.381618566,4720468.401122
307,510847.363357208,4720576.31795064
308,487483.369956405,4720927.04764372
309,517412.303766209,4721106.90902479
310,485405.971005064,4721988.22979203
311,491674.140135302,4721457.63871787
312,493625.636119896,4722240.03572552
313,522214.602640739,4722572.7792805
314,530308.364788823,4722743.64759251
315,529831.732128991,4723418.12777152
316,516306.156272638,4722941.49511169
317,515874.488958073,4722518.82086618
318,514966.188983677,4721691.45851326
319,511270.037602719,4723049.41194033
320,516351.121617905,4723355.17628815
321,491368.375787486,4723445.10697868
322,491737.091618676,4723319.20401193
323,491916.952999745,4723139.34263087
324,519174.945300681,4723481.0792549
325,519561.647269978,4725279.69306558
326,520739.739315977,4725720.3534492
327,522241.581847899,4725252.71385842
328,526009.677781285,4723633.9614288
329,514858.272155036,4723840.80201703
330,530209.441029235,4723984.69112189
331,521252.344252022,4723993.68419094
332,509111.701029896,4724668.16436995
333,507717.775326615,4725135.80396073
334,507241.142666784,4725801.29107068
335,502582.732897109,4729920.11669715
336,507897.636707684,4724776.08119859
337,488166.843204466,4725189.76237505
338,495388.277654367,4725279.69306558
339,527367.631208352,4725333.6514799
340,511611.774226749,4725621.42968961
341,511000.245531116,4726682.61183792
342,515784.558267539,4725837.26334689
343,513976.9513878,4726412.81976631
344,513122.609827725,4727456.01577651
345,511413.926707574,4726736.57025224
346,514201.778114136,4726062.09007323
347,491764.070825837,4726196.98610903
348,518518.451259781,4726331.88214483
349,520550.884865855,4726421.81283537
350,488967.226350221,4726943.41084046
351,489084.136247915,4728166.46823173
352,494524.943025239,4731907.58495796
353,494569.908370506,4731934.56416512
354,494533.936094292,4732465.15523927
355,494470.984610918,4734002.9700474
356,494488.970749025,4736296.20265603
357,494524.943025239,4736682.90462533
358,493571.677705575,4727051.32766911
359,493769.525224751,4728472.23257955
360,493733.552948537,4728876.92068695
361,493841.469777178,4730046.0196639
362,498373.976580105,4727132.26529059
363,522340.505607487,4727527.96032894
364,494731.783613467,4727680.84250285
365,511189.099981238,4727707.82171001
366,500802.10522453,4727707.82171001
367,503167.282385581,4730396.74935698
368,502402.87151604,4731811.24167077
369,514264.72959751,4728112.50981741
370,513860.041490106,4728040.56526498
371,488292.746171214,4728211.433577
372,498796.650825616,4728247.40585321
373,493238.934150598,4728454.24644144
374,519291.855198375,4728499.21178671
375,524354.953075454,4730495.67311657
376,497978.281541754,4728598.13554629
377,492105.807449867,4728742.02465115
378,493688.58760327,4729911.12362809
379,514822.299878822,4729380.53255394
380,513887.020697266,4728166.46823173
381,517007.615658805,4729587.37314217
382,515092.091950425,4732905.81562289
383,513050.665275297,4732797.89879424
384,510145.90397104,4733184.60076354
385,509264.583203805,4731700.74436973
386,508617.082231958,4730612.58301426
387,505496.487270419,4734146.85915226
388,503455.060595291,4736925.71748977
389,503194.261592742,4737420.33628771
390,509399.479239606,4729632.33848744
391,530542.184584212,4729803.20679945
392,493679.594534216,4729902.13055904
393,500505.333945767,4732671.9958275
394,514390.632564258,4730099.97807822
395,520406.995761,4730315.8117355
396,523860.334277516,4730693.52063574
397,523833.355070356,4730711.50677385
398,487078.681849001,4730720.4998429
399,490711.881746586,4731610.81367919
400,495082.513306551,4731161.16022652
401,512978.72072287,4731565.84833393
402,511207.086119345,4731610.81367919
403,489785.595634083,4732042.48099376
404,519804.460134421,4732078.45326997
405,506485.724866296,4732114.42554618
406,527025.894584322,4732168.38396051
407,492609.419316859,4732788.90572519
408,500172.59039079,4732923.80176099
409,500694.188395889,4735109.11754098
410,500361.444840912,4735891.51454862
411,500532.313152927,4736323.18186319
412,502474.816068468,4732959.77403721
413,526774.088650826,4733094.67007301
414,500037.694354989,4733391.44135177
415,486197.361081765,4733643.24728527
416,486754.931363078,4733993.97697835
417,494452.998472811,4736260.23037981
418,507412.010978799,4733751.16411391
419,504453.291260221,4735891.51454862
420,498302.032027678,4733814.11559728
421,500136.618114577,4735711.65316756
422,516090.322615355,4734101.89380699
423,515271.953331494,4733553.31659473
424,518644.354226529,4734182.83142847
425,524993.460978248,4736592.97393479
426,525380.162947545,4736799.81452302
427,527016.901515269,4734398.66508576
428,485990.520493537,4734434.63736197
429,528392.841080443,4734821.33933127
430,513005.69993003,4735270.99278394
431,510703.474252353,4735324.95119826
432,499704.950800012,4735585.75020081
433,491737.091618676,4735657.69475323
434,515478.793919722,4735711.65316756
435,526117.594609926,4735783.59771998
436,524426.897627882,4736224.2581036
437,493301.885633972,4736224.2581036
438,494138.241055941,4736853.77293734
439,488886.28872874,4736251.23731076
440,493823.483639071,4737860.99667132
441,518518.451259781,4736440.09176088
442,499453.144866516,4736700.89076343
443,527313.672794032,4736709.88383249
444,485477.915557491,4736817.80066113
445,493787.511362858,4737959.92043091
446,503095.337833154,4737258.46104474
447,514597.473152487,4737456.30856392
448,513329.450415953,4742015.79457401
449,512610.004891679,4742771.2123745
450,512187.330646168,4743014.02523894
451,511665.73264107,4743319.78958675
452,507879.650569577,4743598.57472741
453,506728.537730738,4744506.87470181
454,517601.158216331,4737600.19766877
455,498023.246887021,4737860.99667132
456,500424.396324286,4740747.77183747
457,500622.243843462,4741593.1203285
458,503374.12297381,4737591.20459972
459,502753.601209124,4739362.83920325
460,502645.684380483,4740343.08373007
461,526828.047065147,4738472.52536696
462,525973.705505071,4739758.5342416
463,512313.233612916,4738526.48378128
464,524723.668906645,4739299.88771987
465,516935.671106378,4739623.6382058
466,518473.485914513,4741287.35598068
467,522052.727397777,4743616.56086552
468,496980.050876824,4739767.52731065
469,500199.569597951,4740424.02135155
470,532017.047908974,4739776.5203797
471,532008.05483992,4740073.29165847
472,532457.708292592,4740612.87580167
473,532871.389469049,4740756.76490653
474,530236.420236395,4744093.19352535
475,529768.780645617,4744201.11035399
476,525973.705505071,4745289.27170945
477,526414.365888689,4739848.46493213
478,531810.207320745,4739920.40948456
479,532997.292435797,4739947.38869172
480,501467.592334484,4740028.3263132
481,486152.395736498,4740172.21541805
482,485325.033383583,4742420.48268141
483,488697.434278618,4743859.37372996
484,490433.096605929,4742861.14306503
485,490792.819368066,4742456.45495762
486,491386.361925593,4741746.0025024
487,491683.133204356,4740801.73025179
488,530191.454891128,4740397.04214439
489,489389.900595732,4740720.79263031
490,526603.220338811,4740990.58470192
491,488112.884790145,4741143.46687583
492,502582.732897109,4741215.41142825
493,508374.269367515,4741233.39756636
494,508248.366400767,4741817.94705483
495,508185.414917393,4742438.46881952
496,508203.4010555,4743148.92127474
497,508796.943613026,4741350.30746405
498,504839.993229519,4741413.25894743
499,504732.076400878,4741332.32132595
500,524327.973868294,4741611.1064666
501,509066.735684629,4741629.09260471
502,495253.381618566,4741692.04408808
503,496476.439009832,4741575.13419039
504,514273.722666563,4741737.00943335
505,504759.055608038,4741763.98864051
506,525910.754021697,4741979.82229779
507,512708.928651267,4741988.81536685
508,499174.35972586,4741997.8084359
509,499992.729009722,4741422.25201648
510,517915.915633201,4742024.78764306
511,518257.652257231,4741880.89853821
512,491907.959930691,4742141.69754076
513,483589.371056272,4742420.48268141
514,484884.372999965,4742492.42723384
515,522061.720466831,4742879.12920314
516,526917.977755681,4742915.10147935
517,508626.075301011,4743032.01137704
518,530083.538062487,4743184.89355095
519,493904.421260552,4743292.81037959
520,494587.894508612,4743283.81731054
521,513599.242487556,4743562.6024512
522,496935.085531557,4743787.42917753
523,497546.61422719,4744102.1865944
524,517403.310697156,4743832.3945228
525,517628.137423491,4743823.40145375
526,517619.144354438,4743841.38759185
527,520496.926451534,4744120.17273251
528,521863.872947655,4744641.77073761
529,522934.048165013,4746278.50930533
530,494219.178677422,4744255.06876831
531,523473.632308219,4744425.93708033
532,508266.352538874,4744650.76380666
533,508185.414917393,4744650.76380666
534,496206.646938229,4745271.28557135
535,498122.170646609,4745316.25091662
536,486269.305634193,4745325.24398567
537,487726.182820848,4744686.73608288
538,488166.843204466,4744282.04797547
539,520595.850211122,4745343.23012378
540,481682.840416945,4745343.23012378
541,491512.264892341,4745415.1746762
542,490684.902539425,4743409.72027729
543,531459.477627661,4745460.14002147
544,530398.295479357,4745810.86971455
545,530110.517269647,4745738.92516213
546,513734.138523358,4745487.11922863
547,530560.170722319,4745927.77961225
548,490388.131260662,4745927.77961225
549,489722.644150709,4746125.62713142
550,489039.170902648,4744695.72915193
551,506935.378318967,4746179.58554574
552,505928.154584983,4746970.97562245
553,505100.792232068,4747114.8647273
554,504309.402155367,4747402.64293701
555,503050.372487887,4748427.8528091
556,501845.301234728,4748355.90825667
557,526621.206476918,4746197.57168385
558,520991.545249473,4746242.53702912
559,522574.325402876,4746926.01027718
560,515937.440441447,4746521.32216977
561,515523.75926499,4750280.42503411
562,515343.897883921,4750631.15472719
563,514777.334533555,4751269.66262998
564,512969.727653816,4750532.2309676
565,512870.803894229,4750442.30027707
566,503535.998216772,4748553.75577585
567,482896.904739158,4746674.20434368
568,484956.317552393,4746539.30830788
569,485891.596733949,4746278.50930533
570,519876.404686848,4746818.09344854
571,522628.283817197,4747420.62907512
572,488652.468933351,4746952.98948434
573,493481.747015041,4747105.87165825
574,494003.34502014,4747960.21321832
575,495136.471720872,4749120.31912621
576,495280.360825726,4749911.70920292
577,513275.492001633,4747339.69145364
578,480810.512718763,4747411.63600606
579,482429.26514838,4748400.87360194
580,482483.2235627,4748382.88746383
581,502654.677449536,4747519.5528347
582,500091.65276931,4747582.50431808
583,527187.769827284,4747726.39342293
584,524732.661975698,4748832.5409165
585,497573.59343435,4747969.20628738
586,530659.094481907,4748032.15777075
587,530272.392512609,4747519.5528347
588,522466.408574235,4748238.99835898
589,492618.412385912,4748319.93598046
590,530497.219238945,4748400.87360194
591,530299.371719769,4748149.06766844
592,518563.416605048,4748481.81122342
593,522484.394712342,4750954.90521311
594,495181.437066139,4748787.57557124
595,503724.852666894,4748805.56170934
596,498652.761720761,4748994.41615947
597,525038.426323515,4749003.40922852
598,486206.354150819,4749003.40922852
599,487231.56402291,4747897.26173495
600,481961.625557602,4749201.25674769
601,530146.489545861,4749417.09040498
602,490073.373843792,4749417.09040498
603,488607.503588084,4753742.75661968
604,488067.919444878,4754857.8971823
605,487870.071925703,4755541.37043036
606,487339.480851551,4756836.37237405
607,487069.688779948,4757061.19910039
608,486350.243255674,4758446.13173462
609,486629.02839633,4759228.52874227
610,487798.127373275,4760280.71782152
611,488310.732309321,4760442.59306448
612,489111.115455076,4761009.15641484
613,491674.140135302,4761287.9415555
614,493418.795531667,4761054.12176011
615,494264.144022689,4760586.48216933
616,495954.841004733,4761719.60887006
617,497096.960774518,4764165.7236526
618,497060.988498305,4764651.34938148
619,492420.564866737,4749614.93792415
620,522817.138267318,4749740.8408909
621,483238.641363188,4749794.79930522
622,515856.502819966,4749857.7507886
623,500199.569597951,4749992.6468244
624,500010.715147829,4750730.07848678
625,499606.027040425,4751206.71114661
626,498904.567654257,4753293.103167
627,498796.650825616,4754192.41007235
628,513482.332589862,4750091.57058398
629,519876.404686848,4750496.25869139
630,521998.768983457,4751008.86362743
631,501521.550748804,4752888.4150596
632,500487.34780766,4753284.11009795
633,527754.33317765,4750604.17552003
634,515883.482027127,4750775.04383205
635,500963.980467492,4750802.0230392
636,521585.087806999,4751008.86362743
637,502672.663587643,4751098.79431797
638,494318.10243701,4751260.66956093
639,486080.451184071,4751296.64183714
640,526126.58767898,4751773.27449698
641,514957.195914624,4751953.13587804
642,492177.752002294,4752204.94181154
643,495927.861797573,4754372.27145342
644,497789.427091632,4754857.8971823
645,497492.655812869,4756395.71199044
646,486907.813536986,4752339.83784734
647,487402.432334925,4753302.09623606
648,519273.869060268,4752591.64378084
649,531180.692487005,4752942.37347392
650,530470.240031785,4754030.53482939
651,528887.459878381,4753895.63879358
652,527745.340108596,4753877.65265548
653,523941.271898997,4754794.94569893
654,497420.711260442,4753032.30416445
655,523545.576860646,4753158.2071312
656,528221.972768428,4753212.16554552
657,487150.626401429,4753293.103167
658,499237.311209234,4753589.87444577
659,484425.72647824,4753832.68731021
660,514354.660288044,4753868.65958642
661,531036.80338215,4754075.50017465
662,491782.056963943,4754129.45858897
663,529786.766783724,4754237.37541761
664,516315.149341691,4754282.34076288
665,517412.303766209,4755739.21794954
666,500388.424048073,4755091.71697769
667,499372.207245035,4754866.89025135
668,491611.188651928,4755091.71697769
669,501440.613127324,4754785.95262987
670,488661.462002404,4755181.64766822
671,520964.566042313,4755379.4951874
672,513041.672206244,4755730.22488048
673,513428.374175541,4760379.6415811
674,514723.376119235,4760811.30889567
675,498194.115199037,4755847.13477818
676,483220.655225081,4755973.03774493
677,483040.793844013,4757744.67234845
678,484012.045301783,4758104.39511059
679,516530.982998973,4756071.96150451
680,527043.880722429,4756287.79516179
681,485972.53435543,4756431.68426665
682,491269.452027898,4756746.44168352
683,492087.82131176,4758967.72973972
684,479704.365225192,4756782.41395973
685,479272.697910627,4757618.7693817
686,480369.852335145,4758230.29807734
687,481197.21468806,4758266.27035355
688,496107.723178642,4757070.19216944
689,496017.792488107,4760604.46830744
690,496548.383562259,4761027.14255295
691,487843.092718543,4757088.17830755
692,503167.282385581,4757313.00503389
693,502519.781413735,4757277.03275767
694,476925.506887683,4757456.89413874
695,479011.898908078,4757492.86641495
696,528356.868804229,4758041.44362721
697,525838.80946927,4758113.38817964
698,523797.382794142,4758023.45748911
699,523338.736272417,4757555.81789833
700,490397.124329716,4758068.42283437
701,523167.867960402,4758176.33966301
702,509696.250518369,4758185.33273207
703,481089.297859419,4758572.03470137
704,480019.122642061,4758787.86835865
705,536396.672537993,4759075.64656836
706,537439.86854819,4759876.02971411
707,538096.36258909,4760469.57227164
708,542107.271386918,4765469.71866534
709,542592.897115804,4767996.77106936
710,542952.619877941,4768905.07104375
711,544193.663407314,4770730.6640616
712,544202.656476367,4770757.64326876
713,544715.261412412,4772412.36797459
714,546001.270287052,4773482.54319195
715,547143.390056837,4774112.05802569
716,547898.807857325,4774534.7322712
717,550254.991949323,4776639.1104297
718,551567.980031123,4779597.83014828
719,548717.177141187,4783168.07856249
720,548429.398931477,4783464.84984125
721,547503.112818974,4784472.07357523
722,547458.147473707,4784499.05278239
723,547305.265299799,4785488.29037827
724,546846.618778074,4785704.12403555
725,545902.346527465,4786837.25073629
726,545065.991105496,4786927.18142682
727,543105.502051849,4788078.29426566
728,542646.855530124,4788384.05861347
729,541001.123893347,4788779.75365183
730,539787.059571134,4790470.45063387
731,537880.528931808,4792314.02978982
732,536819.346783504,4792826.63472587
733,536657.471540542,4792889.58620924
734,535776.150773306,4793087.43372842
735,534903.823075124,4792790.66244965
736,534400.211208132,4792242.0852374
737,533437.952819415,4792134.16840875
738,533428.959750362,4792134.16840875
739,528554.716323405,4792889.58620924
740,528212.979699374,4792700.73175912
741,526837.0401342,4793627.01787162
742,526531.275786384,4794499.3455698
743,521657.032359426,4796405.87620913
744,521405.226425931,4795848.30592782
745,520919.600697046,4795218.79109408
746,520433.97496816,4794661.22081277
747,517160.497832713,4793384.20500718
748,517178.48397082,4792260.0713755
749,516872.719623004,4791504.65357501
750,517960.880978468,4789382.2892784
751,518275.638395338,4788707.8090994
752,518581.402743155,4787457.77250097
753,518437.5136383,4787107.04280789
754,517799.005735506,4786459.54183604
755,517673.102768758,4786072.83986674
756,517592.165147278,4784750.85871589
757,517313.380006621,4784499.05278239
758,515092.091950425,4784193.28843458
759,514660.424635861,4783626.72508421
760,514651.431566807,4783626.72508421
761,513140.595965832,4783563.77360084
762,510118.92476388,4782484.60531443
763,509489.40993014,4782556.54986685
764,507708.782257562,4782772.38352414
765,507295.101081104,4782520.57759064
766,506072.043689838,4782340.71620957
767,504983.882334374,4782007.9726546
768,504084.575429031,4781828.11127353
769,504075.582359978,4781837.10434258
770,503176.275454635,4780892.83209197
771,498338.004303891,4760073.87723329
772,520200.155172771,4759219.53567321
773,527205.755965391,4759615.23071156
774,488319.725378374,4759651.20298778
775,516800.775070576,4759723.1475402
776,536783.37450729,4759786.09902358
777,538276.223970159,4760145.82178572
778,514525.528600059,4760523.53068596
779,482645.098805662,4760622.45444555
780,496395.501388351,4760721.37820513
781,511000.245531116,4760766.3435504
782,512583.025684519,4760721.37820513
783,485190.137347782,4760775.33661946
784,524067.174865745,4760802.31582662
785,524211.0639706,4759813.07823074
786,524265.02238492,4759525.30002103
787,508626.075301011,4760964.19106958
788,509183.645582324,4765163.95431753
789,509363.506963392,4765784.47608221
790,509453.437653927,4765928.36518707
791,511719.69105539,4767753.95820491
792,512897.783101389,4767538.12454763
793,512439.136579664,4760991.17027674
794,522547.346195716,4761099.08710538
795,474236.579240708,4761314.92076266
796,475162.865353211,4760919.22572431
797,476502.832642172,4759426.37626144
798,519031.056195826,4761341.89996982
799,492591.433178752,4761386.86531509
800,530749.025172441,4761467.80293657
801,530928.886553509,4762358.11677286
802,531738.262768318,4763329.36823063
803,531918.124149386,4763509.2296117
804,531927.11721844,4764633.36324337
805,535200.594353887,4765730.51766789
806,537170.076476587,4764489.47413852
807,537997.438829503,4764336.59196461
808,488859.30952158,4761467.80293657
809,499021.477551952,4762421.06825623
810,498589.810237387,4762915.68705417
811,486988.751158467,4761593.70590332
812,474542.343588525,4761593.70590332
813,536603.513126221,4761665.65045574
814,537925.494277075,4764309.61275745
815,495667.062795024,4761782.56035344
816,525335.197602278,4761890.47718208
817,533348.022128881,4761917.45638924
818,480333.880058931,4762007.38707977
819,479335.649394001,4762367.10984191
820,477537.035583316,4761422.8375913
821,529921.662819525,4762034.36628693
822,476637.728677973,4762564.95736109
823,516944.664175431,4762960.65239944
824,516216.225582103,4763518.22268075
825,482878.918601051,4763077.56229713
826,483427.49581331,4764435.5157242
827,484704.511618897,4765047.04441983
828,485738.714560041,4765487.70480345
829,488310.732309321,4765946.35132518
830,490918.722334814,4766243.12260394
831,492177.752002294,4765928.36518707
832,494048.310365407,4765047.04441983
833,494381.053920384,4765047.04441983
834,496431.473664565,4768077.70869084
835,496530.397424153,4768410.45224581
836,530434.267755571,4763104.54150429
837,536720.423023916,4763212.45833293
838,495972.82714284,4763437.28505927
839,496872.134048183,4764660.34245053
840,488652.468933351,4763554.19495696
841,521486.164047411,4763599.16030223
842,521818.907602388,4765316.83649144
843,522412.450159914,4766584.85922797
844,521701.997704694,4769768.40567288
845,521090.469009061,4770793.61554497
846,520991.545249473,4770937.50464983
847,520712.760108817,4773374.62636331
848,520128.210620344,4774112.05802569
849,519120.98688636,4776342.33915094
850,519085.014610146,4776522.20053201
851,518797.236400437,4776971.85398468
852,518059.804738056,4777016.81932994
853,516782.788932469,4777538.41733504
854,516692.858241935,4777565.3965422
855,514147.819699815,4776702.06191307
856,513464.346451755,4776989.84012278
857,511297.016809879,4777871.16089002
858,510559.585147498,4777790.22326854
859,512412.157372504,4763599.16030223
860,536405.665607046,4764075.79296206
861,481556.937450197,4764111.76523828
862,482420.272079326,4764705.3077958
863,527169.783689177,4764291.62661934
864,527205.755965391,4765856.42063464
865,525488.079776186,4768581.32055783
866,522484.394712342,4770676.70564728
867,521845.886809548,4770964.48385699
868,497555.607296243,4765361.8018367
869,529597.912333602,4764327.59889556
870,523833.355070356,4764336.59196461
871,525182.31542837,4764399.54344799
872,496368.522181191,4764516.45334568
873,493796.504431911,4764525.44641473
874,520694.77397071,4764696.31472675
875,521477.170978358,4768563.33441972
876,508059.511950645,4764705.3077958
877,484821.421516591,4764723.29393391
878,522025.748190617,4764759.26621012
879,509444.444584873,4764759.26621012
880,490819.798575227,4764894.16224592
881,517655.116630652,4764993.08600551
882,475657.48415115,4765199.92659374
883,478238.494969483,4764390.55037893
884,478877.002872276,4763958.88306437
885,497663.524124884,4765244.89193901
886,479668.392948978,4765397.77411292
887,528221.972768428,4765838.43449653
888,508113.470364966,4766036.28201571
889,508149.44264118,4766027.28894666
890,497717.482539205,4765883.3998418
891,497483.662743816,4766917.60278295
892,497384.738984228,4767187.39485455
893,516171.260236836,4766288.08794921
894,507528.920876493,4766521.90774459
895,487564.307577886,4766539.8938827
896,532205.902359096,4766845.65823052
897,531468.470696715,4767592.08296195
898,529534.960850228,4767771.94434302
899,527169.783689177,4768266.56314096
900,512708.928651267,4767142.42950928
901,496296.577628764,4767232.36019982
902,516027.371131981,4767430.20771899
903,529561.940057388,4767655.03444533
904,489066.150109809,4767816.90968829
905,489524.796631533,4768086.70175989
906,543833.940645176,4767825.90275734
907,542431.021872842,4767843.88889545
908,542574.910977697,4767996.77106936
909,520065.25913697,4767933.81958598
910,497564.600365297,4767933.81958598
911,514939.209776517,4768032.74334557
912,538590.981387029,4768104.687898
913,478454.328626765,4768230.59086475
914,489192.053076557,4768239.5839338
915,489497.817424373,4768131.66710516
916,475693.456427363,4768239.5839338
917,547485.126680868,4768248.57700285
918,548942.003867523,4769165.8700463
919,549481.588010728,4771063.40761658
920,551208.257268986,4772619.20856282
921,551289.194890467,4772933.96597969
922,550542.770159033,4774157.02337095
923,550066.137499201,4774903.44810239
924,551316.174097627,4776252.4084604
925,552044.612690955,4778599.59948335
926,482762.008703357,4768374.4799696
927,482492.216631754,4768392.46610771
928,544949.081207801,4768581.32055783
929,507969.581260111,4768581.32055783
930,510253.820799682,4769345.73142737
931,535074.691387139,4768590.31362688
932,549112.872179538,4768788.16114606
933,492798.273766981,4768806.14728417
934,493292.892564919,4767133.43644023
935,527826.277730077,4768941.04331997
936,551316.174097627,4769021.98094145
937,552215.48100297,4771441.11651682
938,542125.257525025,4769075.93935577
939,482006.590902869,4769129.89777009
940,482150.480007724,4768761.1819389
941,485882.603664896,4769192.84925346
942,487986.981823397,4769786.39181099
943,494201.192539315,4769237.81459873
944,482393.292872166,4769534.58587749
945,504075.582359978,4769552.5720156
946,499579.047833264,4770802.60861403
947,499021.477551952,4770622.74723296
948,555452.985862204,4769561.56508465
949,555857.673969608,4771189.31058332
950,554508.713611594,4771665.94324315
951,514876.258293143,4769579.55122276
952,519426.751234177,4769750.41953477
953,519705.536374833,4770137.12150407
954,547008.494021036,4769831.35715626
955,537277.993305228,4770173.09378029
956,542377.063458521,4772268.47886973
957,544391.510926489,4772871.01449631
958,507825.692155256,4770218.05912555
959,525110.370875942,4770272.01753987
960,524903.530287714,4770694.69178538
961,524678.703561378,4770955.49078793
962,523032.971924601,4771441.11651682
963,514129.833561708,4770451.87892094
964,511315.002947986,4770685.69871633
965,525578.01046672,4770712.67792349
966,532556.632052179,4770730.6640616
967,503751.831874054,4770793.61554497
968,480594.679061481,4770901.53237361
969,480189.990954077,4772016.67293624
970,480019.122642061,4772700.1461843
971,479731.344432352,4773932.19664462
972,479407.593946428,4775002.37186198
973,479974.157296794,4777286.61140155
974,480091.067194489,4777259.63219439
975,480118.046401649,4777286.61140155
976,482501.209700807,4778446.71730944
977,483256.627501295,4778482.68958565
978,485657.77693856,4777997.06385677
979,486682.986810651,4778725.50245009
980,486709.966017811,4779085.22521223
981,487618.265992207,4780299.28953444
982,488112.884790145,4780434.18557025
983,490154.311465273,4780847.8667467
984,493433.558463126,4782510.17150479
985,545488.665351007,4770955.49078793
986,546073.21483948,4772268.47886973
987,486296.284841353,4771018.44227131
988,487564.307577886,4770586.77495674
989,489416.879802892,4771036.42840941
990,552611.176041321,4771072.40068563
991,543060.536706582,4771135.352169
992,517178.48397082,4771207.29672143
993,554418.78292106,4771279.24127386
994,556999.793739393,4771432.12344777
995,530065.55192438,4771486.08186209
996,528824.508395007,4773482.54319195
997,528635.653944885,4774732.57979037
998,528554.716323405,4775299.14314074
999,528033.118318306,4777250.63912533
1000,528078.083663573,4778347.79354985
1001,529714.822231297,4779984.53211757
1002,529858.711336151,4780739.94991806
1003,529813.745990884,4781756.1667211
1004,528635.653944885,4784454.08743713
1005,528392.841080443,4784642.94188725
1006,527880.236144398,4786693.36163143
1007,527007.908446215,4787808.50219406
1008,526090.615402766,4789265.37938071
1009,525955.719366964,4789328.33086408
1010,525308.218395118,4789598.12293569
1011,525622.975811988,4792403.96048036
1012,491925.946068798,4771620.97789789
1013,479848.254330046,4771638.96403599
1014,478445.335557712,4771638.96403599
1015,478966.933562811,4772601.22242471
1016,541306.888241164,4771818.82541706
1017,546828.632639967,4771827.81848612
1018,506854.440697486,4771854.79769328
1019,506179.960518479,4774166.01644001
1020,486790.903639292,4771872.78383138
1021,535686.220082772,4771971.70759097
1022,536270.769571245,4774022.12733515
1023,538851.780389578,4775389.07383127
1024,538923.724942005,4775919.66490543
1025,539274.454635089,4777178.69457291
1026,539508.274430478,4779175.15590277
1027,538986.676425379,4780029.49746284
1028,538968.690287273,4781675.22909962
1029,539004.662563486,4783446.86370314
1030,540056.851642737,4785901.97155473
1031,540092.823918951,4785919.95769284
1032,540182.754609485,4787646.62695109
1033,538842.787320525,4772016.67293624
1034,539238.482358875,4774336.88475202
1035,494515.949956185,4772061.63828151
1036,494929.631132643,4772412.36797459
1037,524903.530287714,4772088.61748867
1038,533590.834993324,4772106.60362677
1039,534085.453791262,4773509.52239911
1040,477024.43064727,4772115.59669583
1041,514561.500876273,4772385.38876743
1042,485891.596733949,4772862.02142726
1043,486107.430391231,4774121.05109474
1044,485774.686836254,4775299.14314074
1045,485801.666043415,4775505.98372897
1046,485477.915557491,4777142.72229669
1047,543968.836680978,4772889.00063442
1048,519498.695786604,4772996.91746306
1049,477213.285097392,4773014.90360117
1050,557134.689775194,4773032.88973928
1051,556262.362077012,4774255.94713054
1052,552530.23841984,4778266.85592837
1053,487078.681849001,4773077.85508454
1054,481107.283997526,4773077.85508454
1055,496719.251874275,4773140.80656792
1056,505487.494201366,4773203.75805129
1057,502861.518037765,4773239.7303275
1058,494273.137091743,4773248.72339656
1059,528770.549980687,4773410.59863952
1060,474596.302002845,4773482.54319195
1061,472222.131772741,4775856.71342205
1062,472294.076325168,4776468.24211768
1063,476763.631644721,4778869.39155495
1064,477617.973204797,4778752.48165725
1065,478058.633588414,4777916.12623529
1066,478148.564278949,4777745.25792327
1067,478346.411798124,4777520.43119694
1068,479623.427603711,4777484.45892072
1069,491934.939137852,4773518.51546816
1070,550048.151361094,4773599.45308964
1071,533357.015197934,4773617.43922775
1072,512376.18509629,4773743.3421945
1073,558663.511514277,4773815.28674692
1074,547476.133611814,4773869.24516124
1075,512394.171234397,4774013.1342661
1076,540713.345683637,4774031.12040421
1077,476502.832642172,4774094.07188758
1078,478067.626657468,4776845.95101793
1079,478031.654381254,4776989.84012278
1080,524247.036246813,4774103.06495663
1081,523005.99271744,4772430.3541127
1082,471898.381286817,4774139.03723285
1083,561514.314404213,4774246.95406149
1084,561667.196578121,4774912.44117144
1085,561217.54312545,4775056.3302763
1086,557539.377882599,4777772.23713043
1087,557269.585810996,4777961.09158055
1088,555273.124481135,4777493.45198978
1089,554652.602716449,4777970.08464961
1090,553366.593841809,4778149.94603068
1091,498086.198370395,4774255.94713054
1092,483994.059163676,4774363.86395918
1093,520730.746246924,4774408.82930445
1094,518671.333433689,4774462.78771877
1095,518878.174021918,4774741.57285943
1096,515397.856298242,4774489.76692593
1097,508014.546605378,4774498.75999498
1098,490720.874815639,4774516.74613309
1099,492672.370800233,4775775.77580057
1100,518968.104712452,4774552.7184093
1101,563034.143074242,4774678.62137605
1102,549310.719698713,4774678.62137605
1103,528914.439085542,4774678.62137605
1104,552764.058215229,4774741.57285943
1105,544724.254481466,4774768.55206659
1106,549202.802870072,4776549.17973917
1107,522655.263024357,4774822.51048091
1108,522556.339264769,4773185.77191318
1109,561226.536194503,4775002.37186198
1110,480387.838473252,4775200.21938115
1111,497807.413229739,4775263.17086453
1112,487771.148166115,4775317.12927885
1113,559553.825350566,4775461.0183837
1114,556568.126424828,4776899.90943225
1115,528842.494533114,4775479.00452181
1116,496890.12018629,4775577.92828139
1117,532493.680568806,4775613.90055761
1118,531972.082563707,4776495.22132484
1119,517870.950287934,4775667.85897193
1120,541873.451591529,4775829.73421489
1121,541873.451591529,4776765.01339645
1122,477752.869240598,4775883.69262921
1123,562944.212383708,4775982.6163888
1124,562458.586654823,4776090.53321744
1125,561073.654020595,4777736.26485422
1126,560408.166910642,4777745.25792327
1127,491440.320339913,4776009.59559596
1128,476655.71481608,4776108.51935555
1129,500559.292360088,4776315.35994378
1130,556846.911565485,4776324.35301283
1131,537655.702205472,4776423.27677242
1132,503347.14376665,4776486.22825579
1133,524408.911489775,4776567.16587727
1134,519507.688855658,4776621.12429159
1135,485747.707629094,4776621.12429159
1136,475963.248498966,4776621.12429159
1137,482222.424560151,4776693.06884402
1138,547206.341540211,4776711.05498213
1139,548123.634583661,4777007.82626089
1140,542871.68225646,4776836.95794887
1141,533500.904302789,4776890.9163632
1142,527268.707448765,4776890.9163632
1143,469227.43977795,4776962.86091562
1144,469829.975404529,4777385.53516113
1145,480333.880058931,4776998.83319184
1146,546244.083151495,4777232.65298723
1147,553744.302742052,4777277.61833249
1148,513554.277142289,4777511.43812788
1149,505397.563510831,4777583.38268031
1150,490370.145122555,4777682.3064399
1151,493005.114355209,4777727.27178516
1152,494213.741524415,4780793.29375502
1153,516369.107756012,4777853.17475191
1154,506998.329802341,4777871.16089002
1155,500999.952743706,4777880.15395907
1156,519543.661131871,4777907.13316623
1157,518626.368088422,4777691.29950895
1158,486979.758089414,4777907.13316623
1159,468912.68236108,4778051.02227109
1160,522952.03430312,4778131.95989257
1161,521567.101668892,4780020.50439379
1162,521378.24721877,4780281.30339634
1163,521144.427423381,4780739.94991806
1164,519120.98688636,4783689.67656759
1165,518491.47205262,4783878.53101771
1166,518761.264124223,4778311.82127364
1167,526792.074788933,4778419.73810228
1168,521423.212564037,4778473.6965166
1169,519022.063126773,4783168.07856249
1170,537718.653688846,4778482.68958565
1171,537754.62596506,4779319.04500762
1172,537880.528931808,4779462.93411248
1173,549148.844455751,4778545.64106903
1174,549949.227601507,4779256.09352425
1175,549292.733560606,4781288.52713032
1176,548798.114762668,4781747.17365205
1177,561919.002511617,4778554.63413808
1178,535650.247806558,4778626.57869051
1179,542619.876322964,4778680.53710483
1180,542502.966425269,4779229.11431709
1181,546118.180184747,4778716.50938104
1182,549670.44246085,4779355.01728383
1183,511854.587091191,4778797.44700252
1184,510020.001004293,4778833.41927874
1185,554202.949263777,4778977.30838359
1186,553915.171054068,4780811.89447049
1187,487528.335301673,4779175.15590277
1188,477653.94548101,4779220.12124803
1189,559050.213483574,4779283.07273141
1190,558879.345171559,4779049.25293602
1191,517268.414661354,4779292.06580046
1192,472446.958499076,4779328.03807667
1193,473912.828754785,4780038.49053189
1194,474560.329726632,4779876.61528893
1195,549247.768215339,4779399.9826291
1196,543555.15550452,4779642.79549354
1197,521944.810569136,4779696.75390786
1198,555030.311616692,4779786.6845984
1199,527115.825274856,4779876.61528893
1200,526819.053996093,4782205.82017377
1201,480693.602821068,4779903.59449609
1202,536828.339852557,4780083.45587716
1203,532862.396399996,4780209.35884391
1204,504183.499188619,4780353.24794876
1205,470396.538754895,4780362.24101782
1206,473670.015890342,4780218.35191296
1207,522493.387781395,4780614.04695131
1208,548959.99000563,4780676.99843469
1209,546504.882154044,4780820.88753954
1210,547053.459366303,4781405.43702802
1211,562197.787652273,4780901.82516102
1212,510217.848523468,4780901.82516102
1213,510127.917832934,4781675.22909962
1214,564248.207396455,4780946.79050629
1215,482447.251286487,4780955.78357534
1216,482105.514662456,4780002.51825568
1217,560929.76491574,4780964.7766444
1218,508149.44264118,4781009.74198966
1219,498607.796375494,4781027.72812777
1220,496444.934348177,4781638.44321737
1221,505541.452615686,4781063.70040399
1222,469802.996197369,4781225.57564695
1223,471223.90110781,4781477.38158044
1224,471457.720903199,4781288.52713032
1225,473265.327782938,4780676.99843469
1226,510370.730697376,4781333.49247559
1227,473346.265404419,4781369.4647518
1228,514966.188983677,4781387.45088991
1229,515397.856298242,4781540.33306382
1230,515847.509750913,4782484.60531443
1231,546900.577192395,4781396.44395896
1232,532799.444916622,4781414.43009707
1233,515415.842436348,4781423.42316612
1234,495438.887710206,4782065.04411209
1235,484641.560135523,4781504.3607876
1236,485738.714560041,4781657.24296151
1237,525712.906502522,4781513.35385666
1238,526180.5460933,4781909.04889501
1239,479002.905839024,4781729.18751394
1240,478274.467245697,4781144.63802547
1241,477905.751414506,4779876.61528893
1242,539337.406118463,4781855.09048069
1243,535542.330977917,4781927.03503311
1244,537853.549724648,4783428.87756504
1245,537988.445760449,4783644.71122232
1246,542565.917908643,4781936.02810217
1247,518050.811669002,4781954.01424027
1248,480945.408754564,4781972.00037838
1249,555884.653176768,4782061.93106892
1250,555857.673969608,4782439.63996916
1251,552512.252281733,4783275.99539113
1252,550596.728573353,4784382.1428847
1253,548879.052384149,4784517.0389205
1254,546729.70888038,4786585.44480279
1255,522151.651157365,4782070.92413797
1256,525137.350083103,4782259.77858809
1257,515973.412717661,4782349.70927863
1258,469901.919956957,4782412.660762
1259,474821.128729181,4782529.57065969
1260,546459.916808777,4782601.51521212
1261,502456.829930361,4782628.49441928
1262,499794.881490546,4782934.2587671
1263,498194.115199037,4782466.61917632
1264,486718.959086864,4783159.08549343
1265,537520.806169671,4783195.05776965
1266,477896.758345453,4783311.96766734
1267,483634.336401539,4783482.83597936
1268,484164.927475691,4783491.82904841
1269,521486.164047411,4783581.75973894
1270,546792.660363754,4783689.67656759
1271,472393.000084756,4783770.61418907
1272,533042.257781064,4783824.57260339
1273,557881.114506629,4783914.50329392
1274,506926.385249914,4783986.44784635
1275,488922.261004954,4784049.39932972
1276,492514.773003953,4784504.93568538
1277,563735.602460409,4784121.34388215
1278,559994.485734184,4783006.20331953
1279,559688.721386367,4782655.47362644
1280,561811.085682976,4784184.29536552
1281,536243.790364084,4784238.25377985
1282,477402.139547514,4784373.14981565
1283,499120.401311539,4784409.12209186
1284,525811.83026211,4784472.07357523
1285,526135.580748033,4786306.65966213
1286,484443.712616347,4784499.05278239
1287,502618.705173322,4784526.03198955
1288,513248.512794473,4784678.91416346
1289,549427.629596408,4784759.85178494
1290,513887.020697266,4784966.69237317
1291,481179.228549953,4785074.60920181
1292,482267.389905418,4785767.07551893
1293,481583.916657358,4788213.19030146
1294,481431.034483449,4788977.601171
1295,481790.757245586,4790803.19418885
1296,481637.875071678,4791567.60505839
1297,552827.009698603,4785272.45672099
1298,533231.112231186,4785353.39434247
1299,531783.228113585,4786288.67352403
1300,529202.217295251,4786846.24380534
1301,482411.279010273,4785371.38048058
1302,471394.769419825,4785416.34582584
1303,468921.675430133,4788536.94078738
1304,469928.899164117,4789265.37938071
1305,470477.476376376,4789849.92886918
1306,471502.686248466,4790452.46449576
1307,473121.438678083,4790776.21498169
1308,473400.223818739,4791198.8892272
1309,474641.267348112,4791891.35554431
1310,475936.269291806,4792583.82186142
1311,477078.389061591,4792583.82186142
1312,478877.002872276,4791801.42485378
1313,479938.185020581,4791414.72288448
1314,480783.533511603,4791585.59119649
1315,524166.098625332,4785479.29730922
1316,547130.231839335,4785382.8052585
1317,519669.564098619,4785551.24186165
1318,504507.249674542,4785596.20720691
1319,557017.7798775,4785713.11710461
1320,556882.883841698,4785740.09631177
1321,555345.069033562,4784822.80326832
1322,515244.974124333,4785964.9230381
1323,563870.498496211,4786108.81214296
1324,474848.107936341,4786117.80521201
1325,474785.156452967,4787232.94577464
1326,474632.274279059,4787763.53684879
1327,486691.979879704,4786234.71510971
1328,489885.699488048,4787985.72997339
1329,531909.131080333,4786423.56955983
1330,545866.374251251,4786459.54183604
1331,518887.167090971,4786486.5210432
1332,546325.020772976,4786963.15370303
1333,475936.269291806,4786504.50718131
1334,496953.071669664,4786594.43787184
1335,496872.134048183,4787790.51605595
1336,494767.755889681,4789670.06748811
1337,492924.176733729,4789004.58037816
1338,490076.028398146,4787649.11774395
1339,554283.886885258,4786639.40321711
1340,550470.825606605,4788015.34278228
1341,549508.567217889,4788015.34278228
1342,548753.149417401,4787835.48140122
1343,558879.345171559,4786684.36856238
1344,479434.573153589,4786711.34776954
1345,480315.893920825,4787268.91805085
1346,517978.867116575,4786747.32004575
1347,501431.62005827,4786756.3131148
1348,500954.987398439,4787772.52991784
1349,524175.091694386,4786783.29232197
1350,525784.851054949,4788752.77444466
1351,542925.64067078,4786918.18835777
1352,567305.85087462,4786945.16756493
1353,565471.264787721,4788509.96158022
1354,564598.937089538,4788527.94771833
1355,562494.558931037,4788429.02395874
1356,561514.314404213,4788294.12792294
1357,559931.53425081,4788348.08633726
1358,557476.426399225,4786909.19528871
1359,560327.229289161,4787143.0150841
1360,536477.610159473,4787161.00122221
1361,537610.736860205,4787466.76557002
1362,538276.223970159,4787556.69626056
1363,530101.524200594,4787178.98736032
1364,537349.937857656,4787205.96656748
1365,519094.0076792,4787241.93884369
1366,485945.55514827,4787250.93191274
1367,489345.124509233,4789378.16106843
1368,480306.900851771,4787259.9249818
1369,470846.192207566,4787322.87646517
1370,474353.489138403,4787358.84874138
1371,507088.260492875,4787484.75170813
1372,509462.43072298,4784445.09436807
1373,538222.265555838,4787655.62002015
1374,465828.059675754,4787727.56457257
1375,468076.326939111,4788977.601171
1376,524696.689699485,4787772.52991784
1377,551702.876066925,4787970.37743702
1378,482519.195838914,4788042.32198944
1379,549121.865248591,4788141.24574903
1380,514120.840492655,4788195.20416335
1381,515658.655300791,4789166.45562112
1382,556280.348215119,4788438.0170278
1383,555569.895759898,4788968.60810195
1384,554625.623509288,4788761.76751372
1385,552844.99583671,4789247.3932426
1386,552692.113662802,4789157.46255207
1387,551217.25033804,4788824.71899709
1388,550956.45133549,4788662.84375413
1389,533995.523100728,4788590.8992017
1390,533491.911233736,4789544.16452137
1391,538617.960594189,4788635.86454697
1392,521495.157116465,4788662.84375413
1393,503733.845735947,4788725.7952375
1394,503293.185352329,4788644.85761602
1395,501161.827986667,4787781.5229869
1396,500496.340876714,4788725.7952375
1397,565678.10537595,4788869.68434236
1398,519381.78588891,4788878.67741141
1399,557962.05212811,4788986.59424005
1400,556325.313560386,4789813.95659297
1401,478715.127629315,4788995.58730911
1402,533339.029059828,4789112.4972068
1403,543006.578292261,4789166.45562112
1404,542871.68225646,4788357.07940631
1405,471655.568422375,4789166.45562112
1406,524435.890696935,4789229.4071045
1407,545614.568317755,4789310.34472598
1408,560156.360977146,4789319.33779503
1409,547575.057371402,4789328.33086408
1410,524444.883765989,4789562.15065947
1411,467428.825967264,4789580.13679758
1412,467950.423972363,4789157.46255207
1413,508248.366400767,4789679.06055717
1414,509561.354482568,4789517.18531421
1415,477330.194995087,4789679.06055717
1416,565309.389544759,4789786.97738581
1417,486790.903639292,4789822.94966202
1418,489035.603401003,4790674.9477805
1419,561568.272818534,4789876.90807634
1420,562746.364864532,4789921.87342161
1421,562818.30941696,4789058.53879248
1422,549931.2414634,4789993.81797404
1423,529067.32125945,4790029.79025025
1424,528734.577704473,4791063.9931914
1425,528887.459878381,4791378.75060827
1426,509426.458446766,4790155.693217
1427,485343.01952169,4790191.66549321
1428,488707.563953257,4792296.28899509
1429,558969.275862093,4790254.61697659
1430,556442.22345808,4790299.58232185
1431,534930.802282284,4790272.60311469
1432,483247.634432242,4790326.56152902
1433,563978.415324852,4790371.52687428
1434,529157.251949984,4790632.32587683
1435,491377.368856539,4790677.2912221
1436,489130.437806567,4790277.6243227
1437,495658.06972597,4790767.22191263
1438,495756.993485558,4790164.68628605
1439,528698.605428259,4790812.1872579
1440,511818.614814978,4790812.1872579
1441,505613.397168114,4790947.0832937
1442,475540.574253455,4791090.97239856
1443,536639.485402435,4791243.85457246
1444,547035.473228196,4791549.61892028
1445,546396.965325403,4791765.45257756
1446,499731.930007173,4791594.58426555
1447,499336.234968822,4792098.19613254
1448,497978.281541754,4791405.72981543
1449,467734.590315081,4791720.4872323
1450,551711.869135978,4791765.45257756
1451,501233.772539095,4791783.43871567
1452,499597.033971371,4792709.72482817
1453,468696.848703797,4791810.41792283
1454,557926.079851896,4791882.36247526
1455,480432.803818519,4791981.28623485
1456,547422.175197494,4792017.25851106
1457,547026.480159143,4792017.25851106
1458,546783.6672947,4791882.36247526
1459,513976.9513878,4792152.15454686
1460,514570.493945326,4792538.85651616
1461,516279.177065477,4792664.75948291
1462,497339.773638961,4792152.15454686
1463,554247.914609044,4792179.13375402
1464,507852.671362417,4792179.13375402
1465,513068.651413404,4793878.82380512
1466,533455.938957522,4792188.12682307
1467,523941.271898997,4792206.11296118
1468,494399.040058491,4792206.11296118
1469,546765.681156593,4792556.84265426
1470,517556.192871064,4792709.72482817
1471,502384.885377933,4792763.68324249
1472,499974.742871615,4793456.14955961
1473,486179.374943659,4792763.68324249
1474,488511.717763339,4793660.21781773
1475,553177.739391687,4792907.57234735
1476,549157.837524805,4793096.42679747
1477,548950.996936576,4792529.8634471
1478,547593.043509509,4792763.68324249
1479,558528.615478475,4793213.33669516
1480,558258.823406873,4793033.4753141
1481,557071.73829182,4791864.37633715
1482,555587.881898005,4790038.7833193
1483,521081.475940007,4793411.18421434
1484,558546.601616582,4793429.17035245
1485,490990.666887242,4793779.90004553
1486,488594.818053437,4793081.48365454
1487,505307.632820297,4793896.80994323
1488,507286.108012051,4795659.4514777
1489,516378.100825065,4797260.21776921
1490,535632.261668451,4793968.75449565
1491,477384.153409407,4794004.72677187
1492,507546.9070146,4794229.5534982
1493,507519.92780744,4795299.72871556
1494,522484.394712342,4794238.54656726
1495,515388.863229188,4794292.50498158
1496,516117.301822516,4794202.57429104
1497,470513.44865259,4794310.49111968
1498,475513.595046295,4794418.40794832
1499,474965.017834036,4793573.0594573
1500,511162.120774078,4794508.33863886
1501,513068.651413404,4794364.449534
1502,516117.301822516,4794661.22081277
1503,547080.438573463,4794832.08912478
1504,547691.967269096,4793177.36441895
1505,496044.771695268,4794877.05447005
1506,488777.096556871,4791812.04407706
1507,512906.776170442,4794904.03367721
1508,499084.429035326,4794922.01981532
1509,507735.761464722,4795056.91585112
1510,474434.426759884,4795263.75643935
1511,474281.544585975,4794526.32477697
1512,533330.035990774,4795299.72871556
1513,531126.734072685,4795623.47920148
1514,473759.946580877,4795641.46533959
1515,473580.085199808,4795389.65940609
1516,504210.478395779,4795740.38909918
1517,508428.227781836,4799346.6097896
1518,511377.95443136,4800245.91669494
1519,513806.083075785,4799553.45037783
1520,514291.70880467,4799346.6097896
1521,527763.326246703,4795857.29899687
1522,468822.751670545,4795866.29206593
1523,473256.334713885,4795641.46533959
1524,492366.606452416,4795965.21582551
1525,491170.52826831,4797062.37025003
1526,490684.902539425,4796594.73065925
1527,487463.821040104,4795488.42310857
1528,558483.650133208,4795983.20196362
1529,556783.960082111,4793986.74063376
1530,501503.564610698,4796639.69600452
1531,501971.204201476,4799319.63058244
1532,502007.176477689,4800164.97907346
1533,501773.3566823,4800578.66024992
1534,501278.737884362,4801657.82853633
1535,500667.209188729,4802431.23247493
1536,497591.579572457,4802341.30178439
1537,497069.981567358,4801549.91170769
1538,496170.674662016,4800740.53549288
1539,495370.291516261,4800084.04145198
1540,494569.908370506,4799076.817718
1541,493976.365812979,4798294.42071035
1542,473562.099061701,4796774.59204032
1543,473067.480263763,4796288.96631144
1544,497915.33005838,4796792.57817843
1545,497735.468677312,4797224.24549299
1546,497096.960774518,4797979.66329348
1547,497078.974636412,4797997.64943159
1548,543213.41888049,4796873.51579991
1549,541765.534762888,4796127.09106847
1550,540173.761540432,4795533.54851095
1551,539076.607115914,4793995.73370281
1552,534256.322103277,4796927.47421423
1553,534975.767627551,4797071.36331908
1554,535659.240875612,4796531.77917588
1555,535740.178497092,4796972.4395595
1556,496728.244943328,4796972.4395595
1557,472680.778294465,4796972.4395595
1558,529427.044021587,4797017.40490476
1559,528437.80642571,4798015.63556969
1560,527961.173765879,4797889.73260295
1561,524615.752078004,4799256.67909907
1562,522214.602640739,4798627.16426533
1563,547503.112818974,4797179.28014773
1564,545308.803969938,4797098.34252624
1565,534894.83000607,4797197.26628583
1566,497969.288472701,4797224.24549299
1567,490064.380774739,4797314.17618353
1568,557215.627396675,4797386.12073595
1569,483490.447296684,4797431.08608122
1570,549940.234532453,4797601.95439324
1571,549499.574148835,4797700.87815282
1572,497897.343920273,4797961.67715537
1573,549400.650389247,4797970.67022443
1574,494129.247986888,4798159.52467455
1575,528320.896528016,4798303.4137794
1576,541324.87437927,4798375.35833183
1577,541630.638727087,4797718.86429093
1578,503023.393280727,4798492.26822953
1579,532026.040978027,4798582.19892006
1580,531432.498420501,4799463.5196873
1581,536837.332921611,4798896.95633693
1582,540128.796195165,4796306.95244954
1583,487861.078856649,4799058.83157989
1584,488094.898652038,4798303.4137794
1585,545677.519801129,4799103.79692516
1586,545524.637627221,4798977.89395841
1587,532367.777602058,4799220.70682285
1588,531459.477627661,4799472.51275635
1589,559778.652076902,4799328.6236515
1590,560246.29166768,4800120.0137282
1591,560965.737191954,4801190.18894555
1592,564769.805401554,4803618.31758998
1593,566280.641002529,4805407.93833161
1594,566982.100388696,4807044.67689933
1595,567818.455810665,4807170.57986608
1596,567845.435017825,4807188.56600419
1597,568115.227089428,4807755.12935456
1598,568295.088470497,4807728.1501474
1599,568465.956782512,4808375.65111924
1600,568250.12312523,4809077.11050541
1601,568286.095401443,4810264.19562046
1602,568007.310260787,4810893.7104542
1603,566613.384557506,4812701.31733394
1604,565597.167754469,4813339.82523673
1605,565165.500439904,4813843.43710373
1606,564311.158879829,4814859.65390676
1607,563627.685631768,4815588.09250009
1608,562665.427243052,4816397.4687149
1609,562539.524276304,4816847.12216757
1610,560839.834225206,4822117.06063288
1611,559832.610491222,4822341.88735921
1612,558951.289723987,4822117.06063288
1613,557215.627396675,4823241.19426456
1614,557206.634327622,4823250.18733361
1615,557107.710568034,4823448.03485279
1616,556487.188803348,4824041.57741031
1617,556190.417524585,4824572.16848446
1618,555426.006655043,4825048.80114429
1619,553420.552256129,4826083.00408544
1620,553339.614634648,4826091.99715449
1621,552296.418624451,4826352.79615704
1622,549922.248394346,4827180.15850996
1623,549823.324634759,4827261.09613144
1624,548168.599928928,4829194.60597792
1625,545965.298010838,4828897.83469916
1626,544301.580235955,4828619.04955851
1627,544085.746578672,4828412.20897028
1628,542305.118906094,4829617.28022344
1629,542278.139698934,4829635.26636154
1630,541297.89517211,4830066.93367611
1631,539963.113923043,4831623.34777755
1632,537353.015373342,4830847.57245994
1633,536756.39530013,4830750.40692417
1634,535380.455734955,4830804.36533849
1635,534238.33596517,4831811.58907247
1636,532817.431054729,4830480.61485256
1637,531225.657832272,4830075.92674516
1638,529588.919264549,4829383.46042805
1639,524804.606528126,4827494.91592683
1640,523149.881822295,4824788.00214175
1641,519786.473996314,4823016.36753822
1642,517151.50476366,4821604.45569683
1643,516755.809725309,4821415.60124671
1644,516144.281029676,4821289.69827996
1645,515568.724610257,4820974.94086309
1646,514462.577116685,4819823.82802425
1647,513068.651413404,4816595.31623407
1648,511557.815812428,4810300.16789667
1649,511755.663331604,4809194.0204031
1650,512554.441441715,4808305.31160246
1651,513581.256349449,4807773.11549266
1652,514408.618702365,4806972.73234691
1653,514588.480083433,4805875.57792239
1654,515676.641438898,4804607.55518586
1655,516180.25330589,4804553.59677154
1656,518167.721566697,4804310.78390709
1657,520137.203689397,4803411.47700175
1658,520820.676937458,4803609.32452093
1659,520964.566042313,4803231.61562068
1660,521333.281873503,4802026.54436752
1661,521809.914533335,4801639.84239823
1662,522169.637295472,4801199.18201461
1663,488517.57289755,4799427.54741108
1664,488823.337245366,4798636.15733438
1665,531558.401387249,4799859.21472565
1666,498032.239956075,4799868.2077947
1667,502627.698242376,4800048.06917577
1668,556217.396731745,4800066.05531388
1669,507483.955531226,4800129.00679725
1670,559526.846143406,4800191.95828062
1671,520398.002691947,4800218.93748778
1672,539112.579392127,4800254.909764
1673,538707.891284723,4800039.07610672
1674,539544.246706692,4798546.22664385
1675,515784.558267539,4800398.79886885
1676,538698.89821567,4800452.75728317
1677,549832.317703812,4800488.72955939
1678,547350.230645066,4800470.74342128
1679,545470.6792129,4799724.31868985
1680,533779.689443446,4800902.41073584
1681,533905.592410194,4801972.5859532
1682,533734.724098178,4802161.44040332
1683,533033.264712011,4802440.22554398
1684,532151.943944775,4802763.9760299
1685,530020.586579113,4802934.84434192
1686,528959.404430809,4802035.53743658
1687,526980.929239055,4800803.48697626
1688,513275.492001633,4800938.38301206
1689,502852.524968712,4801001.33449543
1690,500838.077500744,4801037.30677165
1691,544760.226757679,4801064.28597881
1692,545092.970312656,4800839.45925247
1693,519507.688855658,4801073.27904786
1694,541837.479315316,4801226.16122177
1695,506494.717935349,4801271.12656703
1696,506827.461490326,4802089.4958509
1697,507115.239700036,4802269.35723197
1698,493976.365812979,4801280.11963609
1699,526549.261924491,4801379.04339568
1700,535407.434942116,4801477.96715526
1701,534786.913177429,4801540.91863864
1702,534795.906246483,4801513.93943148
1703,491170.52826831,4801513.93943148
1704,560983.723330061,4801558.90477674
1705,517969.874047522,4801648.83546728
1706,519921.370032115,4803312.55324216
1707,529382.07867632,4801702.7938816
1708,506224.925863746,4801837.6899174
1709,515352.890952974,4801900.64140077
1710,515541.745403096,4804580.5759787
1711,564068.346015386,4801954.5998151
1712,551837.772102726,4802224.3918867
1713,557719.239263667,4802233.38495575
1714,557908.093713789,4802404.25326777
1715,558834.379826292,4803060.74730867
1716,534265.31517233,4802431.23247493
1717,537619.729929259,4802449.21861303
1718,557404.481846797,4802494.1839583
1719,544769.219826733,4802674.04533937
1720,544679.289136198,4802620.08692505
1721,495828.938037985,4802862.89978949
1722,511899.552436459,4802880.8859276
1723,511998.476196046,4803096.71958488
1724,513095.630620564,4804229.84628561
1725,513554.277142289,4804508.63142627
1726,514138.826630762,4805039.22250042
1727,511710.697986337,4802889.87899665
1728,505784.265480129,4802916.85820381
1729,558735.456066704,4803087.72651583
1730,554490.727473487,4803141.68493015
1731,553663.365120572,4806136.37692494
1732,555947.604660142,4807575.26797349
1733,556801.946220218,4807692.17787118
1734,559337.991693284,4807934.99073562
1735,560821.848087099,4808303.70656681
1736,561649.210440014,4808132.8382548
1737,521944.810569136,4803204.63641352
1738,548816.100900775,4803312.55324216
1739,529957.635095739,4803348.52551838
1740,530029.579648167,4803348.52551838
1741,570894.085426937,4803357.51858743
1742,570885.092357884,4803474.42848512
1743,569347.277549748,4806406.16899654
1744,513931.986042533,4803366.51165648
1745,519552.654200925,4803483.42155418
1746,534319.273586651,4803492.41462323
1747,571019.988393685,4803528.38689945
1748,543717.030747482,4803600.33145187
1749,544580.365376611,4803753.21362578
1750,544724.254481466,4802970.81661813
1751,494246.157884582,4803744.22055673
1752,495756.993485558,4804724.46508355
1753,497474.669674762,4803888.10966158
1754,532808.437985675,4803789.18590199
1755,532133.957806668,4803312.55324216
1756,532214.895428149,4803825.15817821
1757,544949.081207801,4803996.02649022
1758,544850.157448214,4803951.06114496
1759,497897.343920273,4804067.97104265
1760,497519.63502003,4804005.01955928
1761,540803.276374172,4804193.8740094
1762,541109.040721988,4804706.47894544
1763,543744.009954642,4805893.5640605
1764,501035.925019919,4804607.55518586
1765,501746.37747514,4803483.42155418
1766,511899.552436459,4804670.50666923
1767,540839.248650385,4804706.47894544
1768,545227.866348458,4804751.44429071
1769,495685.048933131,4804787.41656693
1770,594779.676832838,4804895.33339557
1771,592216.652152611,4805461.89674593
1772,591164.463073361,4806073.42544156
1773,590310.121513285,4807710.16400929
1774,589500.745298477,4808069.88677143
1775,588385.604735852,4809149.05505784
1776,588259.701769104,4810498.01541585
1777,587594.21465915,4811532.21835699
1778,585741.642434144,4811873.95498103
1779,582468.165298697,4814490.93807557
1780,581703.754429156,4814463.95886841
1781,580435.731692623,4816109.69050519
1782,579176.702025143,4816352.50336963
1783,579113.750541769,4816550.35088881
1784,579059.792127448,4816829.13602946
1785,577557.949595526,4818088.16569694
1786,576334.89220426,4819068.41022377
1787,575300.689263116,4819895.77257668
1788,574707.14670559,4820165.56464828
1789,573978.708112262,4820255.49533882
1790,573654.957626339,4820453.34285799
1791,572719.678444783,4820929.97551783
1792,572081.170541989,4821100.84382984
1793,571451.655708249,4821613.44876589
1794,570660.265631548,4822512.75567123
1795,570345.508214678,4824077.54968653
1796,568987.554787611,4824644.11303689
1797,567881.407294039,4824904.91203944
1798,566019.84199998,4824850.95362512
1799,564868.729161141,4823789.77147682
1800,563115.080695723,4822710.6031904
1801,551693.882997871,4805138.14626001
1802,551810.792895566,4805219.08388149
1803,551792.806757459,4805228.07695054
1804,558942.296654933,4805237.0700196
1805,527574.471796581,4805309.01457202
1806,589473.766091316,4805353.97991729
1807,592234.638290718,4805407.93833161
1808,507690.796119455,4805470.88981498
1809,507861.66443147,4805839.60564618
1810,509930.070313758,4807008.70462312
1811,506809.475352219,4805470.88981498
1812,556828.925427378,4805533.84129836
1813,590993.594761345,4805587.79971268
1814,538114.348727197,4805605.78585079
1815,538411.12000596,4805974.50168198
1816,543249.391156704,4807089.6422446
1817,529966.628164793,4805632.76505795
1818,530290.378650716,4805084.18784569
1819,517565.185940117,4804787.41656693
1820,537188.062614694,4805866.58485334
1821,596290.512433814,4805938.52940576
1822,590732.795758796,4807701.17094024
1823,569239.360721107,4806055.43930346
1824,520568.871003962,4806109.39771778
1825,519660.571029566,4805120.1601219
1826,520353.03734668,4804310.78390709
1827,510379.72376643,4806316.23830601
1828,502384.885377933,4806505.09275613
1829,548294.502895676,4806550.0581014
1830,548105.648445554,4808285.72042871
1831,547988.738547859,4811280.4124235
1832,547871.828650165,4813007.08168176
1833,547988.738547859,4814661.80638759
1834,548825.093969828,4816595.31623407
1835,550245.99888027,4817989.24193736
1836,550281.971156483,4818402.92311381
1837,550138.082051629,4819482.09140022
1838,549832.317703812,4819958.72406005
1839,548852.073176988,4820947.96165593
1840,548213.565274195,4821982.16459708
1841,547629.015785722,4824275.3972057
1842,546792.660363754,4827584.84661736
1843,512636.98409884,4806648.98186098
1844,532547.638983126,4806666.96799909
1845,560444.139186855,4806684.9541372
1846,590031.336372629,4806990.71848501
1847,567854.428086879,4807026.69076123
1848,524390.925351668,4807053.66996839
1849,523851.341208463,4807134.60758987
1850,569518.145861763,4807107.62838271
1851,497537.621158136,4807341.4481781
1852,497321.787500854,4807080.64917555
1853,497762.447884472,4805758.66802469
1854,598871.523252147,4807404.39966147
1855,597828.32724195,4808186.79666912
1856,596272.526295707,4809077.11050541
1857,596110.651052745,4809355.89564607
1858,593160.924403221,4809706.62533915
1859,591784.984838047,4810677.87679692
1860,589482.75916037,4811775.03122144
1861,588709.355221775,4812512.46288382
1862,587486.297830509,4812296.62922654
1863,590921.650208918,4807584.26104254
1864,526090.615402766,4807647.21252591
1865,524067.174865745,4807908.01152846
1866,495828.938037985,4807719.15707834
1867,496980.050876824,4807431.37886863
1868,535758.164635199,4807746.1362855
1869,536117.887397336,4808780.33922665
1870,536423.651745153,4809158.04812689
1871,541118.033791042,4810551.97383017
1872,542359.077320414,4809391.86792228
1873,542862.689187406,4808456.58874072
1874,496917.09939345,4807764.12242361
1875,499749.916145279,4807782.10856172
1876,550407.874123231,4807809.08776888
1877,529202.217295251,4807818.08083793
1878,528950.411361755,4808312.69963587
1879,527916.208420611,4809355.89564607
1880,526405.372819636,4809760.58375347
1881,523158.874891349,4811721.07280712
1882,521621.060083213,4812530.44902193
1883,518995.083919612,4814652.81331853
1884,516495.01072276,4811028.60649
1885,516898.240298875,4808870.26991718
1886,516944.664175431,4808843.29071002
1887,517628.137423491,4806801.86403489
1888,555075.27696196,4807827.07390698
1889,555830.694762447,4807602.24718065
1890,569005.540925717,4807934.99073562
1891,596506.346091096,4808015.9283571
1892,505748.293203915,4808033.91449521
1893,506665.586247364,4808843.29071002
1894,511090.17622165,4809949.43820359
1895,511254.267521919,4809605.48552225
1896,511306.009878932,4809553.74316524
1897,508850.902027347,4808087.87290953
1898,572279.018061165,4808168.81053101
1899,570741.203253029,4813195.93613188
1900,569185.402306786,4816883.09444378
1901,568987.554787611,4817161.87958444
1902,568645.81816358,4817044.96968674
1903,568169.185503749,4816658.26771745
1904,566829.218214788,4816874.10137473
1905,565884.945964178,4819149.34784525
1906,563843.51928905,4821991.15766613
1907,503850.755633642,4808168.81053101
1908,506063.050620785,4809301.93723174
1909,555515.937345578,4808276.72735965
1910,567620.60829149,4808330.68577398
1911,516005.953271246,4806048.63561976
1912,539562.232844799,4808420.61646451
1913,597954.230208697,4808474.57487883
1914,535173.615146727,4808483.56794788
1915,524678.703561378,4808681.41546706
1916,524103.147141959,4808258.74122155
1917,530227.427167342,4808699.40160517
1918,588322.653252478,4808807.31843381
1919,501683.425991766,4808834.29764097
1920,503868.741771749,4810372.1124491
1921,504606.17343413,4809985.41047981
1922,552278.432486344,4808960.20060771
1923,551621.938445444,4811361.35004498
1924,551361.139442894,4812422.53219328
1925,551747.841412192,4815705.00239778
1926,551343.153304788,4816604.30930313
1927,568241.130056176,4809050.13129825
1928,536072.922052069,4809050.13129825
1929,517133.719936502,4809730.38621244
1930,537233.027959961,4818474.86766624
1931,536243.790364084,4820039.66168154
1932,535596.289392238,4820480.32206515
1933,534634.031003521,4820687.16265338
1934,534310.280517598,4820831.05175824
1935,531801.214251692,4822287.92894489
1936,527844.263868184,4821847.26856127
1937,522205.609571685,4821559.49035157
1938,521495.157116465,4819293.2369501
1939,520748.73238503,4818160.11024937
1940,519876.404686848,4815974.79446939
1941,520595.030509289,4815993.42634808
1942,519219.910645948,4815138.43904742
1943,583331.499927826,4809796.55602968
1944,582800.908853674,4811289.40549255
1945,583043.721718116,4811999.85794777
1946,522736.200645838,4809895.47978927
1947,528159.021285054,4809904.47285832
1948,588844.251257576,4810138.29265371
1949,543294.356501971,4810219.23027519
1950,556055.521488783,4810228.22334425
1951,560408.166910642,4808843.29071002
1952,546603.805913632,4810246.20948236
1953,596515.339160149,4810300.16789667
1954,595966.76194789,4810309.16096573
1955,594401.967932594,4810300.16789667
1956,551289.194890467,4810327.14710384
1957,569311.305273534,4810489.0223468
1958,521171.406630541,4810489.0223468
1959,527223.742103497,4810524.99462301
1960,500712.174533996,4810632.91145165
1961,502007.176477689,4811487.25301173
1962,545767.450491663,4810830.75897083
1963,547548.078164242,4812620.37971246
1964,504498.256605489,4810884.71738515
1965,583529.347447001,4810920.68966136
1966,567323.837012727,4810956.66193758
1967,592207.659083558,4810965.65500663
1968,592045.783840596,4810929.68273041
1969,553744.302742052,4811091.55797338
1970,582648.026679766,4811181.48866391
1971,499767.902283386,4811244.44014729
1972,500595.264636301,4812125.76091452
1973,501980.197270529,4811541.21142605
1974,564356.124225096,4811253.43321634
1975,589968.384889255,4811262.42628539
1976,518635.361157475,4811316.38469971
1977,592936.097676886,4811496.24608078
1978,563133.06683383,4811595.16984037
1979,578736.041641525,4811819.9965667
1980,578610.138674777,4815183.40439269
1981,556298.334353226,4811918.92032629
1982,595454.157011845,4811963.88567156
1983,566181.717242941,4811990.86487872
1984,558771.428342918,4811990.86487872
1985,560264.277805787,4812602.39357435
1986,560480.111463069,4812800.24109353
1987,546405.958394456,4811999.85794777
1988,541171.992205362,4812035.83022399
1989,551334.160235734,4812053.81636209
1990,498940.539930471,4812062.80943115
1991,499561.061695157,4812539.44209098
1992,524265.02238492,4812116.76784547
1993,576011.141718337,4812368.57377896
1994,577378.088214458,4814095.24303722
1995,560192.333253359,4812395.55298612
1996,509885.104968491,4812485.48367666
1997,510081.892467174,4812790.43758775
1998,529139.265811877,4812494.47674571
1999,526486.310441117,4816019.75981465
2000,526000.684712232,4816901.08058189
2001,525631.968881041,4817935.28352303
2002,523167.867960402,4818411.91618287
2003,523113.909546082,4818429.90232097
2004,522943.041234066,4818726.67359974
2005,587108.588930265,4812818.22723163
2006,558879.345171559,4812917.15099122
2007,498913.560723311,4812989.09554365
2008,505622.390237167,4812998.0886127
2009,509751.074906808,4814515.07796523
2010,508527.151541424,4813106.00544134
2011,502124.086375384,4813150.97078661
2012,531765.241975478,4813357.81137484
2013,527601.451003741,4818402.92311381
2014,591038.560106613,4813429.75592727
2015,590507.96903246,4813420.76285821
2016,589329.876986461,4812863.1925769
2017,590489.982894353,4813492.70741064
2018,543860.919852337,4813564.65196307
2019,545245.852486564,4814913.61232108
2020,545623.561386808,4814679.79252569
2021,572261.031923058,4813591.63117023
2022,523248.805581883,4813699.54799887
2023,574104.61107901,4814032.29155385
2024,574869.021948552,4814248.12521113
2025,564194.248982134,4814311.0766945
2026,526171.553024247,4814311.0766945
2027,589132.029467286,4814401.00738504
2028,545461.686143847,4814481.94500652
2029,529840.725198045,4814697.7786638
2030,528437.80642571,4817116.91423917
2031,575021.90412246,4814832.6746996
2032,562899.247038441,4814859.65390676
2033,542161.229801239,4814859.65390676
2034,543348.314916291,4816217.60733383
2035,556226.389800798,4815084.4806331
2036,556415.24425092,4816577.33009597
2037,557467.433330171,4820705.14879149
2038,528941.418292702,4815390.24498091
2039,505127.771439228,4815597.08556914
2040,506117.009035105,4815309.30735943
2041,567188.940976925,4815633.05784536
2042,566838.211283842,4816604.30930313
2043,558060.975887697,4815651.04398346
2044,559868.582767436,4820390.39137462
2045,555614.861105165,4815848.89150264
2046,560273.27087484,4815866.87764075
2047,553699.337396785,4815947.81526223
2048,554832.464097517,4819652.95971224
2049,555902.639314875,4819787.85574804
2050,582495.144505857,4816055.73209087
2051,578016.596117251,4816055.73209087
2052,523608.52834402,4817845.3528325
2053,551325.167166681,4816253.57961004
2054,566694.322178987,4816370.48950774
2055,570264.570593197,4816388.47564584
2056,568322.067677657,4816478.40633638
2057,534022.502307888,4816550.35088881
2058,506152.981311319,4816784.1706842
2059,543474.217883039,4817323.7548274
2060,573331.207140416,4817368.72017267
2061,546666.757397006,4817413.68551794
2062,539337.406118463,4817413.68551794
2063,537358.930926709,4818330.97856139
2064,569149.430030572,4817566.56769184
2065,523707.452103608,4817566.56769184
2066,554688.574992662,4817908.30431587
2067,577692.845631327,4817953.26966114
2068,582540.109851124,4817980.2488683
2069,582207.366296148,4817926.29045398
2070,581811.671257797,4817881.32510871
2071,513005.69993003,4818034.20728262
2072,506800.482283166,4818268.02707801
2073,507654.823843241,4818870.56270459
2074,508257.359469821,4819464.10526212
2075,509219.617858538,4820192.54385544
2076,551028.395887918,4818295.00628517
2077,568501.929058725,4818402.92311381
2078,580561.634659371,4818501.8468734
2079,531963.089494653,4818564.79835677
2080,531495.449903875,4818600.77063299
2081,529795.759852778,4819814.8349552
2082,531522.429111035,4818591.77756393
2083,520667.79476355,4818609.76370204
2084,565255.431130439,4818636.7429092
2085,546414.95146351,4818762.64587595
2086,573430.130900003,4818843.58349743
2087,507061.281285715,4818933.51418796
2088,523821.500836385,4819231.42249927
2089,560606.014429817,4818960.49339512
2090,549904.262256239,4819140.35477619
2091,539957.92788315,4819149.34784525
2092,571829.364608493,4819473.09833117
2093,584509.591973825,4819590.00822886
2094,544193.663407314,4819625.98050508
2095,553861.212639747,4819742.89040277
2096,550299.95729459,4820111.60623396
2097,530704.059827174,4820192.54385544
2098,534211.35675801,4820237.50920071
2099,582396.22074627,4820768.10027486
2100,582324.276193842,4820777.09334392
2101,582207.366296148,4819985.70326722
2102,578718.055503418,4820777.09334392
2103,581487.920771873,4820813.06562013
2104,536450.630952313,4820956.95472499
2105,571937.281437134,4820974.94086309
2106,505685.341720541,4820992.9270012
2107,542556.92483959,4821019.90620836
2108,543141.474328063,4822359.87349732
2109,545092.970312656,4826937.34564551
2110,544328.559443115,4828601.0634204
2111,567656.580567703,4821136.81610605
2112,571352.731948662,4821577.47648967
2113,535038.719110925,4821712.37252547
2114,555713.784864753,4821847.26856127
2115,542853.696118353,4821901.2269756
2116,548006.724685966,4822009.14380424
2117,565003.625196943,4822215.98439247
2118,506989.336733288,4822224.97746152
2119,540308.657576233,4822269.94280679
2120,540272.685300019,4823214.2150574
2121,543627.100056948,4826244.8793284
2122,574131.590286171,4822332.89429016
2123,532071.006323294,4822359.87349732
2124,523077.937269868,4822611.67943082
2125,522160.644226418,4821721.36559453
2126,551774.820619352,4823160.25664308
2127,553429.545325183,4825912.13577342
2129,539166.537806448,4823196.22891929
2130,580004.064378058,4823241.19426456
2131,553897.184915961,4823250.18733361
2132,571685.475503639,4823457.02792184
2133,575660.412025253,4823573.93781953
2134,576074.093201711,4822701.61012135
2135,549481.588010728,4824005.6051341
2136,523032.971924601,4822242.96359963
2137,577234.199109603,4824482.23779393
2138,577117.289211908,4824239.42492949
2139,560372.194634428,4824518.21007014
2140,571541.586398784,4824527.2031392
2141,577027.358521374,4824716.05758932
2142,567989.32412268,4825111.75262767
2143,537251.014098068,4825111.75262767
2144,538303.203177319,4829608.28715438
2145,539787.059571134,4825192.69024915
2146,539661.156604387,4826820.43574782
2147,558690.490721437,4825300.60707779
2148,558573.580823743,4825075.78035146
2149,544121.718854886,4825381.54469927
2150,556828.925427378,4825597.37835655
2151,542440.014941895,4825615.36449466
2152,555857.673969608,4826038.03874017
2153,562539.524276304,4826199.91398313
2154,563007.163867082,4826091.99715449
2155,552269.439417291,4826289.84467367
2156,517610.151285385,4826334.81001893
2157,517484.248318637,4826145.95556881
2158,517412.303766209,4825876.16349721
2159,571253.808189074,4826406.75457136
2160,570804.154736403,4826199.91398313
2161,573672.943764446,4826667.55357391
2162,573448.11703811,4826829.42881687
2163,571352.731948662,4827045.26247416
2164,539589.212051959,4826712.51891918
2165,507555.900083654,4826865.40109309
2166,509066.735684629,4828879.84856105
2167,510262.813868735,4829329.50201373
2168,515581.512205012,4825123.27296816
2169,547467.140542761,4826937.34564551
2170,571325.752741501,4827171.1654409
2171,542790.744634979,4827270.08920049
2172,573834.819007407,4827404.98523629
2173,563151.052971937,4827665.78423884
2174,563375.879698272,4827593.83968641
2175,554472.74133538,4827719.74265316
2176,553483.503739503,4826595.60902148
2177,524417.690980573,4827107.99521588
2178,565543.209340148,4827989.53472477
2179,566037.828138087,4825147.72490388
2180,506404.787244815,4828016.51393193
2181,508590.103024798,4828870.855492
2182,542314.111975147,4828052.48620814
2183,538348.168522586,4828187.38224394
2184,569392.242895015,4828196.37531299
2185,568088.247882268,4827863.63175802
2186,554517.706680647,4828511.13272986
2187,553483.503739503,4826667.55357391
2188,551478.049340589,4829005.7515278
2189,553204.718598847,4829104.67528739
2190,518721.568633451,4828622.08298365
2191,517843.971080774,4827458.94365061
2192,563645.671769875,4829563.32180911
2193,563160.04604099,4828996.75845875
2194,563115.080695723,4828852.86935389
2195,506036.071413625,4829644.2594306
2196,542359.077320414,4829761.16932829
2197,567548.663739062,4829779.1554664
2198,567926.372639306,4829905.05843315
2199,568636.825094527,4829392.4534971
2200,535218.580491994,4829806.13467356
2201,576694.614966397,4830039.95446895
2202,573466.103176217,4830885.30295997
2203,572054.191334829,4831011.20592672
2204,570372.487421838,4832378.15242284
2205,569446.201309335,4832189.29797272
2206,568969.568649504,4831478.84551749
2207,569221.374583,4830345.71881676
2208,510091.94555672,4830228.80891907
2209,569778.944864312,4830327.73267866
2210,560372.194634428,4830336.72574771
2211,561001.709468168,4830228.80891907
2212,562053.898547419,4829482.38418763
2213,518320.603740605,4830426.65643824
2214,517772.026528346,4828951.79311348
2215,517556.192871064,4828708.98024904
2216,571919.295299028,4830453.6356454
2217,567386.788496101,4830516.58712878
2218,551855.758240833,4830579.53861215
2219,551334.160235734,4830903.28909808
2220,550560.756297139,4830723.42771701
2221,548303.495964729,4829770.16239734
2222,532952.32709053,4830687.45544079
2223,573493.082383377,4830732.42078606
2224,550452.839468498,4830930.26830524
2225,560399.173841588,4830993.21978861
2226,556756.98087495,4831092.1435482
2227,557143.682844248,4830687.45544079
2228,557215.627396675,4831137.10889346
2229,551478.049340589,4831460.85937939
2230,511818.614814978,4831514.81779371
2231,546540.854430258,4831541.79700087
2232,548060.683100287,4831505.82472465
2233,568735.748854115,4831640.72076046
2234,559661.742179207,4832378.15242284
2235,565525.223202041,4832423.1177681
2236,564823.763815874,4832728.88211592
2237,564517.999468058,4832117.35342029
2238,564212.235120241,4831595.75541519
2239,525542.038190507,4833691.14050464
2240,524984.467909194,4834248.71078595
2241,523860.334277516,4834743.32958389
2242,523806.375863195,4834617.42661714
2243,519849.425479688,4831757.63065815
2244,519570.640339032,4831604.74848424
2245,519085.014610146,4830543.56633594
2246,517025.601796912,4831397.90789601
2247,539625.184328173,4832791.8335993
2248,508221.387193607,4832818.81280646
2249,511737.677193497,4834752.32265294
2250,512466.115786824,4834779.3018601
2251,513374.415761221,4834671.38503146
2252,573286.241795148,4832890.75735888
2253,572944.505171118,4833232.49398291
2254,562665.427243052,4833070.61873995
2255,563618.692562715,4833169.54249954
2256,554661.595785502,4833466.3137783
2257,554436.769059166,4834626.41968619
2258,550695.652332941,4834203.74544068
2259,549337.698905873,4834590.44740998
2260,548474.364276745,4834041.87019772
2261,548438.392000531,4833655.16822842
2262,510973.266323956,4833709.12664274
2263,558375.733304567,4833763.08505706
2264,559697.714455421,4835480.76124627
2265,559751.672869741,4836721.80477564
2266,557584.343227866,4837917.88295975
2267,557575.350158812,4837980.83444312
2268,556873.890772645,4839752.46904665
2269,556676.04325347,4840130.17794689
2270,556613.091770096,4840561.84526146
2271,555354.062102616,4842198.58382918
2272,555273.124481135,4842396.43134835
2273,555156.21458344,4843178.828356
2274,554841.457166571,4844105.11446851
2275,554796.491821303,4844311.95505673
2276,554418.78292106,4845903.72827919
2277,551505.028547749,4847243.69556815
2278,550893.499852116,4847657.37674461
2279,549274.747422499,4847432.55001827
2280,545173.907934137,4846578.2084582
2281,544238.628752581,4846128.55500553
2282,543285.363432917,4846182.51341985
2283,540488.518957302,4847072.82725614
2284,540038.86550463,4847270.67477531
2285,537170.076476587,4848736.54503102
2286,536153.85967355,4850993.80536343
2287,535173.615146727,4850724.01329183
2288,533734.724098178,4848547.6905809
2289,533689.758752911,4847225.70943004
2290,532502.673637859,4846749.07677021
2291,531972.082563707,4845184.28275492
2292,531108.747934578,4845166.29661681
2293,526000.684712232,4840723.72050442
2294,524777.627320966,4837171.45822831
2295,523959.258037104,4836092.2899419
2296,523878.320415623,4835903.43549178
2297,552809.023560496,4833826.03654044
2298,568420.991437245,4833897.98109287
2299,568744.741923168,4833888.98802381
2300,569635.055759457,4832504.05538958
2301,548177.592997981,4833933.95336908
2302,548393.426655264,4833790.06426423
2303,543779.982230856,4833933.95336908
2304,540812.269443225,4832549.02073485
2305,540340.17280012,4831487.49452155
2306,548600.267243493,4834293.67613122
2307,522430.436298021,4834374.6137527
2308,525551.03125956,4834437.56523607
2309,540389.595197714,4834446.55830513
2310,574392.38928872,4834554.47513377
2311,554841.457166571,4834635.41275525
2312,538204.279417731,4834743.32958389
2313,567611.615222436,4834761.315722
2314,568079.254813214,4834842.25334348
2315,513500.318727969,4834851.24641253
2316,569095.471616252,4834914.1978959
2317,570705.230976815,4833637.18209032
2318,520029.286860756,4834914.1978959
2319,519804.460134421,4834689.37116957
2320,519624.598753352,4834968.15631022
2321,519660.571029566,4834941.17710306
2322,564113.311360653,4834977.14937928
2323,564526.992537111,4834680.37810051
2324,519552.654200925,4835174.99689845
2325,560597.021360764,4835255.93451993
2326,524598.199619307,4835159.75865896
2327,524193.077832493,4835022.11472454
2328,523878.320415623,4834815.27413632
2329,546999.500951983,4835732.56717977
2330,547071.44550441,4835750.55331787
2331,547404.189059387,4835714.58104166
2332,557512.398675438,4835813.50480125
2333,557215.627396675,4837342.32654033
2334,511971.496988886,4835912.42856083
2335,565021.173538329,4835615.21948535
2336,524453.876835042,4836137.25528717
2337,516530.982998973,4836191.21370149
2338,573879.784352675,4836236.17904676
2339,573870.791283621,4836227.1859777
2340,572719.678444783,4836146.24835622
2341,571973.253713348,4834617.42661714
2342,542431.021872842,4836407.04735877
2343,538159.314072464,4840480.90763997
2344,536396.672537993,4841569.06899544
2345,533644.793407644,4836946.63150198
2346,553645.378982465,4836478.9919112
2347,552719.092869962,4837000.5899163
2348,552197.494864863,4836326.10973729
2349,550237.005811216,4834923.19096496
2350,575912.217958749,4836523.95725647
2351,536702.436885809,4836559.92953268
2352,536396.672537993,4836865.6938805
2353,551909.716655153,4836631.87408511
2354,547871.828650165,4836640.86715416
2355,556397.258112813,4836649.86022322
2356,570867.106219777,4836676.83943038
2357,571226.828981914,4836487.98498025
2358,518608.381950315,4836892.67308766
2359,520586.857142069,4837396.28495465
2360,521917.831361976,4837072.53446873
2361,523833.355070356,4835957.3939061
2362,571145.891360433,4836910.65922576
2363,549715.407806117,4836964.61764008
2364,537646.709136419,4837315.34733317
2365,545389.741591419,4837531.18099045
2366,546450.923739724,4837279.37505696
2367,553105.794839259,4837729.02850963
2368,519804.460134421,4837765.00078584
2369,523766.837684203,4837044.8228423
2370,523652.157832192,4836327.44559439
2371,515856.502819966,4838052.77899555
2372,516827.754277736,4839149.93342007
2373,521639.04622132,4837818.95920016
2374,573349.193278522,4838070.76513366
2375,573196.311104614,4838070.76513366
2376,576325.899135207,4838655.31462213
2377,573978.708112262,4840615.80367578
2378,573762.87445498,4840274.06705175
2379,571937.281437134,4838088.75127176
2380,547044.46629725,4838727.25917456
2381,546549.847499311,4837872.91761448
2382,546540.854430258,4837603.12554288
2383,524540.331241267,4837677.62713789
2384,564787.79153966,4839113.96114385
2385,558546.601616582,4839149.93342007
2386,554958.367064265,4839158.92648912
2387,555165.207652494,4840013.2680492
2388,554895.415580891,4841119.41554277
2389,547709.953407203,4839356.7740083
2390,514273.722666563,4839527.64232031
2391,554733.540337929,4839734.48290854
2392,557953.059059056,4839905.35122056
2393,568519.915196832,4840058.23339446
2394,567134.982562605,4839320.80173208
2395,545128.94258887,4840301.04625891
2396,556828.925427378,4840561.84526146
2397,573484.089314324,4840570.83833051
2398,571019.988393685,4840570.83833051
2399,561622.231232854,4840624.79674483
2400,521216.371975809,4840669.7620901
2401,521504.150185518,4840103.19873973
2402,521576.094737946,4839950.31656582
2403,521701.997704694,4839536.63538937
2404,549886.276118133,4840759.69278063
2405,550281.971156483,4840786.67198779
2406,550263.985018376,4840768.68584968
2407,541900.43079869,4840768.68584968
2408,540002.893228417,4840993.51257602
2409,539921.955606936,4840984.51950697
2410,553384.579979915,4840867.60960927
2411,539930.948675989,4840984.51950697
2412,525793.844124003,4841110.42247371
2413,525910.754021697,4840984.51950697
2414,574536.278393575,4841398.20068342
2415,516539.976068027,4841425.17989058
2416,540254.699161913,4841497.12444301
2417,540164.768471378,4841425.17989058
2418,564607.930158592,4841596.0482026
2419,564059.352946333,4842099.66006959
2420,562836.295555067,4843718.41249921
2421,562548.517345357,4844150.07981377
2422,561883.030235404,4845732.85996718
2423,561838.064890136,4845786.8183815
2424,561820.07875203,4846398.34707713
2425,561541.293611373,4847054.84111803
2426,558978.268931147,4847756.3005042
2427,557899.100644736,4847819.25198757
2428,555300.103688295,4846398.34707713
2429,554832.464097517,4846110.56886742
2430,540038.86550463,4842036.70858622
2431,525946.726297911,4842099.66006959
2432,526117.594609926,4841461.1521668
2433,536945.249750252,4842108.65313864
2434,513356.429623114,4842162.61155297
2435,514318.68801183,4844689.66395698
2436,515038.133536105,4845705.88076002
2437,521071.803961036,4845995.84022866
2438,522106.685812098,4844392.89267822
2439,521180.399699595,4841973.75710284
2440,521261.337321076,4841757.92344556
2441,568079.254813214,4842234.55610539
2442,544481.441617023,4842270.52838161
2443,544868.14358632,4843952.2322946
2444,520865.642282725,4842378.44521025
2445,520991.545249473,4842108.65313864
2446,517772.026528346,4842378.44521025
2447,569823.910209579,4842639.2442128
2448,568843.665682756,4846335.39559376
2449,568367.033022924,4846964.91042749
2450,568582.866680206,4848538.69751185
2451,567971.337984573,4849366.05986476
2452,567854.428086879,4849626.85886731
2453,567197.934045979,4850256.37370105
2454,565902.932102285,4850813.94398236
2455,563645.671769875,4851488.42416137
2456,558690.490721437,4850894.88160384
2457,558276.809544979,4850921.860811
2458,554688.574992662,4852010.02216647
2459,553429.545325183,4852387.73106671
2460,550956.45133549,4853403.94786975
2461,549778.359289491,4853511.86469839
2462,548834.087038882,4854384.19239657
2463,546513.875223098,4854186.3448774
2464,546163.145530014,4854815.85971114
2465,544940.088138748,4852837.38451938
2466,542700.813944445,4852648.53006926
2467,540209.733816645,4853763.67063189
2468,539022.648701593,4854114.40032497
2469,539004.662563486,4853934.5389439
2470,539022.648701593,4853439.92014596
2471,537890.162625292,4852891.3429337
2472,537709.660619793,4852765.43996696
2473,537835.563586541,4851416.47960894
2474,536801.360645397,4851371.51426367
2475,536531.568573794,4851155.68060639
2476,522601.304610036,4842747.16104144
2477,555479.965069364,4842819.10559387
2478,565777.029135537,4842837.09173197
2479,559535.839212459,4843025.94618209
2480,556963.821463179,4843601.50260151
2481,545137.935657923,4843277.75211559
2482,526507.616842307,4840792.84824717
2483,549427.629596408,4843457.61349666
2484,550245.99888027,4845669.9084838
2485,550497.804813765,4845840.77679582
2486,547530.092026135,4843538.55111814
2487,562737.371795479,4843592.50953246
2488,571802.385401333,4843646.46794678
2489,572000.232920508,4846101.57579837
2490,570705.230976815,4847378.59160395
2491,568897.624097076,4848439.77375226
2492,514327.681080884,4843682.44022299
2493,554148.990849457,4843754.38477542
2494,520892.621489885,4843835.3223969
2495,563447.8242507,4844096.12139945
2496,542314.111975147,4844186.05208999
2497,557359.51650153,4844213.03129715
2498,560704.938189405,4844554.76792118
2499,551145.305785612,4844716.64316414
2500,551469.056271536,4845040.39365006
2501,568277.10233239,4844725.63623319
2502,568205.157779962,4845094.35206438
2503,551981.661207581,4844779.59464751
2504,562926.226245601,4844824.55999278
2505,567710.538982024,4844887.51147615
2506,532763.472640408,4845139.31740965
2507,532700.521157034,4845184.28275492
2508,543168.453535223,4845184.28275492
2509,533383.994405095,4846427.68730293
2510,572782.629928157,4845265.2203764
2511,572431.900235073,4846182.51341985
2512,513356.429623114,4845418.10255031
2513,514498.549392899,4846101.57579837
2514,531441.491489555,4845472.06096463
2515,531306.595453753,4845364.14413599
2516,549562.525632209,4845624.94313854
2517,555210.172997761,4845903.72827919
2518,562854.281693174,4846137.54807458
2519,567009.079595857,4846326.4025247
2520,574985.931846246,4846488.27776766
2521,574266.486321972,4846353.38173186
2522,540164.768471378,4846515.25697482
2523,522916.062026906,4846569.21538914
2524,523032.971924601,4845750.84610528
2525,521942.423090581,4845397.42239826
2526,527088.846067696,4843853.30853501
2527,574446.34770304,4846632.16687252
2528,531135.965002279,4845943.23425068
2529,520406.995761,4846749.07677021
2530,559607.783764887,4846848.0005298
2531,521306.302666343,4847315.64012058
2532,521612.067014159,4848008.10643769
2533,521826.200268853,4846108.16965421
2534,555812.708624341,4847324.63318963
2535,538923.724942005,4847324.63318963
2536,533860.627064926,4847423.55694922
2537,552521.245350786,4847423.55694922
2538,524067.174865745,4847486.50843259
2539,567134.982562605,4847567.44605407
2540,542260.153560827,4847684.35595177
2541,542449.008010949,4848331.85692362
2542,535479.379494543,4847684.35595177
2543,563780.567805677,4847954.14802337
2544,551172.284992773,4847999.11336864
2545,547107.417780624,4848134.00940444
2546,516782.788932469,4848134.00940444
2547,519804.460134421,4851173.6667445
2548,521997.743199666,4851137.08471462
2549,521971.789776296,4849788.73411027
2550,521980.78284535,4848934.3925502
2551,576550.725861542,4848394.80840699
2552,577638.887217007,4850508.17963454
2553,578430.277293708,4851785.19544013
2554,575939.197165909,4854177.35180834
2555,575894.231820642,4854186.3448774
2556,573708.91604066,4856578.50124561
2557,571901.309160921,4855823.08344512
2558,571676.482434585,4855634.228995
2559,570480.404250479,4855238.53395665
2560,569509.152792709,4855427.38840677
2561,567881.407294039,4855607.24978784
2562,566073.8004143,4855211.55474949
2563,565714.077652163,4856047.91017146
2564,563798.553943783,4855319.47157813
2565,563582.720286501,4855166.58940422
2566,563106.08762667,4854555.06070859
2567,560057.437217558,4856443.60520981
2568,559185.109519376,4855895.02799755
2569,558519.622409422,4856254.75075969
2570,558105.941232964,4856164.82006915
2571,557674.2739184,4855760.13196175
2572,557593.336296919,4855787.11116891
2573,556828.925427378,4855877.04185944
2574,555614.861105165,4855238.53395665
2575,553789.26808732,4855400.40919961
2576,569149.430030572,4848520.71137374
2577,571848.617140765,4848412.37006023
2578,539490.288292371,4848673.59354765
2579,512556.046477359,4848799.49651439
2580,533437.952819415,4849339.0806576
2581,522799.152129212,4849411.02521003
2582,547718.946476257,4849707.79648879
2583,543456.231744932,4850202.41528673
2584,560740.910465618,4849797.72717932
2585,570597.314148174,4849914.63707702
2586,544751.233688626,4849914.63707702
2587,549517.560286942,4849986.58162945
2588,532961.320159584,4856488.57055507
2589,533707.744891018,4856119.85472388
2590,534229.342896117,4856587.49431466
2591,536567.540850008,4855993.95175714
2592,538653.932870403,4854905.79040167
2593,576199.996168459,4850085.50538903
2594,565911.925171339,4850112.48459619
2595,538006.431898556,4850274.35983916
2596,580435.731692623,4850652.0687394
2597,579302.604991891,4851731.23702581
2598,558249.830337819,4850688.04101561
2599,563852.512358104,4850697.03408467
2600,567548.663739062,4850741.99942993
2601,554949.373995212,4850849.91625858
2602,550812.562230635,4851011.79150154
2603,534705.975555948,4850858.90932763
2604,583448.40982552,4851173.6667445
2605,583484.382101734,4851704.25781865
2606,582333.269262896,4852054.98751173
2607,582288.303917628,4852054.98751173
2608,574095.618009957,4851236.61822787
2609,553591.420568144,4851254.60436598
2610,523338.736272417,4851344.53505651
2611,522374.799053092,4851929.12353961
2612,511620.767295802,4851362.52119462
2613,536828.339852557,4851425.47267799
2614,582297.296986682,4851587.34792096
2615,559508.860005299,4851830.1607854
2616,551594.959238284,4852081.9667189
2617,563079.108419509,4852252.83503091
2618,572314.990337378,4852369.7449286
2619,588439.563150172,4852585.57858589
2620,586416.122613151,4851857.13999256
2621,586479.074096525,4852792.41917412
2622,538461.531476365,4853833.2793711
2623,521630.053152266,4853008.2528314
2624,522034.74125967,4856506.55669318
2625,515056.119674211,4853134.15579815
2626,515433.828574455,4855787.11116891
2627,521711.172216399,4856788.25209556
2628,557917.086782842,4853727.69835567
2629,510937.294047742,4853790.64983905
2630,513023.686068137,4855472.35375204
2631,513734.138523358,4856002.94482619
2632,513131.602896778,4853817.62904621
2633,589239.946295927,4853835.61518431
2634,590157.239339377,4855436.38147582
2635,590328.107651392,4856326.69531211
2636,589635.641334278,4856848.29331721
2637,588502.514633546,4857199.02301029
2638,586946.713687303,4857855.51705119
2639,586137.337472495,4858161.28139901
2640,584221.813764115,4858323.15664197
2641,583052.71478717,4858637.91405884
2642,582746.950439353,4858637.91405884
2643,581613.823738621,4859357.35958312
2644,580732.502971386,4860310.62490278
2645,578511.214915189,4859510.24175703
2646,577441.039697831,4859069.58137341
2647,576487.774378168,4858556.97643736
2648,575129.820951101,4857019.16162923
2649,570525.369595747,4853835.61518431
2650,541936.403074903,4853862.59439147
2651,585291.988981473,4853970.51122011
2652,584041.952383047,4853529.8508365
2653,573259.262587988,4854141.37953213
2654,580930.350490561,4854204.3310155
2655,584113.896935474,4854501.10229427
2656,566145.744966728,4854662.97753723
2657,569428.215171228,4854680.96367534
2658,564131.29749876,4854752.90822776
2659,539993.900159363,4854887.80426356
2660,590364.079927606,4854896.79733262
2661,560201.326322413,4854968.74188504
2662,546262.069289602,4854986.72802315
2663,557053.752153713,4855004.71416126
2664,553996.108675548,4855391.41613056
2665,551334.160235734,4855724.15968553
2666,551154.298854666,4855301.48544002
2667,548870.059315095,4854788.88050398
2668,568322.067677657,4855966.97254997
2669,583007.749441903,4856083.88244767
2670,549697.421668011,4856083.88244767
2671,552044.612690955,4856227.77155252
2672,558663.511514277,4856290.7230359
2673,536459.624021367,4856461.59134791
2674,510982.259393009,4856488.57055507
2675,512070.420748474,4856893.25866248
2676,588151.784940463,4856587.49431466
2677,566523.453866972,4856623.46659088
2678,586721.886960968,4856830.3071791
2679,541963.382282064,4856848.29331721
2680,541531.714967499,4857028.15469828
2681,541082.061514828,4857567.73884149
2682,539688.135811547,4856830.3071791
2683,512043.441541313,4856920.23786964
2684,582009.518776972,4857010.16856017
2685,593070.993712687,4857118.08538881
2686,592495.437293268,4857208.01607935
2687,545992.277217999,4857118.08538881
2688,546154.15246096,4856821.31411005
2689,532853.403330943,4857414.85666758
2690,533004.878250665,4858788.83104608
2691,564697.860849126,4857657.66953202
2692,564140.290567814,4856812.321041
2693,541567.687243713,4857666.66260107
2694,541225.950619683,4857585.72497959
2695,584419.661283291,4857675.65567013
2696,544112.725785833,4858206.24674428
2697,543429.252537772,4857873.5031893
2698,561397.404506519,4858314.16357292
2699,560740.910465618,4857504.78735811
2700,581263.094045538,4858404.09426345
2701,572332.976475485,4858404.09426345
2702,574518.292255468,4858125.3091228
2703,555417.01358599,4858404.09426345
2704,514975.182052731,4858440.06653967
2705,515217.994917173,4858449.05960872
2706,518275.638395338,4859015.62295909
2707,521567.101668892,4858547.98336831
2708,524183.185061029,4858090.16648129
2709,558411.705580781,4858682.87940411
2710,574149.576424277,4858727.84474938
2711,579077.778265555,4858844.75464707
2712,577827.741667129,4858934.68533761
2713,576388.850618581,4859015.62295909
2714,593736.48082264,4859159.51206394
2715,539490.288292371,4858341.14278008
2716,514273.722666563,4859249.44275448
2717,549760.373151385,4859348.36651406
2718,549463.601872621,4859771.04075957
2719,547736.932614363,4858817.77543991
2720,568852.658751809,4859717.08234525
2721,569050.506270985,4861551.66843215
2722,567170.954838818,4861857.43277997
2723,564138.648323789,4861779.33954099
2724,563654.664838929,4860121.77045266
2725,553834.233432587,4859842.985312
2726,553348.607703702,4860769.2714245
2727,551082.354302238,4860238.68035035
2728,549463.601872621,4859798.01996673
2729,549481.588010728,4859878.95758822
2730,563016.156936135,4860265.65955751
2731,522313.526400327,4860310.62490278
2732,525211.299798135,4860342.227334
2733,534310.280517598,4860355.59024805
2734,592315.575912199,4860364.5833171
2735,516809.76813963,4860382.56945521
2736,586047.406781961,4860517.46549101
2737,581910.595017385,4861200.93873907
2738,581317.052459858,4860760.27835545
2739,541180.985274416,4860598.40311249
2740,540938.172409973,4859312.39423785
2741,543213.41888049,4860661.35459586
2742,543213.41888049,4860643.36845776
2743,571964.260644295,4860715.31301018
2744,570678.251769655,4861605.62684647
2745,570399.466628999,4861731.52981322
2746,570264.570593197,4861740.52288228
2747,589635.641334278,4860850.20904599
2748,588547.479978813,4860247.67341941
2749,570840.127012616,4860913.16052936
2750,556487.188803348,4861389.79318919
2751,557404.481846797,4859510.24175703
2752,538557.870347542,4861769.08524938
2753,540002.893228417,4861093.02191043
2754,580876.392076241,4861704.55060606
2755,551280.201821414,4861866.42584902
2756,514894.24443125,4861920.38426334
2757,515316.918676761,4864231.60301007
2758,515352.890952974,4864357.50597682
2759,515289.9394696,4864564.34656505
2760,515559.731541203,4866533.82868775
2761,516072.336477249,4867190.32272865
2762,521387.240287824,4869987.16720427
2763,523563.420374086,4871255.1899408
2764,532430.729085432,4862172.19019684
2765,532376.770671111,4861389.79318919
2766,530740.032103387,4860850.20904599
2767,530164.475683968,4859096.56058057
2768,530482.729351593,4856445.66019107
2769,591092.518520933,4862423.99613034
2770,530038.57271722,4862423.99613034
2771,542610.88325391,4862666.80899478
2772,542655.848599178,4861938.37040145
2773,576829.511002199,4862711.77434005
2774,575066.869467727,4863323.30303568
2775,574086.624940903,4863125.4555165
2776,571262.801258127,4862217.15554211
2777,547467.140542761,4862738.75354721
2778,544130.71192394,4864312.54063156
2779,518914.146298131,4862819.69116869
2780,525576.72096612,4861656.5955533
2781,513698.166247144,4862873.64958301
2782,588466.542357333,4863017.53868786
2783,586542.025579899,4863611.08124539
2784,585624.73253645,4863808.92876456
2785,582468.165298697,4861785.48822754
2786,533725.731029125,4863161.42779272
2787,571424.676501089,4863170.42086177
2788,552656.141386588,4863476.18520959
2789,554202.949263777,4862990.5594807
2790,514732.369188288,4863512.1574858
2791,582423.19995343,4863530.14362391
2792,582719.971232193,4863530.14362391
2793,538186.293279625,4863575.10896917
2794,537607.536133813,4862213.70528284
2795,561037.681744381,4863683.02579782
2796,570210.612178877,4863727.99114308
2797,568214.150849016,4863826.91490267
2798,516135.287960623,4863835.90797172
2799,557476.426399225,4863934.83173131
2800,557899.100644736,4861272.8832915
2801,549364.678113034,4863943.82480036
2802,540821.262512279,4864141.67231954
2803,555488.958138417,4864186.63766481
2804,554274.893816205,4863934.83173131
2805,574014.680388476,4864240.59607913
2806,521243.351182969,4864258.58221723
2807,525909.79121349,4863799.83018855
2808,513239.519725419,4864339.51983872
2809,514948.20284557,4866219.07127088
2810,554059.060158922,4864375.49211493
2811,585939.48995332,4864924.06932719
2812,559724.693662581,4864987.02081056
2813,531531.422180089,4865175.87526068
2814,531045.796451204,4865346.7435727
2815,580111.981206699,4865220.84060595
2816,544454.462409863,4865418.68812513
2817,544886.129724427,4865112.92377731
2818,519831.439341581,4865571.57029903
2819,526182.693830632,4866018.09299181
2820,587774.076040219,4865679.48712768
2821,587872.999799806,4865544.59109187
2822,551549.993893016,4865688.48019673
2823,552107.564174329,4867487.09400741
2824,550983.430542651,4868404.38705086
2825,550156.068189735,4868907.99891786
2826,548807.107831721,4867729.90687186
2827,548150.613790821,4867442.12866215
2828,547817.870235844,4867037.44055474
2829,584320.737523703,4865913.30692307
2830,583412.437549307,4864681.25646275
2831,513221.533587312,4866030.21682076
2832,516369.107756012,4866066.18909697
2833,590364.079927606,4866246.05047804
2834,540533.484302569,4866246.05047804
2835,540452.546681088,4866416.91879006
2836,539670.14967344,4866677.71779261
2837,537853.549724648,4865958.27226833
2838,535101.670594299,4863808.92876456
2839,531555.15495467,4856464.22645576
2840,548501.343483905,4866443.89799722
2841,582935.804889475,4866470.87720438
2842,568897.624097076,4866623.75937829
2843,563996.401462959,4863745.97728119
2844,571937.281437134,4866668.72472355
2845,571532.59332973,4869978.17413521
2846,569455.194378389,4869618.45137308
2847,566991.09345775,4869942.201859
2848,565929.911309446,4869699.38899456
2849,549778.359289491,4866704.69699977
2850,552997.878010618,4867010.46134758
2851,578583.159467617,4867073.41283096
2852,574347.423943453,4869663.41671834
2853,532295.83304963,4867109.38510717
2854,557935.072920949,4867118.37817622
2855,558537.608547529,4868323.44942938
2856,558564.587754689,4868359.4217056
2857,558366.740235514,4868979.94347028
2858,556262.362077012,4870769.56421192
2859,555875.660107715,4870949.42559298
2860,554086.039366083,4870517.75827842
2861,553087.808701152,4869996.16027332
2862,550605.721642407,4869006.92267744
2863,550192.040465949,4868952.96426312
2864,538653.932870403,4867127.37124528
2865,559248.06100275,4867433.13559309
2866,558546.601616582,4867729.90687186
2867,554814.47795941,4868026.67815062
2868,530686.073689067,4868143.58804831
2869,530119.510338701,4869582.47909686
2870,528680.619290153,4869798.31275415
2871,525914.897698052,4867976.35221131
2872,555722.777933806,4868350.42863654
2873,551514.021616803,4868368.41477465
2874,567800.469672558,4868638.20684625
2875,567251.892460299,4869753.34740888
2876,534490.141898666,4868683.17219152
2877,534499.13496772,4868647.19991531
2878,534687.989417842,4867217.30193581
2879,543456.231744932,4868764.109813
2880,539616.191259119,4868800.08208921
2881,540101.816988004,4867855.80983861
2882,512654.970236946,4868979.94347028
2883,514273.722666563,4871408.07211471
2884,516090.322615355,4872496.23347017
2885,518374.562154926,4873179.70671823
2886,518662.340364635,4873044.81068243
2887,519624.598753352,4872397.30971059
2888,569877.8686239,4869141.81871324
2889,567377.795427047,4869339.66623242
2890,560471.118394016,4869339.66623242
2891,560246.29166768,4870310.91769019
2892,514318.68801183,4869393.62464674
2893,550866.520644956,4869474.56226822
2894,576694.614966397,4869618.45137308
2895,575669.405094306,4870553.73055463
2896,574608.222946002,4870005.15334237
2897,521297.309597289,4869834.28503036
2898,534364.238931918,4870122.06324007
2899,565929.911309446,4870256.95927587
2900,574464.333841147,4870373.86917356
2901,561154.591642076,4870418.83451883
2902,560417.159979695,4870436.82065694
2903,555102.25616912,4871219.21766459
2904,576316.906066153,4871291.16221701
2905,517727.061183079,4871318.14142417
2906,552008.640414741,4871417.06518376
2907,549940.234532453,4870724.59886665
2908,538420.113075014,4871444.04439092
2909,537754.62596506,4871821.75329117
2910,536873.305197824,4871183.24538837
2911,511207.086119345,4871776.7879459
2912,512124.379162794,4873899.15224251
2913,512601.011822626,4874960.33439081
2914,513949.97218064,4875499.91853402
2915,515424.835505402,4875481.93239591
2916,516935.671106378,4875787.69674373
2917,517007.615658805,4875724.74526035
2918,519228.903715001,4872226.44139857
2919,541729.562486675,4872325.36515816
2920,562404.628240502,4872424.28891775
2921,562908.240107494,4873269.63740877
2922,562593.482690624,4874177.93738316
2923,558960.28279304,4874150.958176
2924,556208.403662691,4873854.18689724
2925,516108.308753462,4872451.26812491
2926,568142.206296588,4872478.24733207
2927,565255.431130439,4875185.16111715
2928,522277.554124113,4872855.95623231
2929,522304.533331273,4872855.95623231
2930,523766.59677485,4873172.921259
2931,525308.35893858,4872424.29111469
2932,524838.4446909,4870969.23754676
2933,532035.034047081,4873368.56116836
2934,531342.567729967,4872891.92850852
2935,512187.330646168,4873485.47106605
2936,552125.550312436,4873539.42948037
2937,550201.033535002,4871659.8780482
2938,564320.151948882,4873548.42254942
2939,540290.671438126,4873872.17303535
2940,540029.872435577,4873980.08986399
2941,539031.641770647,4873206.68592539
2942,535632.261668451,4873944.11758777
2943,535731.185428039,4873062.79682054
2944,536603.513126221,4871605.91963388
2945,536927.263612145,4874159.95124506
2946,554913.401718998,4874168.94431411
2947,555974.583867302,4874492.69480003
2948,556055.521488783,4874105.99283074
2949,543753.003023696,4874267.8680737
2950,546792.660363754,4871264.18300985
2951,558879.345171559,4874357.79876423
2952,531090.761796471,4874492.69480003
2953,530865.935070135,4873503.45720416
2954,526549.261924491,4874519.67400719
2955,526108.601540873,4873881.1661044
2956,538617.960594189,4874627.59083584
2957,515047.126605158,4874717.52152637
2958,556622.084839149,4874879.39676933
2959,511404.93363852,4874879.39676933
2960,520721.75317787,4874906.37597649
2961,530137.496476808,4875041.27201229
2962,547107.417780624,4875086.23735756
2963,547161.376194944,4875095.23042661
2964,526171.553024247,4875149.18884093
2965,534616.044865414,4875230.12646241
2966,513887.020697266,4875517.90467212
2967,565642.133099736,4875535.89081023
2968,540560.463509729,4875877.62743426
2969,523801.986823442,4856511.80615669
2970,546819.639570914,4876309.29474883
2971,528338.882666122,4876731.96899434
2972,528734.577704473,4875931.58584858
2973,552314.404762558,4877037.73334215
2974,552305.411693504,4877037.73334215
2975,551154.298854666,4877001.76106594
2976,549949.227601507,4875481.93239591
2977,549526.553355995,4877136.65710174
2978,542368.070389468,4877217.59472322
2979,542655.848599178,4878071.9362833
2980,541468.763484125,4880185.30751085
2981,539984.90709031,4882577.46387906
2982,539859.004123562,4883674.61830358
2983,539966.920952203,4885662.08656439
2984,538914.731872952,4886912.12316282
2985,538842.787320525,4886939.10236998
2986,538285.217039212,4887523.65185845
2987,537251.014098068,4888890.59835457
2988,536963.235888359,4889052.47359753
2989,535578.303254131,4890347.47554122
2990,534840.87159175,4891219.80323941
2991,533159.167678759,4890734.17751052
2992,532286.839980577,4890671.22602715
2993,530847.948932028,4890113.65574584
2994,530290.378650716,4889933.79436477
2995,528392.841080443,4888764.69538782
2996,526935.963893788,4887613.58254898
2997,527502.527244154,4886210.66377665
2998,526864.01934136,4883009.13119363
2999,526648.185684078,4882928.19357215
3000,525425.128292812,4883476.77078441
3001,524669.710492324,4882082.84508113
3002,524274.015453974,4881678.15697372
3003,524148.112487226,4881381.38569496
3004,523374.708548631,4879753.64019629
3005,522682.242231517,4878692.45804798
3006,522286.547193166,4876156.41257492
3007,552925.933458191,4877298.5323447
3008,559284.033278963,4877334.50462092
3009,556900.869979805,4878224.81845721
3010,556595.105631989,4878107.90855951
3011,562395.635171449,4877343.49768997
3012,559266.047140856,4877910.06104034
3013,537143.097269427,4877505.37293293
3014,537107.124993213,4879115.1322935
3015,537394.903202923,4880760.86393027
3016,538339.175453533,4881291.45500442
3017,539265.461566036,4881381.38569496
3018,522151.651157365,4877505.37293293
3019,545065.991105496,4877577.31748536
3020,544976.060414962,4878233.81152626
3021,543321.335709131,4877955.0263856
3022,551190.271130879,4877631.27589968
3023,524822.592666233,4877694.22738305
3024,525128.357014049,4879483.84812469
3025,524669.710492324,4880697.9124469
3026,533294.06371456,4877748.18579737
3027,532619.583535553,4878179.85311194
3028,529022.355914183,4876516.13533705
3029,543465.224813986,4877811.13728075
3030,539211.503151715,4877847.10955696
3031,546693.736604166,4877964.01945466
3032,535830.109187627,4878053.95014519
3033,526000.684712232,4878080.92935235
3034,559571.811488673,4878125.89469762
3035,529633.884609816,4878215.82538815
3036,529427.044021587,4877982.00559276
3037,513896.013766319,4878719.43725514
3038,514858.272155036,4878944.26398148
3039,517277.407730408,4878881.31249811
3040,529355.09946916,4879133.1184316
3041,533114.202333492,4879151.10456971
3042,550317.943432697,4879312.97981267
3043,549454.608803568,4881435.34410928
3044,548411.412793371,4882055.86587397
3045,545749.464353556,4882577.46387906
3046,545650.540593969,4882649.40843149
3047,534508.128036773,4879519.8204009
3048,535191.601284834,4880023.43226789
3049,559400.943176658,4879591.76495333
3050,556963.821463179,4879178.08377687
3051,520335.051208573,4879717.66792008
3052,521701.997704694,4879492.84119374
3053,562431.607447663,4879852.56395588
3054,561999.940133098,4880850.79462081
3055,559203.095657482,4881660.17083562
3056,557998.024404323,4881012.66986377
3057,557026.772946553,4879205.06298403
3058,514885.251362196,4879915.51543925
3059,543069.529775635,4880032.42533694
3060,542502.966425269,4880248.25899423
3061,534714.968625002,4880329.19661571
3062,542754.772358765,4880563.0164111
3063,554463.748266327,4880751.87086122
3064,529885.690543312,4880985.69065661
3065,527637.423279955,4881471.31638549
3066,562692.406450212,4881138.57283052
3067,525542.038190507,4881201.52431389
3068,520703.767039763,4881327.42728064
3069,520982.55218042,4881138.57283052
3070,518095.77701427,4881336.42034969
3071,519543.661131871,4883153.02029848
3072,521135.434354328,4882667.3945696
3073,557773.197677988,4881516.28173076
3074,551720.862205032,4881534.26786887
3075,550263.985018376,4881615.20549035
3076,545803.422767877,4881687.15004278
3077,524300.994661134,4881696.14311183
3078,522934.048165013,4881956.94211438
3079,525766.864916842,4882109.82428829
3080,559967.506527024,4882163.78270261
3081,559805.631284062,4882118.81735734
3082,531054.789520257,4882370.62329084
3083,527898.222282505,4881444.33717833
3084,554382.810644846,4882379.61635989
3085,555138.228445334,4884681.84203757
3086,555390.03437883,4886201.6707076
3087,555201.179928708,4886993.0607843
3088,555048.297754799,4887451.70730602
3089,553186.73246074,4889583.06467168
3090,552898.95425103,4889834.87060518
3091,550416.867192285,4890302.51019596
3092,549265.754353446,4890985.98344402
3093,548924.017729416,4891210.81017035
3094,547377.209852227,4892586.74973553
3095,546468.90987783,4892982.44477388
3096,546127.1732538,4893441.0912956
3097,545398.734660473,4894250.46751041
3098,544769.219826733,4895023.87144901
3099,541091.054583881,4895527.483316
3100,540515.498164462,4893468.07050276
3101,541037.096169561,4892757.61804754
3102,541091.054583881,4890527.33692229
3103,540695.359545531,4889097.4389428
3104,534112.432998422,4882604.44308622
3105,534121.426067476,4882568.47081001
3106,533213.12609308,4882676.38763865
3107,563906.470772424,4882811.28367445
3108,562791.3302098,4883287.91633429
3109,527043.880722429,4882910.20743404
3110,529148.258880931,4882946.17971026
3111,540119.803126111,4883485.76385346
3112,550713.638471048,4883899.44502992
3113,558069.968956751,4884079.30641099
3114,557917.086782842,4884834.72421147
3115,556208.403662691,4885832.95487641
3116,556055.521488783,4886075.76774085
3117,518140.742359537,4884501.9806565
3118,563151.052971937,4884591.91134703
3119,553888.191846907,4884753.78658999
3120,546504.882154044,4885032.57173065
3121,549031.934558057,4885050.55786876
3122,533357.015197934,4885050.55786876
3123,535092.677525246,4886066.77467179
3124,537754.62596506,4885904.89942883
3125,537394.903202923,4885185.45390456
3126,525506.065914293,4885563.1628048
3127,525263.253049851,4884277.15393016
3128,555785.72941718,4885572.15587386
3129,558429.691718888,4886003.82318842
3130,557926.079851896,4884834.72421147
3131,529409.05788348,4886057.78160274
3132,534912.816144177,4886426.49743393
3133,521809.914533335,4886651.32416027
3134,523176.861029456,4885671.07963344
3135,554679.581923609,4886678.30336743
3136,562971.191590868,4886696.28950553
3137,561802.092613923,4886822.19247228
3138,545290.817831832,4886723.26871269
3139,544607.344583771,4886804.20633417
3140,519588.626477138,4886813.19940323
3141,562125.843099846,4887002.05385335
3142,551810.792895566,4887127.9568201
3143,544949.081207801,4887316.81127022
3144,531027.810313097,4887325.80433927
3145,531369.546937127,4888153.16669219
3146,556406.251181867,4887730.49244668
3147,556082.500695943,4887505.66572034
3148,531405.519213341,4888090.21520882
3149,556082.500695943,4888216.11817556
3150,537538.792307778,4888575.8409377
3151,548231.551412302,4888593.82707581
3152,548915.024660362,4889960.77357193
3153,560264.277805787,4888746.70924972
3154,558933.30358588,4888926.57063078
3155,529489.995504961,4888782.68152593
3156,549832.317703812,4888818.65380214
3157,525065.405530675,4888827.6468712
3158,525110.370875942,4888935.56369984
3159,525649.955019148,4888935.56369984
3160,526558.254993544,4888638.79242107
3161,548150.613790821,4888845.6330093
3162,559176.116450322,4889340.25180724
3163,559185.109519376,4889250.32111671
3164,559194.102588429,4889151.39735712
3165,534580.0725892,4889349.24487629
3166,538258.237832052,4889403.20329062
3167,529606.905402656,4890041.71119341
3168,544787.20596484,4890428.41316271
3169,542475.987218109,4890446.39930081
3170,561721.154992442,4890554.31612945
3171,561028.688675328,4889915.80822666
3172,533285.070645507,4890725.18444147
3173,524741.655044752,4890779.14285579
3174,548402.419724317,4890869.07354632
3175,562737.371795479,4890967.99730591
3176,560201.326322413,4891156.85175603
3177,558411.705580781,4892047.16559232
3178,555920.625452982,4893117.34080968
3179,553051.836424939,4892658.69428796
3180,556235.382869852,4892083.13786854
3181,546118.180184747,4892316.95766393
3182,523185.854098509,4892478.83290689
3183,523122.902615135,4892343.93687109
3184,532160.937013829,4892514.8051831
3185,531621.352870623,4891957.23490179
3186,541702.583279514,4892892.51408334
3187,552557.217627,4893243.24377643
3188,525928.740159804,4893477.06357182
3189,525488.079776186,4892110.1170757
3190,547053.459366303,4893710.88336721
3191,532304.826118684,4893863.76554111
3192,531117.741003631,4892307.96459487
3193,523113.909546082,4894169.52988893
3194,523338.736272417,4894124.56454366
3195,523554.569929699,4892901.5071524
3196,537188.062614694,4894178.52295798
3197,536963.235888359,4893387.13288128
3198,525047.419392568,4894799.04472267
3199,523860.334277516,4895401.58034925
3200,523977.244175211,4894960.91996563
3201,546684.743535113,4895437.55262546
3202,551073.361233185,4895680.36548991
3203,551514.021616803,4895203.73283008
3204,538321.189315426,4895725.33083517
3205,538779.835837151,4896417.79715229
3206,539984.90709031,4895167.76055386
3207,553267.670082221,4895914.1852853
3208,540119.803126111,4896139.01201163
3209,529373.085607267,4896399.81101418
3210,529795.759852778,4893962.6893007
3211,530434.267755571,4892478.83290689
3212,532997.292435797,4896777.51991442
3213,525164.329290263,4896993.35357171
3214,524166.098625332,4895239.70510629
3215,546972.521744822,4897047.31198603
3216,543519.183228306,4897443.00702438
3217,543276.370363864,4897425.02088627
3218,537673.688343579,4897640.85454355
3219,538896.745734845,4897128.24960751
3220,534894.83000607,4897928.63275326
3221,522349.49867654,4897964.60502948
3222,522367.484814647,4896597.65853336
3223,520559.877934908,4898162.45254865
3224,548636.239519706,4898854.91886577
3225,545263.838624671,4899781.20497827
3226,544679.289136198,4900006.03170461
3227,544283.594097848,4899502.41983761
3228,544454.462409863,4899385.50993992
3229,539535.253637639,4898980.82183251
3230,539193.517013608,4897640.85454355
3231,531855.172666012,4899277.59311128
3232,532008.05483992,4898666.06441564
3233,544967.067345908,4899295.57924938
3234,526917.977755681,4899421.48221613
3235,527871.243075344,4900536.62277876
3236,528464.78563287,4899826.17032354
3237,534040.488445995,4900140.92774041
3238,524274.015453974,4900212.87229283
3239,543914.878266657,4899772.21190922
3240,522106.685812098,4900392.7336739
3241,536738.409162023,4900878.35940279
3242,543276.370363864,4901480.89502937
3243,542877.226399021,4901096.02986311
3244,544643.316859985,4901714.71482476
3245,543097.187387081,4900668.95025495
3246,548150.613790821,4901750.68710097
3247,530964.858829723,4901750.68710097
3248,529732.808369404,4902020.47917257
3249,529211.210364305,4901606.79799611
3250,519570.640339032,4901849.61086056
3251,519768.487858207,4905060.13651263
3252,519327.827474589,4906597.95132077
3253,524004.223382371,4911670.0422669
3254,527043.880722429,4911310.31950476
3255,527520.513382261,4910608.86011859
3256,528554.716323405,4907479.272088
3257,529239.593808917,4903934.61602747
3258,521396.233356877,4902389.19500376
3259,524669.710492324,4904880.27513156
3260,529307.287035127,4904368.29204744
3261,525353.183740385,4903018.7098375
3262,533204.133024026,4903162.59894236
3263,532925.34788337,4904223.78109066
3264,537277.993305228,4903261.52270195
3265,539463.309085211,4904079.89198581
3266,540565.904749897,4902226.6605439
3267,543231.819940814,4900407.54563587
3268,518806.22946949,4903387.42566869
3269,535101.670594299,4903576.28011882
3270,544688.282205252,4903864.05832853
3271,540191.747678539,4903900.03060474
3272,540059.306661218,4903224.62774424
3273,549526.553355995,4904115.86426202
3274,548393.426655264,4904970.2058221
3275,547799.884097737,4904610.48305996
3276,539166.537806448,4904241.76722877
3277,539301.433842249,4904223.78109066
3278,517502.234456743,4904349.68405741
3279,518419.527500193,4906103.33252283
3280,518563.416605048,4906373.12459443
3281,518959.111643399,4906445.06914686
3282,521881.859085762,4905024.16423642
3283,528457.509215871,4906467.95897769
3284,523536.583791593,4905141.07413411
3285,517187.477039873,4905500.79689625
3286,537143.097269427,4906004.40876324
3287,539067.61404686,4904790.34444103
3288,549508.567217889,4906346.14538727
3289,518311.610671552,4906436.0760778
3290,544337.552512168,4906534.99983739
3291,542691.820875391,4905150.06720317
3292,522952.03430312,4906552.9859755
3293,533339.029059828,4906948.68101385
3294,532835.417192836,4907587.18891664
3295,531846.179596959,4907164.51467113
3296,530076.969906739,4906564.43164482
3297,516872.719623004,4907083.57704965
3298,541675.604072354,4907515.24436422
3299,541576.680312766,4907371.35525936
3300,541999.354558277,4906552.9859755
3301,536405.665607046,4907542.22357138
3302,539274.454635089,4907614.1681238
3303,516647.892896668,4907677.11960718
3304,518491.47205262,4909592.64331556
3305,544094.739647726,4908297.64137186
3306,547170.369263998,4908801.25323886
3307,515622.683024577,4908855.21165318
3308,516852.370121378,4910430.99433266
3309,533491.911233736,4909026.07996519
3310,533168.160747812,4908900.17699844
3311,540848.241719439,4909053.05917235
3312,526792.074788933,4909223.92748437
3313,533527.88350995,4909862.43538716
3314,530650.101412853,4910581.88091144
3315,531054.789520257,4910321.08190889
3316,515748.585991325,4910932.61060452
3317,515901.468165233,4910950.59674263
3318,517244.472308279,4910516.99571117
3319,525038.426323515,4911121.46505464
3320,525793.176448088,4912715.24167357
3321,515856.502819966,4911562.12543826
3322,516027.371131981,4911571.11850731
3323,513419.381106488,4912623.30758656
3324,514948.20284557,4913216.85014409
3325,531018.817244044,4913036.98876302
3326,519948.349239275,4913270.80855841
3327,520279.513529869,4911852.63952354
3328,529202.217295251,4913396.71152516
3329,528194.993561268,4912326.5363078
3330,518545.430466941,4915132.37385247
3331,528186.000492214,4915159.35305963
3332,528329.889597069,4915123.38078342
3333,521387.240287824,4915905.77779106
3334,522466.408574235,4915869.80551485
3335,528383.84801139,4916409.38965806
3336,525847.802538323,4916841.05697262
3337,524148.553157311,4915211.19742551
3338,524363.946144508,4920591.1667679
3339,524256.029315867,4920501.23607736
3340,524067.174865745,4920249.43014387
3341,524112.140211012,4917389.63418488
3342,528203.986630321,4921139.74398016
3343,528087.076732627,4922102.00236887
3344,523662.486758341,4922057.03702361
3345,523689.465965501,4921625.36970904
3346,523680.472896447,4921337.59149933
3347,528941.418292702,4922102.00236887
3348,521719.9838428,4923010.30234327
3349,529400.064814427,4924179.40132022
3350,527646.416349009,4923981.55380104
3351,526036.656988445,4923765.72014376
3352,525335.197602278,4923900.61617956
3353,526576.241131651,4924269.33201075
3354,530308.364788823,4924736.97160153
3355,523383.701617684,4924835.89536112
3356,571944.569005083,4848885.58230902
3357,572647.733892355,4848601.64899522
3358,538841.870778711,4853014.39231666
3359,534247.329034224,4847126.78567046
3360,533773.418853128,4846520.92184381
3361,523969.446502543,4837301.34321685
3362,523671.479827394,4837099.51367589
3363,523491.430510557,4836384.79878219
3364,523576.936342521,4836776.03400651
3365,523523.459969828,4836634.54910854
3366,524937.172256522,4836257.18971838
3367,564940.673713569,4836020.34538948
3368,517128.457457565,4822746.29136392
3369,516863.870955832,4822141.86328354
3370,517100.277983257,4823320.09610725
3371,517137.11484011,4822890.1434918
3372,516582.518045501,4822480.48751088
3373,516542.613718054,4822080.39962399
3374,516861.476274791,4822128.00871708
3375,516548.43456303,4821878.9190127
3376,517095.838979413,4822332.96075578
3377,517154.373571308,4822408.8908743
3379,516730.464533253,4822627.32760196
3380,516705.435265304,4822625.75487891
3381,517519.728043523,4825729.71970789
3382,517454.505068967,4825699.46711979
3383,516979.524431149,4823949.91492458
3384,516986.546938791,4823938.3602251
3385,518724.157385518,4827187.48368012
3386,518651.914350269,4827037.72782003
3387,518666.847111279,4826983.53466325
3388,518622.418107449,4826798.2727845
3389,517462.536878861,4825463.10692497
3390,517445.169065139,4825266.01833769
3391,516993.380462632,4823963.18835526
3392,517455.915476815,4825163.52272767
3393,517656.591305029,4826150.79806579
3394,517583.951356349,4825909.10978656
3395,517900.327301884,4824833.84458954
3396,517155.245428051,4822786.39315174
3397,517226.056194599,4823531.80195677
3398,517132.011966124,4823436.07186898
3399,516668.186134649,4822551.26701788
3400,517808.444234292,4826250.30255895
3401,517224.013107523,4824078.36804875
3403,517338.846873925,4822744.5656669
3404,517235.590404868,4822699.3427898
3406,517935.278184911,4826957.76388674
3407,519009.344243276,4827379.36262553
3408,517625.099860553,4823168.316183
3410,517733.292920495,4821622.44700451
3411,517697.706768632,4821568.95561372
3412,518454.004067908,4821917.55336878
3413,518325.614709987,4821873.2644653
3415,517086.606958819,4821503.50537992
3416,518193.009451328,4822104.32411477
3417,517945.956434072,4821623.39676375
3419,518253.334571978,4821740.25671997
3420,524464.171681766,4826393.99702612
3421,523615.014126927,4825118.63722892
3423,524955.413583798,4828102.0367873
3424,531779.079731066,4830198.41965294
3425,531402.206673746,4830078.56720238
3426,531998.155169217,4830182.5446212
3428,531679.596198768,4830096.02569816
3430,514991.229045278,4824360.58895053
3432,513251.470556695,4820930.18777281
3433,512018.096896367,4820208.05359096
3434,513462.403974499,4821461.51915452
3435,513794.150656433,4823183.11982679
3436,513999.970133202,4825795.41767095
3437,513301.037485489,4824793.31460121
3438,514830.451580813,4827949.50229418
3439,511075.30783103,4827343.46155223
3440,513131.424971238,4824572.17854236
3441,510328.57773652,4826016.18208673
3442,512378.282909888,4821791.10186317
3443,508446.298943629,4823118.13313782
3444,512317.304031477,4820874.81397582
3445,511712.71541286,4819897.17278842
3446,514190.263069688,4824380.8450472
3447,515950.957177215,4823382.38540831
3448,513849.551497467,4820243.07449045
3449,510913.605643164,4816666.8975707
3450,510675.785704387,4816502.13481064
3451,510439.695023097,4816410.24490472
3452,510796.670895242,4818497.00356209
3453,513653.506415233,4820845.96210044
3454,511441.400029012,4818937.3690058
3455,511371.940285652,4818886.42725569
3458,510125.498890001,4813775.88858121
3459,510063.162712903,4813333.88123351
3460,510326.503944759,4815844.1170941
3462,510329.151761353,4815702.18873681
3463,510427.470073203,4814326.94671937
3464,510524.534637416,4812705.10365452
3465,510514.335486871,4812684.47992208
3466,510509.011246485,4814721.71278678
3467,510714.287589163,4813291.75075963
3468,510628.210724837,4813113.22744115
3469,510292.740454486,4813340.68435632
3470,510418.632618995,4812680.89053034
3471,510433.99991293,4813769.61461829
3472,510525.189370014,4813473.18761161
3474,510477.534313693,4815514.28554584
3476,510137.42364101,4812799.02747385
3478,510932.227593755,4811547.50676303
3479,511009.843551938,4811182.3308843
3480,511000.943686008,4812006.00906688
3481,510737.937092937,4812408.94607296
3482,511302.660538889,4813764.5233846
3483,511060.15359909,4813547.00993646
3484,511090.152973555,4813767.0205482
3485,511258.529654229,4812606.70888855
3486,511277.657189025,4812593.49514044
3487,511118.746891976,4812707.70928808
3488,511181.194511235,4812661.1239793
3489,511125.167746812,4813267.00689232
3490,511245.625053756,4814017.52896558
3491,511053.545300325,4812694.68967252
3492,510993.561654321,4812553.91100668
3493,511429.124155398,4813875.09141187
3494,511352.122897865,4813797.21319493
3495,511760.613303492,4814849.61179381
3496,511679.128830843,4814526.65422882
3497,512024.292849411,4815533.15973376
3498,511979.585563728,4815215.24609262
3499,511251.029676889,4812612.04167937
3500,511962.961972182,4815196.5587458
3501,511917.398290613,4815152.36559816
3502,511322.039901063,4812544.63755457
3503,510940.718829178,4812563.85719201
3505,511423.53255478,4814263.08893223
3506,511889.145461656,4815079.50587833
3510,512307.896099937,4810827.60910255
3511,512375.206006545,4810831.98214561
3512,512217.036985927,4810206.35150432
3513,512525.230419872,4810001.97178552
3514,512610.856143171,4812529.59445571
3515,512600.635766211,4812391.84146995
3516,512725.659563129,4810908.43513474
3517,512520.216644315,4810766.98515988
3518,512977.082715208,4809769.5133394
3519,512881.415486683,4808949.46453358
3520,512369.953724958,4810978.10195539
3521,512373.920899958,4810842.11274042
3522,512720.229869236,4810226.98372998
3524,512469.391895565,4811151.75492443
3526,512256.139659684,4811441.80359308
3527,512575.523113478,4811307.2571371
3528,512726.849527803,4810938.11935482
3529,512609.291769773,4812045.76472697
3530,512132.472788445,4812234.25744821
3531,512552.611485575,4811344.5075588
3532,515095.814897215,4806162.96298413
3533,515707.341300308,4805389.07794446
3534,514265.572346067,4808156.96209036
3535,516674.511117698,4815653.25901122
3537,520903.338198263,4821154.61198897
3539,513165.471464413,4816074.05443005
3540,512876.806071073,4814794.08192033
3541,513751.890596133,4809315.93213273
3542,513768.245946022,4812439.10490198
3543,513797.757351088,4811606.59190373
3544,513713.527078462,4811591.00460693
3546,513615.368676331,4811725.25974139
3547,513663.733073195,4811809.50628991
3548,513631.983009695,4811785.03228263
3549,516916.950413017,4809825.10968223
3550,520959.250792756,4816900.81617489
3551,520599.42254401,4816166.24772965
3552,521306.443033396,4815365.29183162
3553,524194.626352688,4913438.97939972
3554,524909.535564405,4913892.10726664
3555,523598.216233799,4916165.15380229
3556,518597.205020786,4910813.6961171
3557,529529.920226107,4905794.58950115
3558,528596.468359203,4906270.84045366
3559,524448.173903682,4871579.66108574
3560,524795.613459072,4873224.6720635
3561,536918.270543091,4861542.6753631
3562,522610.29767909,4852279.81423807
3563,497554.885556915,4779165.30047908
3564,495517.003765628,4779473.79224066
3565,493733.500673748,4781580.93877384
3566,497069.981567358,4781423.42316612
3567,540339.662872926,4831487.68606288
